t,c,oi,sv,sbv
1761926400,2.5423,198758556.4,,
1761940800,2.5081,195349238,,
1761955200,2.5149,196194967.2,,
1761969600,2.505,196389625.6,,
1761984000,2.4992,198224584.3,,
1761998400,2.5004,199835585,,
1762012800,2.505,200250934.2,6576,2659
1762027200,2.5043,199561089.8,3864,1674
1762041600,2.5056,200671278.8,6071,2251
1762056000,2.5337,199654239.3,7105,3715
1762070400,2.5408,201331961.9,12419,6409
1762084800,2.4987,203678175.1,10494,4800
1762099200,2.4874,205003072.4,8115,3849
1762113600,2.5253,205400583.7,7350,3719
1762128000,2.4285,206188332.1,20145,8803
1762142400,2.4123,206835457.8,20400,10139
1762156800,2.4007,205923186.3,21986,10296
1762171200,2.327,207825093.3,46656,21939
1762185600,2.323,206142572,30380,14758
1762200000,2.308,202215926.3,34956,18501
1762214400,2.355,202022149.8,25716,15752
1762228800,2.2426,208907539.5,55377,28005
1762243200,2.2794,206453003.2,38224,18455
1762257600,2.2818,205047517.3,40851,19565
1762272000,2.1686,204393282.7,78940,38408
1762286400,2.2039,199946434,107440,52490
1762300800,2.2362,195785169.6,54596,25908
1762315200,2.2453,193602502,26976,13664
1762329600,2.2354,190630246.6,20753,10119
1762344000,2.275,190221424.6,40306,19760
1762358400,2.3208,198255403.4,32660,16105
1762372800,2.342,191695579.3,32535,15837
1762387200,2.3576,190786722.7,32806,15802
1762401600,2.3249,188908133.5,17770,8823
1762416000,2.299,190814739.4,22583,10361
1762430400,2.2331,188619491.1,34212,17059
1762444800,2.2102,190208660.6,37167,17868
1762459200,2.2117,191060796.6,27967,15781
1762473600,2.2278,190850290.5,21760,10960
1762488000,2.232,191648840.8,13483,6684
1762502400,2.1868,192634556.9,23321,10540
1762516800,2.2113,193155292.8,34422,17497
1762531200,2.3521,189136598,55140,28293
1762545600,2.3149,193317324.7,29878,16146
1762560000,2.3175,194004375,23072,11427
1762574400,2.3214,193838105.3,15458,5750
1762588800,2.2946,191242193,9452,4486
1762603200,2.255,192701455.5,16039,7912
1762617600,2.2717,191166341,11357,5839
1762632000,2.2854,189345850.4,8124,3915
1762646400,2.253,193002796.4,10339,4575
1762660800,2.2945,191538402.5,9414,4083
1762675200,2.2736,188786206.5,10456,4555
1762689600,2.3132,187348508.6,23642,11936
1762704000,2.3476,184149286.4,12664,6005
1762718400,2.3649,183392604.5,19399,8765
1762732800,2.4604,187263775,41449,19674
1762747200,2.4793,192279754.1,24016,11598
1762761600,2.5401,203875275.1,38714,19318
1762776000,2.5291,206045521.8,39610,17718
1762790400,2.548,214823154.2,26908,13441
1762804800,2.525,209762728.7,26782,11583
1762819200,2.5289,210407545.9,23453,13070
1762833600,2.4467,213725348.7,32159,14534
1762848000,2.4587,211145713.2,13907,6929
1762862400,2.4357,205968404.5,22252,10141
1762876800,2.4149,208022815.7,15781,7558
1762891200,2.3903,202487858.4,18964,9683
1762905600,2.3978,197913193.8,16414,9528
1762920000,2.3722,200632621.2,16703,9295
1762934400,2.4366,201083575.4,23621,13487
1762948800,2.3677,201255115.3,30292,14717
1762963200,2.3363,191990985.7,32668,16708
1762977600,2.3864,192206713.4,21462,10773
1762992000,2.4824,203961961,33582,17669
1763006400,2.4863,201923297.6,40230,18399
1763020800,2.4939,204497394,28282,12797
1763035200,2.4331,214641006,51964,23900
1763049600,2.3135,213986218.4,62316,30690
1763064000,2.3211,204592280.3,51875,27912
1763078400,2.3135,201764997,26323,14062
1763092800,2.306,195877197.9,41078,20120
1763107200,2.2678,192226106.2,26280,12856
1763121600,2.3113,200575251.7,74723,37135
1763136000,2.3107,205638962.4,29253,14933
1763150400,2.2432,202487072.7,22722,11587
1763164800,2.2934,204919141.9,13427,6852
1763179200,2.2842,205620059.7,15050,7669
1763193600,2.2565,208915398,14188,7117
1763208000,2.2535,213290624.4,13970,7895
1763222400,2.2551,213408873.8,13198,6513
1763236800,2.2358,213031043.5,14630,7230
1763251200,2.2489,207994214,21988,10763
1763265600,2.2659,208953160.4,10892,4792
1763280000,2.2342,208323291.5,12593,6150
1763294400,2.1855,211566162.2,25304,13387
1763308800,2.2154,204849238.3,32734,15626
1763323200,2.2137,208195974.3,22743,10819
1763337600,2.2564,209943270,21296,11836
1763352000,2.263,209170103.8,15246,7762
1763366400,2.2707,212299596.1,15811,8351
1763380800,2.2081,214118115.1,64001,29301
1763395200,2.1258,211381141.3,65545,28681
1763409600,2.1622,211100967.4,31992,17032
1763424000,2.1641,208281201.7,41929,20307
1763438400,2.1601,209599561.1,28646,12950
1763452800,2.1828,209589949.7,29873,14098
1763467200,2.2122,215092661.3,46266,19749
1763481600,2.2271,213602586.6,24093,10224
1763496000,2.2162,212333036.3,17069,8021
1763510400,2.1838,210357137.9,17149,8983
1763524800,2.1671,210428756.5,30012,16934
1763539200,2.13,219914239.9,22423,10555
1763553600,2.0849,227893166.7,42236,19704
1763568000,2.036,221796830.4,66461,23052
1763582400,2.1082,229811344.8,59365,22253
1763596800,2.133,225244053.5,24644,12833
1763611200,2.139,219330767,22455,9886
1763625600,2.115,217952472.8,22035,8251
1763640000,2.0848,220722996.1,48587,18267
1763654400,2.0058,236869983,128317,48263
1763668800,1.9989,229905083.3,49193,18859
1763683200,1.9789,224085428,35514,15613
1763697600,1.9181,213442143.1,63446,30294
1763712000,1.8749,215231583.9,69105,32668
1763726400,1.9102,219889532.4,99218,49346
1763740800,1.9469,219146834,48938,24237
1763755200,1.95,208515353,32817,13899
1763769600,1.9478,208645494,15708,7218
1763784000,1.952,209845827.6,15205,7260
1763798400,1.916,210707929.8,22167,10956
1763812800,1.9283,206217306.7,16663,8070
1763827200,1.9266,206761541.4,12831,6086
1763841600,1.9497,205463007.8,9934,4892
1763856000,2.029,211394619.7,31733,17053
1763870400,2.0251,206690221.7,31162,14517
1763884800,2.0299,206703441.7,12230,5862
1763899200,2.0614,209970790.9,24428,11842
1763913600,2.0733,212679078.2,18885,9031
1763928000,2.0477,210753103.4,17578,9615
1763942400,2.0852,213790396,26455,13689
1763956800,2.0619,219909045.8,18880,8244
1763971200,2.0576,220393902.9,18073,8833
1763985600,2.0897,223174009.3,36056,16432
1764000000,2.2338,229036458.3,63982,29678
1764014400,2.227,227489498.8,45919,21889
1764028800,2.242,232059358.7,23417,11520
1764043200,2.2158,234728160.3,15950,6983
1764057600,2.1948,236860321.3,31246,13162
1764072000,2.1871,236258772.6,37703,17887
1764086400,2.1711,233758597.4,23551,11392
1764100800,2.201,229456603.9,23031,10728
1764115200,2.1756,228535942.3,11892,6045
1764129600,2.2045,227705208.3,9531,4729
1764144000,2.1698,233025628.5,13529,6025
1764158400,2.1713,231848808.5,28625,14272
1764172800,2.2316,230460187.6,34033,16064
1764187200,2.222,229303992.1,12568,5456
1764201600,2.209,230100069.6,15307,7780
1764216000,2.2037,232085334.4,13992,7890
1764230400,2.1881,234843019,13470,7696
1764244800,2.2014,238137035.8,16136,9030
1764259200,2.2226,237061127,13644,6243
1764273600,2.1989,235397392.8,10138,3887
1764288000,2.1844,237183030.3,14628,7260
1764302400,2.1959,234170219.4,13468,6532
1764316800,2.1955,237240216.6,29200,14512
1764331200,2.2444,240134518.5,37358,18043
1764345600,2.1865,240393175.4,33741,16722
1764360000,2.1782,241476023.4,12351,5299
1764374400,2.1845,240875150.8,5448,2544
1764388800,2.1786,240201098.1,7569,2880
1764403200,2.21,239423461,8033,3507
1764417600,2.2174,236317246.1,17242,6564
1764432000,2.1928,234735020.5,13152,5694
1764446400,2.1998,235078225.5,5528,2246
1764460800,2.2056,234831806.3,6293,2594
1764475200,2.1981,236143202.2,3618,1818
1764489600,2.1867,238852333.7,8756,4822
1764504000,2.1952,236935390,10470,5181
1764518400,2.1981,234659401.8,5713,2718
1764532800,2.1537,238374426.9,17632,6977
1764547200,2.049,225949023.7,51193,26026
1764561600,2.0549,235735959.7,26830,14839
1764576000,2.033,239850447.3,13604,6142
1764590400,2.0064,236806221.7,33421,14902
1764604800,1.9933,231864384.4,16626,7941
1764619200,2.0286,227309921.1,32229,12499
1764633600,2.0197,224657734.6,16258,8654
1764648000,2.0161,225323093,10157,4521
1764662400,2.0353,229078164.4,13119,6143
1764676800,2.1542,233795883.2,40803,21360
1764691200,2.1731,229689927.8,29351,12227
1764705600,2.1526,231670268,22763,8189
1764720000,2.1753,231220062.4,17603,8776
1764734400,2.1907,235509278.8,25356,11677
1764748800,2.1754,233637114.1,12052,5604
1764763200,2.1681,230615700.7,23491,10921
1764777600,2.1851,230005478.3,13976,6713
1764792000,2.1965,224224340.5,19023,8911
1764806400,2.1941,227650805.4,10971,5071
1764820800,2.1715,228262967.9,14198,6404
1764835200,2.15,230774103.4,13449,6521
1764849600,2.1517,233718592.2,26109,12497
1764864000,2.0962,234219906,26013,13190
1764878400,2.0949,232044932.6,10345,5297
1764892800,2.0897,232641706.2,9335,4140
1764907200,2.092,234491632.7,8856,4796
1764921600,2.0678,238099766.3,17333,7052
1764936000,2.0748,238233776.5,19688,10297
1764950400,2.0363,235580980.5,31743,16429
1764964800,2.0333,234705965.9,8379,4348
1764979200,2.0375,231919666.2,7364,4456
1764993600,2.0292,232421794,6383,3594
1765008000,2.031,231646054.7,8042,4105
1765022400,2.0287,229876299.6,10968,4433
1765036800,2.0241,231825576,6059,2815
1765051200,2.0298,231277358.8,4753,2366
1765065600,2.067,232949445.8,6384,3146
1765080000,2.0297,233521615.3,6327,2860
1765094400,2.0325,236786793.1,5230,2223
1765108800,2.0515,231999455.6,24973,11771
1765123200,2.0862,230838978,23472,11389
1765137600,2.0426,229099043.6,17401,7902
1765152000,2.071,230470339,12411,5779
1765166400,2.0855,229949669.7,7678,3630
1765180800,2.0897,227684055.1,16102,7861
1765195200,2.0746,225707000.4,31654,13676
1765209600,2.077,221923206,10973,4806
1765224000,2.0711,219293690.3,9208,4231
1765238400,2.0687,220699487.7,7426,3666
1765252800,2.0604,221051916.2,9424,4248
1765267200,2.0679,221394654.9,6587,3301
1765281600,2.1148,222693265.6,23080,12051
1765296000,2.1323,233127295.7,48235,21739
1765310400,2.1051,231260580.3,19003,8718
1765324800,2.0821,227532984.4,9757,4691
1765339200,2.0834,225701232,12969,5525
1765353600,2.0707,227042546,19699,7314
1765368000,2.0605,231553922.3,18462,8330
1765382400,2.0674,231079399.8,33901,14487
1765396800,2.0406,227714198.3,30344,14254
1765411200,1.998,229070309.4,26077,13112
1765425600,2.0056,232973581.6,15485,8289
1765440000,2.0071,233670723.5,11010,5258
1765454400,1.9953,242362673.5,28151,13825
1765468800,2.0101,239406658.3,23736,10699
1765483200,2.033,232266229.4,18808,8716
1765497600,2.0306,229366354.8,7870,4138
1765512000,2.0363,228138910.4,5800,2854
1765526400,2.0412,227500703.8,5889,2589
1765540800,1.9768,227729716.4,28159,11719
1765555200,2.0019,232079786.2,23548,11698
1765569600,2.0063,228589792.7,6548,3299
1765584000,2.0214,226555838.8,5103,2665
1765598400,2.0277,222272896.5,9923,4986
1765612800,2.0325,221312199.5,5893,2560
1765627200,2.0291,218324974.9,10791,4094
1765641600,2.0187,217445975.2,8229,4498
1765656000,2.0215,216640936.1,4255,2144
1765670400,2.0232,217648457,3175,1645
1765684800,2.0183,218346840.7,3589,1818
1765699200,1.9998,220718915,7552,3449
1765713600,1.99,227116352.4,10433,5425
1765728000,1.987,230278000.3,6337,3228
1765742400,1.977,232743266.1,14059,7393
1765756800,1.994,230920277.3,10331,5418
1765771200,1.9942,229166292.6,5504,2731
1765785600,1.9867,230227182.7,9910,5100
1765800000,1.9239,245406219.1,39409,19386
1765814400,1.8945,254372356.7,32976,15114
1765828800,1.8965,265500211.6,17617,8410
1765843200,1.8714,264081759.4,22654,10229
1765857600,1.8743,265028066.5,13428,5880
1765872000,1.9195,264919399,13644,7329
1765886400,1.94,255452835.8,31788,14667
1765900800,1.9258,251224325.1,13274,7104
1765915200,1.9286,249231815,6495,3173
1765929600,1.9245,251217666.9,9626,4277
1765944000,1.9224,249264267.8,10836,5282
1765958400,1.9122,248343491.2,10081,5612
1765972800,1.91,242005629.1,38552,18980
1765987200,1.8639,240519750,30976,15984
1766001600,1.8614,239968022.7,11554,6068
1766016000,1.8548,244001225.6,9052,3845
1766030400,1.8403,245228733.3,13268,6942
1766044800,1.8772,240124184.6,11998,5285
1766059200,1.919,240565196.2,34208,15553
1766073600,1.8052,239771433.3,36061,16861
1766088000,1.8067,235145457,22393,11558
1766102400,1.839,235971226.2,40546,20857
1766116800,1.8665,237171806.6,21298,12056
1766131200,1.8696,233048628.1,11181,5772
1766145600,1.8746,236397563.3,34042,16944
1766160000,1.9068,229543333.1,28486,13154
1766174400,1.9082,227866030.1,9043,4078
1766188800,1.9031,225084313.9,6671,3466
1766203200,1.9131,223032872.2,5198,2608
1766217600,1.9425,226613203.5,17911,9203
1766232000,1.9204,231055307.9,13315,5292
1766246400,1.9242,227481496.4,6826,3294
1766260800,1.9323,226852685.2,3314,1748
1766275200,1.9287,228737791,8189,3808
1766289600,1.9243,229115618,3157,1321
1766304000,1.9327,229535696.9,8512,4387
1766318400,1.9037,231532120.4,18100,8797
1766332800,1.9171,228192945.1,9896,5394
1766347200,1.9211,226640115.4,5176,2414
1766361600,1.9193,223680381.7,15875,8300
1766376000,1.9263,222672525.6,9888,5074
1766390400,1.9339,222069860.7,15301,8310
1766404800,1.9334,224016864.5,16550,7498
1766419200,1.901,223166581.1,14930,7010
1766433600,1.9033,221726334.7,16185,8824
1766448000,1.8915,221395849.5,17219,9269
1766462400,1.8801,222670576.4,15411,6773
1766476800,1.9041,222390419.7,6120,3184
1766491200,1.8805,221194384.7,19576,9335
1766505600,1.8816,217848162.4,14050,6308
1766520000,1.8725,216230750.8,5419,2368
1766534400,1.8606,215943668.4,10700,5175
1766548800,1.8536,219893697.4,11524,6026
1766563200,1.868,219783631.9,7395,3677
1766577600,1.8626,215718521.3,11439,5484
1766592000,1.861,213364317.9,12912,5061
1766606400,1.8618,211231645,5924,2699
1766620800,1.8693,211939940.2,5599,2515
1766635200,1.8735,212645209.4,4909,1549
1766649600,1.858,212547102.6,8385,3788
1766664000,1.8822,212635913.1,9236,3910
1766678400,1.8722,213045969.8,6469,2518
1766692800,1.8315,217958503.9,11547,4615
1766707200,1.864,216359007.6,17215,7687
1766721600,1.8634,215570067.9,12721,5144
1766736000,1.8706,215544861.6,9967,4547
1766750400,1.8366,216194052.1,21885,9438
1766764800,1.8448,217258225.7,9495,3219
1766779200,1.8428,213283180.3,5528,2046
1766793600,1.8505,211714514.7,7275,3112
1766808000,1.8468,211506518.9,3117,1038
1766822400,1.8503,210894265.5,4292,1606
1766836800,1.8486,211545103.8,3467,1284
1766851200,1.8551,212512610.7,6552,3356
1766865600,1.8727,210624558.9,6534,3031
1766880000,1.8738,209475458.5,3523,1557
1766894400,1.8728,209969059.5,4076,1586
1766908800,1.8712,211510148.4,4048,2078
1766923200,1.8692,211975246.2,4145,1671
1766937600,1.8564,209360729,6612,2744
1766952000,1.8646,208989677.8,4194,2295
1766966400,1.9141,210616431.5,16095,7778
1766980800,1.9002,210237809.8,14488,5280
1766995200,1.8708,207637170.7,12009,5439
1767009600,1.8641,206489288.3,13307,6802
1767024000,1.8522,207556102.8,7682,4044
1767038400,1.8494,210341581.2,6684,3204
1767052800,1.8598,213426458.6,6020,2757
1767067200,1.8591,215113363.3,5856,2378
1767081600,1.8612,214015919.9,8174,3861
1767096000,1.8768,213877657.8,9779,3927
1767110400,1.8754,210674745.7,10947,5301
1767124800,1.8765,209212766.3,7562,4058
1767139200,1.8711,208057620.1,6646,3769
1767153600,1.8717,207732477.5,4110,2019
1767168000,1.878,211860637.6,6782,3413
1767182400,1.8584,211338063.8,10561,4398
1767196800,1.8272,227694980.2,17604,9364
1767211200,1.8411,231546591.1,12611,6194
1767225600,1.8335,230573390.9,7716,3900
1767240000,1.8413,228038084.9,7946,3719
1767254400,1.8543,225970212.9,4494,2020
1767268800,1.8618,220950492.4,7598,3797
1767283200,1.8733,219226141.2,7089,3608
1767297600,1.8791,217786910.5,6241,3362
1767312000,1.8882,219461385.6,9812,3969
1767326400,1.8713,221420725.8,8445,4347
1767340800,1.8905,225226487.2,14754,7360
1767355200,1.9178,231801157.1,22767,10320
1767369600,1.991,231735173.7,43992,19226
1767384000,2.0061,230551183.1,27290,12313
1767398400,2.0393,230516677.7,16088,8221
1767412800,1.9935,230898516.8,26385,10229
1767427200,1.9986,231005273.6,11393,5324
1767441600,2.0055,230780203.9,8661,4568
1767456000,2.0066,231091303.6,6149,3239
1767470400,2.017,229326856.6,5711,2822
1767484800,2.0567,227097194.6,25539,12881
1767499200,2.071,223083326.3,24927,12487
1767513600,2.094,221397961.4,16336,8733
1767528000,2.0894,218998933.4,24351,12320
1767542400,2.0838,218298114.5,15361,6001
1767556800,2.0896,219874906.7,7235,3902
1767571200,2.1418,216545185.9,30047,15612
1767585600,2.133,216982393.3,12434,5707
1767600000,2.1324,220765505.1,16240,8142
1767614400,2.1641,223197564.9,25041,11769
1767628800,2.2771,242555608,59046,29065
1767643200,2.3471,261634971.9,67103,32421
1767657600,2.3851,267463817.5,54310,26978
1767672000,2.3297,275073283.7,36557,16243
1767686400,2.3762,270494614.7,23113,11929
1767700800,2.3482,262616258,38576,17960
1767715200,2.227,255793432.8,86155,41924
1767729600,2.3029,242669354.7,31620,16140
1767744000,2.2658,244257011.6,20448,9065
1767758400,2.2791,246545358.8,11279,5187
1767772800,2.2491,248442583.3,15430,8221
1767787200,2.1946,251844595,29680,13511
1767801600,2.1929,252655646.6,19983,9799
1767816000,2.1648,249278207.1,18763,9699
1767830400,2.1491,246051625.8,20331,10932
1767844800,2.1185,251435724.7,23534,10880
1767859200,2.0913,255852864.5,21717,10139
1767873600,2.1255,253836068.7,45993,19124
1767888000,2.1345,242445486.2,32592,16407
1767902400,2.1221,243318358.3,12370,6470
1767916800,2.1346,242933811.2,14583,8206
1767931200,2.1191,241553418.9,14120,7299
1767945600,2.1017,237808039.5,21835,10806
1767960000,2.1169,235535202.5,38799,21052
1767974400,2.0817,228965902.4,20235,11047
1767988800,2.0946,228928403.5,8199,4405
1768003200,2.0899,228728198.5,4669,2496
1768017600,2.0993,229041874.8,4953,2507
1768032000,2.1017,229425114,5354,3022
1768046400,2.0919,227756467.3,7070,3662
1768060800,2.0933,225661531.7,4887,2427
1768075200,2.0897,225648285.8,4657,2313
1768089600,2.0943,226298435.8,5127,2794
1768104000,2.0914,226187524.9,3632,1910
1768118400,2.0951,227527464.8,4252,2170
1768132800,2.0881,228193996,10708,5650
1768147200,2.0855,230494743.2,7328,3885
1768161600,2.0731,228906969.8,19494,9877
1768176000,2.0817,227129516.4,30299,14391
1768190400,2.0524,224098202.3,19133,7641
1768204800,2.0473,230253591.3,15801,6204
1768219200,2.0927,230758425.6,16175,7380
1768233600,2.069,226959406,18027,8288
1768248000,2.0526,225039532.5,10705,5118
1768262400,2.049,226336067.2,6331,3076
1768276800,2.0528,228132130,11135,5500
1768291200,2.0595,230151514.7,10619,4795
1768305600,2.0975,235353336.1,20950,9764
1768320000,2.1384,233161579.1,25682,11544
1768334400,2.1645,236075922.9,38650,19075
1768348800,2.1829,236000631,21048,10837
1768363200,2.1477,234596359,26052,11913
1768377600,2.115,234803652.1,15279,7493
1768392000,2.1547,231006933.2,31230,14031
1768406400,2.1454,225434582.3,27029,12686
1768420800,2.1385,225453053.8,14364,6544
1768435200,2.0874,224941789.8,19549,9012
1768449600,2.1002,226763555.5,12774,7808
1768464000,2.1108,225774867.1,11626,6313
1768478400,2.0949,224913291.4,20436,10113
1768492800,2.0644,225084949.8,16269,8261
1768507200,2.0774,223808142.9,8982,4949
1768521600,2.0637,222522193.1,6019,2860
1768536000,2.0724,224058533,8396,3213
1768550400,2.0641,229396346.2,6438,3078
1768564800,2.031,230241662.1,22287,10180
1768579200,2.0539,230580549.9,9334,4407
1768593600,2.0668,231509130.2,8420,4293
1768608000,2.0548,230507027.4,4328,1554
1768622400,2.0571,230200015.7,4086,2341
1768636800,2.0607,230633889.9,3437,1773
1768651200,2.0805,232327930.4,8886,4972
1768665600,2.0724,232432963.6,5996,2704
1768680000,2.0623,231590117,4405,2050
1768694400,2.0573,233674748.7,6254,2586
1768708800,2.0511,234301581.1,3818,1817
1768723200,2.0536,236262592.1,3444,1609
1768737600,2.0494,239755126.1,5715,2904
1768752000,2.0527,238845688.7,5919,2965
1768766400,1.9904,236968430.4,21356,10227
1768780800,1.9657,227909836.7,69032,34012
1768795200,1.9617,226825924.7,28947,16170
1768809600,1.9717,226262962.4,17738,8055
1768824000,1.9804,224302513,13081,5491
1768838400,2.0126,221255739.5,15610,8078
1768852800,1.985,216819199.3,14942,7278
1768867200,1.9614,216109767.6,18195,9667
1768881600,1.9483,217227174.6,14495,6882
1768896000,1.9282,219733398.8,33605,20118
1768910400,1.9162,219056836,25305,13137
1768924800,1.9015,216374985.4,16524,8134
1768939200,1.8889,214136061.4,19220,10511
1768953600,1.9017,217636479.9,15528,8188
1768968000,1.9087,217397957.5,13859,6986
1768982400,1.889,212397938.4,20066,9627
1768996800,1.957,212990355.2,40819,18421
1769011200,1.9725,211495394.7,38302,19481
1769025600,1.9466,210689642.8,19268,9145
1769040000,1.9468,209595037.6,8517,4327
1769054400,1.9468,210316907.9,7859,3523
1769068800,1.943,214490519.2,10207,4347
1769083200,1.9135,211938842.5,17250,8613
1769097600,1.9314,210473483.6,11295,5934
1769112000,1.9226,210517168.4,6412,3310
1769126400,1.9151,211705717.1,7392,3429
1769140800,1.9132,212633164.8,11336,5181
1769155200,1.9128,212395876.1,8601,3575
1769169600,1.9206,210924577.7,13178,6835
1769184000,1.9227,209249320.4,23380,10074
1769198400,1.9186,211033534.5,11981,5858
1769212800,1.9224,213323072.3,4065,1792
1769227200,1.9179,212719331.8,5196,1999
1769241600,1.916,213779905.3,3828,1569
1769256000,1.9118,213509618.2,7305,2898
1769270400,1.9156,212684572.5,3361,1672
1769284800,1.9135,211943394.4,3405,1506
1769299200,1.8996,214949710.5,5834,2194
1769313600,1.8939,215905016.9,3850,1678
1769328000,1.9011,216550505.6,8873,4608
1769342400,1.8866,218314679.8,7170,3264
1769356800,1.817,226414606.5,45208,21474
1769371200,1.8344,226439688.9,20596,9999
1769385600,1.8686,222912031.4,18571,8540
1769400000,1.8809,221458844.7,11950,4978
1769414400,1.8908,223748780.8,13211,5212
1769428800,1.9246,221937835,28368,13575
1769443200,1.9067,226640071.9,19628,9060
1769457600,1.9031,227400021.8,12752,6196
1769472000,1.9086,225757693.5,7635,4184
1769486400,1.8986,224640555,6135,2826
1769500800,1.888,223878608.8,7939,4395
1769515200,1.8922,224839128,11445,5894
1769529600,1.9062,223296832.8,17451,9059
1769544000,1.9147,225223339.7,14007,6233
1769558400,1.9009,224961947.4,7839,3813
1769572800,1.9152,223278674.5,8503,3858
1769587200,1.9408,226070784.8,11834,5328
1769601600,1.9065,220217360.1,16758,7639
1769616000,1.9187,220927661,11903,5295
1769630400,1.9104,221923668,10502,4477
1769644800,1.8746,219662521.1,13811,6359
1769659200,1.8845,220336589.9,8181,3667
1769673600,1.8701,221742524.6,14247,5978
1769688000,1.8,242329453.8,52421,28188
1769702400,1.7882,244601285.1,44134,20720
1769716800,1.8065,246557922.8,16616,9287
1769731200,1.7467,243555907.9,58361,27380
1769745600,1.7578,244580533.5,22638,9659
1769760000,1.7685,242172384.7,19119,9647
1769774400,1.7573,255362437.2,57365,26975
1769788800,1.7704,254882503.3,44740,23414
1769803200,1.7337,273599759.8,27496,14667
1769817600,1.7435,269494279.6,12177,5338
1769832000,1.7182,272750075,16797,9261
1769846400,1.7012,273104719.5,32078,14533
1769860800,1.6342,270369117.1,64299,29367
1769875200,1.5817,249995656.7,167995,77731
1769889600,1.646,251676217.2,39021,19316
1769904000,1.6656,254457558.7,32942,13561
1769918400,1.6584,254677125,20084,8205
1769932800,1.6491,251507866.3,19948,8834
1769947200,1.5942,252965841.7,37748,16574
1769961600,1.5989,247266027.9,24515,12130
1769976000,1.5901,246835719.1,47127,21357
1769990400,1.5806,241068272.8,50447,23963
1770004800,1.5787,242792903.9,63208,29210
1770019200,1.6206,236154971.8,26870,13224
1770033600,1.6416,238692154.6,43586,19297
1770048000,1.625,235809030.1,18725,8524
1770062400,1.6189,237983415.3,15250,7778
1770076800,1.6125,238160680.9,20522,10264
1770091200,1.6165,236790658.2,18064,7409
1770105600,1.6021,235174776.1,20939,10216
1770120000,1.6175,233508103.5,29958,14283
1770134400,1.5803,223294313.1,64484,29559
1770148800,1.5782,219937362.2,36587,17689
1770163200,1.5984,219236376,19796,9783
1770177600,1.6045,218670016.7,19395,9729
1770192000,1.5915,217313338.9,18780,8402
1770206400,1.5429,220446072.3,41310,18189
1770220800,1.5538,227113598.8,61307,31108
1770235200,1.5111,234092912.8,33798,15778
1770249600,1.4424,264242095.7,55089,25102
1770264000,1.4316,273642930.3,55092,26097
1770278400,1.3646,313787317.6,79997,39693
1770292800,1.2959,321500503,147535,74881
1770307200,1.2127,322530152.2,165859,82890
1770321600,1.2136,331657433.4,240376,117574
1770336000,1.2691,325940565.7,199930,98682
1770350400,1.2913,315804009.6,81129,35588
1770364800,1.3671,266034956.8,90987,41941
1770379200,1.5117,291587631.6,172332,81551
1770393600,1.4556,272690516.4,112355,57570
1770408000,1.4684,270449662.5,51390,25604
1770422400,1.4725,266298362.4,49345,23350
1770436800,1.4129,266123168.3,53671,23908
1770451200,1.3915,274160080.1,41313,17734
1770465600,1.4098,264103025.2,40670,19367
1770480000,1.4298,259223727.2,75919,37630
1770494400,1.4224,257463744.2,13389,6225
1770508800,1.4161,257347171.4,11706,6169
1770523200,1.42,256467585.8,8457,4532
1770537600,1.4516,256517665.2,30794,16490
1770552000,1.4389,262177554.5,30253,15320
1770566400,1.4489,261472214.2,23946,10710
1770580800,1.4299,261244830.1,20857,9959
1770595200,1.4512,262797074.5,21634,8765
1770609600,1.4245,262989435.4,16283,7446
1770624000,1.3926,270073574.7,39716,17322
1770638400,1.4453,264497434.2,39161,17058
1770652800,1.4516,262034318.3,35072,14646
1770667200,1.4363,264074824.8,16678,6588
1770681600,1.4344,264320310.9,14702,5845
1770696000,1.4213,267663802.9,20613,8003
1770710400,1.4071,271952376,17357,7554
1770724800,1.406,278842570.8,30155,15271
1770739200,1.3998,279142794.9,20238,10451
1770753600,1.3988,280450246.8,10332,5432
1770768000,1.4034,281171218.1,14357,5439
1770782400,1.3657,289928698.2,34625,16237
1770796800,1.3782,285631819.9,21351,8724
1770811200,1.3533,284113382,55839,29726
1770825600,1.3783,273303696,27843,13048
1770840000,1.369,269970861.7,18680,9377
1770854400,1.3745,266089950.7,13652,6254
1770868800,1.381,264143137.5,13847,7003
1770883200,1.4006,264575795.9,19362,10343
1770897600,1.3747,264803387.2,20420,10198
1770912000,1.3638,263686612.5,33562,16785
1770926400,1.3627,263301193.9,16008,9176
1770940800,1.3648,265254545.5,14096,6238
1770955200,1.3531,266136792.1,15015,6758
1770969600,1.3672,262708264.9,13905,6104
1770984000,1.4036,258153752.4,43374,20238
1770998400,1.4104,259514252.4,25699,10804
1771012800,1.4061,256970796.8,12926,6516
1771027200,1.4156,257424491.6,7423,3565
1771041600,1.4215,257403336.7,6451,2868
1771056000,1.4703,259560061.1,30604,15642
1771070400,1.4681,259049417.9,24148,11793
1771084800,1.497,261052853.1,22048,10454
1771099200,1.5082,260527162.8,22467,10546
1771113600,1.526,260663190,34783,16492
1771128000,1.6482,272108158.8,48474,26549
1771142400,1.5619,271002175,79402,40713
1771156800,1.5224,271317366.3,58828,27656
1771171200,1.4531,275425756.6,45523,21141
1771185600,1.4741,264001382.8,32289,17385
1771200000,1.4605,264127198.5,20529,10479
1771214400,1.4603,261003242.4,21699,12584
1771228800,1.4827,257058125.6,32707,16156
1771243200,1.4734,259763138.6,43389,22620
1771257600,1.4744,260975610.9,18010,9392
1771272000,1.4864,261365711.6,9069,4698
1771286400,1.482,262731761.4,11732,5848
1771300800,1.472,264113297.6,10804,6123
1771315200,1.4519,260411946.8,15638,8307
1771329600,1.4565,261869529.6,25894,13278
1771344000,1.4849,256048381.5,26207,13424
1771358400,1.4732,258845561.8,8558,3773
1771372800,1.4782,258117700.9,11501,5530
1771387200,1.4862,259817670.1,7383,3506
1771401600,1.4654,257480024.9,13137,6627
1771416000,1.4758,256253261.7,16762,8183
1771430400,1.4222,253827756.8,22617,11382
1771444800,1.4211,249534871.2,14432,7726
1771459200,1.4279,251197669.3,8709,4261
1771473600,1.4319,248218370,25328,9527
1771488000,1.4084,253882239,16124,8529
1771502400,1.3966,261441823.1,29230,12905
1771516800,1.4117,263835542.7,19071,9365
1771531200,1.4059,263450562.4,9779,5022
1771545600,1.412,262386829.2,13671,8168
1771560000,1.4186,261610590.8,14063,7323
1771574400,1.4047,259006970.5,14798,7779
1771588800,1.4284,261112386.3,37717,18023
1771603200,1.4231,256989141.3,31803,15534
1771617600,1.4283,254788249.7,11658,6154
1771632000,1.4252,252798072.2,8270,3527
1771646400,1.4303,254213089.9,5097,2221
1771660800,1.4433,256607703.4,9353,4466
1771675200,1.4492,252595430.5,14878,7744
1771689600,1.4427,251131365,8777,4143
1771704000,1.4295,248053347.6,7622,3143
1771718400,1.4229,248317109.8,8154,3197
1771732800,1.4203,250756254.7,5349,2513
1771747200,1.4224,252666339.3,4038,2103
1771761600,1.3923,254520637,19530,8438
1771776000,1.3857,258887883.2,8948,4211
1771790400,1.3923,264855581.8,15147,7988
1771804800,1.3403,275234334.8,49015,24114
1771819200,1.3703,281688269.9,26190,12634
1771833600,1.396,277941026.6,33072,12424
1771848000,1.3699,286247270.2,44078,19422
1771862400,1.3567,280936057,23951,12326
1771876800,1.3512,278013750.1,12586,6585
1771891200,1.3313,279822722.1,25722,12602
1771905600,1.3259,279186306,26691,12071
1771920000,1.3324,282107627,12323,5853
1771934400,1.3507,286177435.1,34004,15356
1771948800,1.3554,286116252.7,24440,10990
1771963200,1.3477,285723816.6,16059,7581
1771977600,1.3693,280857017.6,46486,23746
1771992000,1.3651,280090656.5,17621,9250
1772006400,1.3829,279900297,17381,9576
1772020800,1.4404,278533859.4,49090,23973
1772035200,1.4659,281696762.3,52247,25321
1772049600,1.4332,285747467.1,62262,30252
1772064000,1.4409,282223876.2,25139,12730
1772078400,1.4335,278427083.7,18362,8727
1772092800,1.4362,272770813.7,21354,10356
1772107200,1.4206,273906388.8,35156,14786
1772121600,1.4061,268509764,47457,24712
1772136000,1.4016,266726154.7,12755,6235
1772150400,1.4071,267937134.6,16793,9840
1772164800,1.4161,270957184.9,16727,9279
1772179200,1.3817,275385997,21842,9709
1772193600,1.3559,265054843.2,59938,30572
1772208000,1.35,267357316.7,29706,13434
1772222400,1.3552,268821560.5,20102,10631
1772236800,1.354,273265239.3,10435,5228
1772251200,1.3018,282417436.5,57697,27445
1772265600,1.2922,284370920.2,52332,23199
1772280000,1.323,282797135.5,51247,25554
1772294400,1.3532,278409343.4,25243,12779
1772308800,1.3752,271724254.3,32989,16909
1772323200,1.4181,265666005.1,50235,24431
1772337600,1.3971,270486371.4,30195,13751
1772352000,1.3754,273889612,20875,9398
1772366400,1.3779,272372764.2,27623,14589
1772380800,1.3558,269815134.7,20832,10022
1772395200,1.3518,261592493.8,28182,14523
1772409600,1.3732,262866087.7,20715,10219
1772424000,1.3463,265520570.6,17175,7667
1772438400,1.3508,265696633,17440,8527
1772452800,1.3997,268391532.2,53081,25259
1772467200,1.4,271331328.1,39250,16918
1772481600,1.3893,264664807.3,19074,7941
1772496000,1.3727,261103618.7,19930,8388
1772510400,1.3629,257669940.6,16236,7690
1772524800,1.3518,262729503.7,23885,11543
1772539200,1.3639,266817772.1,33809,15572
1772553600,1.3622,264961122.8,30587,14485
1772568000,1.3599,263886658.3,11153,5277
1772582400,1.3521,262188700.1,19302,7913
1772596800,1.3742,262925065.3,16916,7022
1772611200,1.3984,275004267.6,59675,28140
1772625600,1.4623,277745298,57307,29038
1772640000,1.4558,285262883.4,52100,24273
1772654400,1.4302,292644765.9,32696,14665
1772668800,1.4189,291144851,16701,9096
1772683200,1.4122,284712202.7,15070,8354
1772697600,1.4354,284503168.1,23843,12281
1772712000,1.416,285257556.2,30781,15261
1772726400,1.4107,282474683.5,21159,10835
1772740800,1.4029,278702879.5,10607,5013
1772755200,1.4047,279377887.4,8420,4009
1772769600,1.4069,277438951.1,10683,5545
1772784000,1.3941,276793397.3,15684,6928
1772798400,1.3551,271761962.1,45118,21295
1772812800,1.3623,272023186.6,20941,9037
1772827200,1.3625,267772777.8,13002,6301
1772841600,1.3651,266961543.5,7718,3959
1772856000,1.3663,266101662.3,7316,2872
1772870400,1.3689,265532276.5,5932,3255
1772884800,1.3561,267461583.6,9585,4617
1772899200,1.3496,268037250.1,11382,5236
1772913600,1.356,266604889,5529,2380
1772928000,1.3476,268944215.5,9170,3892
1772942400,1.3594,269572768.1,9690,4935
1772956800,1.3568,271357347.8,13527,6914
1772971200,1.3445,275567056.2,12807,6067
1772985600,1.3553,275637725.1,12607,5459
1773000000,1.3392,274514889.2,22024,10619
1773014400,1.3496,277813076.3,24533,11614
1773028800,1.3398,294405956.9,27018,15294
1773043200,1.3494,293842575.3,14947,7467
1773057600,1.3594,291211897.2,23351,12533
1773072000,1.3724,292499052.6,24030,11739
1773086400,1.3622,289743097.1,16220,8855
1773100800,1.3744,289862790.3,17676,9264
1773115200,1.3867,289511336.6,21358,9907
1773129600,1.3901,289335034.8,36531,17827
1773144000,1.4304,290300827.6,50486,21705
1773158400,1.3843,282632032.1,37415,17838
1773172800,1.3855,280403116.1,12825,5956
1773187200,1.3781,283161775.3,10306,4497
1773201600,1.3778,282763599.3,12248,5890
1773216000,1.3727,283406851.2,9687,3765
1773230400,1.3818,282883935.6,35046,17174
1773244800,1.3892,286757723.8,36259,16280
1773259200,1.3839,285537240.9,7458,3526
1773273600,1.3727,286951786.4,13250,6733
1773288000,1.3754,290557914.3,14621,8163
1773302400,1.387,288951096.6,15983,7087
1773316800,1.3785,291524871.1,23108,10987
1773331200,1.3778,291455947.2,10668,4667
1773345600,1.3839,297659653.2,12060,6241
1773360000,1.4119,304658333.6,47047,20375
1773374400,1.4146,308490110.9,27457,13634
1773388800,1.4197,309813546,32800,14732
1773403200,1.4082,306934177.2,54643,27211
1773417600,1.4005,303550689.9,23530,11811
1773432000,1.3979,301182099.6,17467,9673
1773446400,1.3998,298239181.8,10474,4801
1773460800,1.3935,294346183.5,14131,6486
1773475200,1.3917,294665353.5,8654,3408
1773489600,1.3894,293578479.7,8531,4080
1773504000,1.3893,292389754.3,4274,1636
1773518400,1.4055,291761585.5,12147,5896
1773532800,1.4115,290639489.9,12182,5072
1773547200,1.407,291398815.4,8857,3755
1773561600,1.4192,294798988.8,8627,4949
1773576000,1.415,299754376.8,20242,9574
1773590400,1.4121,298625458.7,11572,6419
1773604800,1.4482,298313074.2,35868,18884
1773619200,1.4669,303902582.7,35821,18940
1773633600,1.4823,311803827.3,37135,20302
1773648000,1.469,307781151.1,24440,12310
1773662400,1.4924,306194952,51474,25877
1773676800,1.5293,305091518.2,43773,21769
1773691200,1.5422,303673819.9,25830,12842
1773705600,1.5435,295921414.2,78276,42153
1773720000,1.5292,291627256.8,39180,18907
1773734400,1.5088,290474337.3,24243,10756
1773748800,1.5126,285669308.2,44581,21869
1773763200,1.5323,284148803.1,32905,16256
1773777600,1.5176,282829307.5,13659,5876
1773792000,1.5382,280872068.7,15406,8222
1773806400,1.5191,277159614.3,14399,6669
1773820800,1.489,272719044.1,21346,9936
1773835200,1.4399,277249990.1,43428,19695
1773849600,1.4485,274401023.1,27242,14396
1773864000,1.464,270111057.1,16673,8162
1773878400,1.4734,266418469.3,11976,5615
1773892800,1.4606,263276545.2,21932,9430
1773907200,1.458,261156078.1,17818,9325
1773921600,1.4311,255054832.5,38200,17310
1773936000,1.4439,251898127.5,20077,9371
1773950400,1.4469,250119395.3,8904,4149
1773964800,1.4522,248829349.3,15051,6862
1773979200,1.4538,243928615.9,11835,6241
1773993600,1.4485,241027584.4,18518,10823
1774008000,1.4368,236868206.6,23382,10413
1774022400,1.4352,235436649,11161,6159
1774036800,1.4444,235660016.4,8004,4340
1774051200,1.4452,235157347.6,6447,3068
1774065600,1.4433,235557946.7,10439,5135
1774080000,1.4417,236612307.1,7989,3405
1774094400,1.4373,235115249.6,10289,4687
1774108800,1.4362,234831456.4,3838,1573
1774123200,1.4081,227983189.5,18145,8137
1774137600,1.4162,227943509.9,20413,9648
1774152000,1.4028,229029664.9,11027,4434
1774166400,1.39,230371107.7,14525,5687
1774180800,1.3919,232618389.3,8070,4107
1774195200,1.3842,231962887.4,8693,3956
1774209600,1.3841,229366550.9,14447,7776
1774224000,1.3808,233509602.1,12975,7094
1774238400,1.3719,234905460.8,23245,12445
1774252800,1.4107,231187133.4,57141,27331
1774267200,1.4308,226414651.8,48559,21706
1774281600,1.4339,228390111.1,20228,10766
1774296000,1.4316,231016238.7,7917,3652
1774310400,1.4137,229514957,14992,7083
1774324800,1.4305,227920995.2,15116,8174
1774339200,1.4224,229019690.2,17878,9679
1774353600,1.4,231186221.9,22586,9448
1774368000,1.3872,234211876.1,15409,8053
1774382400,1.4151,228718772.1,17371,10882
1774396800,1.4128,228359250.6,14406,7506
1774411200,1.4193,228727679,18232,9337
1774425600,1.428,231448736.2,24148,11028
1774440000,1.4066,226567873.9,21777,9233
1774454400,1.4113,226768143.8,11845,5416
1774468800,1.4138,228395976.1,6633,3548
1774483200,1.401,230033707.3,11225,5738
1774497600,1.3849,235919737.2,19026,9689
1774512000,1.3705,245962489.7,20200,8551
1774526400,1.3598,254175744.9,26121,11205
1774540800,1.3431,273860024.6,29930,13605
1774555200,1.3599,276117139.2,24334,11225
1774569600,1.3634,270946847,16626,8025
1774584000,1.3582,268410935.1,12411,6336
1774598400,1.3345,265166816,26332,11755
1774612800,1.3347,251174625.9,39122,17588
1774627200,1.3242,251931871.5,15085,6700
1774641600,1.325,254680313.5,9681,5766
1774656000,1.3265,253489081.2,8970,5248
1774670400,1.3402,254334380.4,10739,5945
1774684800,1.3394,254458853.8,7053,3393
1774699200,1.3526,254733619.8,,
1774713600,1.3442,254325697.3,5259,1812
1774728000,1.3327,252672580.4,7227,2815
1774742400,1.3378,252889911,5809,2645
1774756800,1.3333,253254588.6,8511,3540
1774771200,1.3374,253771788,5159,2705
1774785600,1.3249,255415625.8,9051,4051
1774800000,1.3171,259297161.1,7746,3616
1774814400,1.3271,260235131.9,25062,13060
1774828800,1.3513,259931737.7,15826,8480
1774843200,1.3577,259649403.8,19287,10450
1774857600,1.3496,258773611.8,20208,11003
1774872000,1.3446,261545136.7,19653,9972
1774886400,1.3221,264223142.8,14578,6762
1774900800,1.3235,264588698.2,10650,6107
1774915200,1.3252,266935462.4,12962,7130
1774929600,1.3187,271515308.1,21456,10620
1774944000,1.314,270749717.3,19714,10237
1774958400,1.3146,264193552,20244,9751
1774972800,1.3443,265046892.9,18129,8463
1774987200,1.3404,262859646.2,8779,4206
1775001600,1.3475,261629649.8,13699,7844
1775016000,1.356,261718531.5,22475,11668
1775030400,1.3536,258791510.2,14874,7978
1775044800,1.3569,256208064.7,18179,8127
1775059200,1.3499,255193003.5,10817,5426
1775073600,1.3471,253178176.4,6855,3311
1775088000,1.312,250508628.9,29427,14496
1775102400,1.3167,250473323.7,21713,11284
1775116800,1.2991,256067426.3,19841,8778
1775131200,1.299,275305776.9,36430,20134
1775145600,1.3074,275696974.5,16009,6500
1775160000,1.3192,268905511.1,9419,4732
1775174400,1.321,268765425.3,18678,9509
1775188800,1.318,267654535.6,9640,4549
1775203200,1.3197,267559316.9,10833,4980
1775217600,1.3178,263849335.5,15436,7708
1775232000,1.3171,261978491.4,4732,2102
1775246400,1.3177,261524680.6,5463,2762
1775260800,1.3153,261153444.3,3727,1629
1775275200,1.3152,260941435.5,3741,2275
1775289600,1.3113,261632331.5,6715,3841
1775304000,1.3119,262260597.5,6169,3422
1775318400,1.3168,264844579.3,6801,3604
1775332800,1.3145,264805267.1,2822,1366
1775347200,1.3125,266602665.2,3505,1949
1775361600,1.2969,273542888.7,19415,9196
1775376000,1.2979,277611667.4,6333,3402
1775390400,1.2957,290404199.4,22716,10942
1775404800,1.2997,285956844.5,6190,2493
1775419200,1.3259,285836727,16156,8595
1775433600,1.3378,281681504.9,27790,13362
1775448000,1.3437,283425470.8,20057,10231
1775462400,1.3492,281101413.8,19750,9556
1775476800,1.3498,275509070.6,14837,6700
1775491200,1.3409,272498168.6,12012,5511
1775505600,1.3202,264314854.9,9899,4490
1775520000,1.3162,263529295.8,7564,3868
1775534400,1.3119,263357098.1,10927,5615
1775548800,1.3054,265103192.7,16745,8504
1775563200,1.2967,268682435,16705,8164
1775577600,1.3136,273127382.4,17997,10142
1775592000,1.378,277980169.4,60766,31426
1775606400,1.3697,280746060.8,29615,16001
1775620800,1.3794,282105249.1,21807,11449
1775635200,1.3776,275536189.5,17204,7797
1775649600,1.3543,269899474.7,32545,15292
1775664000,1.3512,271842610.9,12626,6586
1775678400,1.3419,270866244.3,11058,4173
1775692800,1.3304,272716910.1,19170,10199
1775707200,1.3311,270826090,21036,9546
1775721600,1.3288,270603397.7,17861,8953
1775736000,1.3515,265676416.8,22368,11381
1775750400,1.3552,264855861.4,17279,7741
1775764800,1.343,264903928.5,14542,7408
1775779200,1.3406,266264598.5,10668,5435
1775793600,1.3365,265984756.1,9418,4463
1775808000,1.3407,265387906.1,20690,10231
1775822400,1.3473,267270506.2,20215,9926
1775836800,1.3624,268786212.3,10223,4423
1775851200,1.3551,269313423.6,8571,3374
1775865600,1.3498,269933186.1,8567,2988
1775880000,1.3457,269207310.4,5022,2085
1775894400,1.3448,269349697.7,6808,3559
1775908800,1.3451,270233904.2,11005,5199
1775923200,1.3707,271533498,14062,7588
1775937600,1.3539,270276097.6,11632,5190
1775952000,1.3292,267092933.1,21389,9657
1775966400,1.3287,266110875.4,9613,4766
1775980800,1.332,268169548.9,7108,4054
1775995200,1.3231,269932943.7,17688,8975
1776009600,1.3302,270812890.2,4957,2577
1776024000,1.3239,270490106.6,9492,4622
1776038400,1.3245,272417927.1,9422,5843
1776052800,1.3248,274608235.2,11728,6224
1776067200,1.3249,276422676.4,15890,8158
1776081600,1.3338,276168540.8,19251,9659
1776096000,1.3527,272264712.7,17223,7869
1776110400,1.3752,282866483,31936,14728
1776124800,1.3667,280176018,16949,8594
1776139200,1.3678,278086372.7,14898,7116
1776153600,1.3685,277615025.1,12820,6658
1776168000,1.3738,271573105.8,34550,16469
1776182400,1.3602,268176903.3,11649,4840
1776196800,1.3608,266691279.5,12176,6075
1776211200,1.3571,266462505.3,16184,9081
1776225600,1.3514,266056897.2,9554,4176
1776240000,1.3627,268437622.4,10801,5826
1776254400,1.3726,276830103.9,26562,11876
1776268800,1.3995,287047211.8,28713,14276
1776283200,1.3915,290861337.1,17679,8326
1776297600,1.4054,293290417.9,22296,11684
1776312000,1.4052,292615220.2,12725,5145
1776326400,1.4086,290719761.4,25978,11145
1776340800,1.4285,292287727.3,44456,22093
1776355200,1.4636,295926514.6,33643,16258
1776369600,1.4521,295592068.2,16329,7763
1776384000,1.4302,296677779.9,18891,9125
1776398400,1.4366,297141991,12648,6379
1776412800,1.4465,297918837.9,20028,9761
1776427200,1.4854,298234220.3,64182,30408
1776441600,1.4865,292969928.3,27184,11916
1776456000,1.4749,292827652.7,12921,6023
1776470400,1.4678,289848194.1,8650,3686
1776484800,1.4733,288958514.7,9630,4768
1776499200,1.4308,294198643.2,31622,14477
1776513600,1.4351,292438789.5,13007,6616
1776528000,1.4267,290429132.7,12424,5091
1776542400,1.4315,289108021.5,7338,4024
1776556800,1.4288,289471660.9,8436,3632
1776571200,1.4192,285472574.9,15551,7909
1776585600,1.4289,284578900.4,15044,7042
1776600000,1.4306,288597774.1,17630,9393
1776614400,1.4167,284849654,13084,6172
1776628800,1.3935,282575626,20643,9526
1776643200,1.4101,281900061.6,17554,9864
1776657600,1.4144,281982524.4,16634,8445
1776672000,1.4145,279870051.5,16818,8295
1776686400,1.4319,278638550.8,28586,14120
1776700800,1.4295,278110102.9,12859,6427
1776715200,1.4236,275978201,7124,3350
1776729600,1.4232,275246754.9,11059,5431
1776744000,1.4386,276860725.2,14094,8405
1776758400,1.439,280354445.4,15468,7418
1776772800,1.4317,280786057.5,16251,7583
1776787200,1.4129,275627031.8,18899,9069
1776801600,1.4326,274579946.7,9494,4888
1776816000,1.4426,278299558.2,13550,6964
1776830400,1.4537,282158150.2,14553,7823
1776844800,1.4535,281703512.6,10070,4390
1776859200,1.4558,282753486.7,20644,9447
1776873600,1.4407,280551942.6,13834,6258
1776888000,1.4284,277067510.2,10778,6024
1776902400,1.4154,276837983.4,13797,6438
1776916800,1.4202,277541902.8,8657,4503
1776931200,1.4156,277792184.8,10938,5133
1776945600,1.4309,275115960.4,16069,6471
1776960000,1.4288,277042675.3,35299,23489
1776974400,1.4379,273896657.2,7404,3972
1776988800,1.4298,272294230.9,10618,5022
1777003200,1.432,273271357.6,6436,3149
1777017600,1.4377,271242849.3,9887,5097
1777032000,1.4471,263713605.9,25277,11492
1777046400,1.4386,258866039.2,7724,3584
1777060800,1.4325,256611769.6,6287,3074
1777075200,1.4359,257248236.4,3846,1876
1777089600,1.4325,257174712.6,2715,1363
1777104000,1.4299,258286384.4,3871,1902
1777118400,1.4246,257370456.1,5002,2308
1777132800,1.4198,256771360.9,6943,2794
1777147200,1.4231,256919426.5,3967,1966
1777161600,1.4179,257744089.1,3627,1412
1777176000,1.4283,259034196.6,5171,2901
1777190400,1.4296,259238161.3,3033,1403
1777204800,1.4285,259106510.5,5479,2692
1777219200,1.4295,261997962.1,5260,2658
1777233600,1.4302,262777899.5,7455,3531
1777248000,1.4419,263601508.9,9892,5220
1777262400,1.4133,267128884.5,15289,6735
1777276800,1.4127,269058346.4,6630,3016
1777291200,1.3873,261878780.8,25878,13411
1777305600,1.3922,262854011.1,9035,4278
1777320000,1.3999,263386223.6,6425,3705
1777334400,1.3921,262246420.9,6483,2957
1777348800,1.3923,264749501.4,6863,2868
1777363200,1.3808,265190563.7,10112,3128
1777377600,1.3744,267660756.4,14971,7483
1777392000,1.3816,265326994.3,9536,4962
1777406400,1.3798,265246134.6,5236,2258
1777420800,1.3884,263499698,7236,3850
1777435200,1.3914,265007326.6,9419,6448
1777449600,1.3936,265443168.4,10906,4969
1777464000,1.361,262507468.7,17723,8118
1777478400,1.3527,261185892.8,19140,8688
1777492800,1.3685,257605729.4,9771,5330
1777507200,1.3727,255709746.9,10340,4741
1777521600,1.3741,259503251.6,8955,3725
1777536000,1.369,260196001.1,8692,3323
1777550400,1.3687,260209999.7,10216,4231
1777564800,1.3697,260522824.8,7805,3009
1777579200,1.3672,262081844.7,5091,2516
1777593600,1.3757,264799687.8,15783,8352
1777608000,1.3741,265023705.5,8554,3571
1777622400,1.3772,264868656.9,5199,1964
1777636800,1.3952,263565375.8,16236,7558
1777651200,1.3931,262498935.4,7423,3005
1777665600,1.385,262546503.5,6994,2983
1777680000,1.3851,261999629.1,6132,2802
1777694400,1.3847,262460766.5,3257,1404
1777708800,1.3852,263144206.2,5420,2876
1777723200,1.3927,263717985.7,5300,2906
1777737600,1.3941,263679241.5,3203,1234
1777752000,1.3928,263767824,9719,4950
1777766400,1.383,262733658.4,3858,1592
1777780800,1.3854,262185930.2,4532,1896
1777795200,1.3946,263318462.3,4829,2615
1777809600,1.3951,263747051.1,4564,2102
1777824000,1.3947,263602938.6,2677,1236
1777838400,1.3871,264057561.8,8787,3684
1777852800,1.4124,267955355,20918,10977
1777867200,1.4099,267506154.3,12043,5748
1777881600,1.393,268472432.4,17104,8096
1777896000,1.3982,267320749,15904,7449
1777910400,1.3973,266121195.7,9913,4354
1777924800,1.3909,263157610.9,7308,3761
1777939200,1.405,267841059.9,6557,3618
1777953600,1.4061,266050442.7,10507,4350
1777968000,1.4073,266272691.3,8933,4352
1777982400,1.411,267997091.8,19037,7984
1777996800,1.4125,269178172.9,8898,4772
1778011200,1.4117,266206882.8,13643,6889
1778025600,1.4215,270049275.5,9411,5167
1778040000,1.4304,272515590.2,18896,9013
1778054400,1.4504,275071931.9,23113,10827
1778068800,1.429,267419969.9,29559,13441
1778083200,1.427,266457541.8,9891,4251
1778097600,1.4241,266592339.6,6325,3274
1778112000,1.4044,260604099.1,13816,7059
1778126400,1.4191,266099715.6,16489,9538
1778140800,1.4088,265381715.3,10543,4969
1778155200,1.3899,268093146.3,21214,10511
1778169600,1.3853,268732449.2,12304,5873
1778184000,1.3859,269890904.5,8426,4451
1778198400,1.3845,270508865,6697,3289
1778212800,1.3832,269113413.8,8439,4154
1778227200,1.3904,270106436.4,9127,5085
1778241600,1.3968,272591918.4,12911,6137
1778256000,1.4182,265970519,18316,8251
1778270400,1.4177,264010310.9,11030,4481
1778284800,1.4282,265957293.3,15543,8512
1778299200,1.4231,265972271.8,14476,6801
1778313600,1.4213,267044974.5,6719,2496
1778328000,1.4135,267517246.9,9839,3281
1778342400,1.4232,268646120.4,7602,4272
1778356800,1.4197,269652757.4,3613,1716
1778371200,1.4164,274304451.5,11104,5790
1778385600,1.4194,277230077.5,3853,2146
1778400000,1.4223,279084810.9,13967,7862
1778414400,1.4437,283816047.6,14565,8253
1778428800,1.4863,294905915.3,71638,37699
1778443200,1.4726,290773994.3,40969,19618
1778457600,1.448,291778278.5,29429,13261
1778472000,1.4489,290377033.9,18543,9456
1778486400,1.457,290376223.6,13540,6928
1778500800,1.4843,297704016.1,24778,11654
1778515200,1.4784,296226698,19188,8781
1778529600,1.4768,297518203.8,12945,6240
1778544000,1.4592,294927055.3,15897,7820
1778558400,1.4621,297223512.4,15785,8122
1778572800,1.448,294747199.7,19939,9805
1778587200,1.4232,292656509.1,27864,12498
1778601600,1.4401,296129826.5,14840,7774
1778616000,1.4363,293582541.5,11198,5639
1778630400,1.4515,297071604.9,14813,7961
1778644800,1.4619,299830279.6,21806,12066
1778659200,1.4479,297502734.5,18816,9508
1778673600,1.4124,289895087.5,34808,14673
1778688000,1.4183,295932811.7,19995,9874
1778702400,1.4263,299849351.5,15480,7447
1778716800,1.4217,298955752.8,16318,6938
1778731200,1.4317,298717530.7,13403,6978
1778745600,1.4319,298140706,9076,4628
1778760000,1.472,302494433.4,40080,20095
1778774400,1.5164,312193930.2,90395,42065
1778788800,1.4846,316437316.3,33982,16485
1778803200,1.4882,316656191.3,18593,10050
1778817600,1.4688,309651559,27628,13631
1778832000,1.4674,310952994.2,16986,8530
1778846400,1.4343,300669536.6,38804,16863
1778860800,1.4338,304715803.2,15812,8155
1778875200,1.4332,304148861.8,5729,2689
1778889600,1.4347,304749576.7,6092,2781
1778904000,1.4159,300358365.9,22361,9753
1778918400,1.41,301933597.3,19698,7710
1778932800,1.4137,301752940.6,12422,6113
1778947200,1.4154,300981131.9,7493,3766
1778961600,1.4128,301099552.2,3477,1773
1778976000,1.4113,301491538.2,11640,5300
1778990400,1.4176,301062094.8,5993,2978
1779004800,1.4216,301734974.6,10238,4861
1779019200,1.4123,300794475.2,7209,3200
1779033600,1.4215,301575061.4,8102,4188
1779048000,1.4006,290416180.8,24794,11563
1779062400,1.3922,289549351.2,22967,13180
1779076800,1.386,291767670.5,17327,7364
1779091200,1.3895,293938430.5,12524,5845
1779105600,1.3758,295062325.5,24564,11672
1779120000,1.3872,291849091.8,16510,8342
1779134400,1.3895,290710627.6,9399,4662
1779148800,1.3829,289384752.8,10244,5688
1779163200,1.3879,293402016.9,12244,6306
1779177600,1.3711,294301390.2,15238,8407
1779192000,1.3667,294471582,17686,7325
1779206400,1.3565,297009119.2,28863,7690
1779220800,1.3607,298436267.3,14318,4894
1779235200,1.3554,301217095.4,12218,6175
1779249600,1.3677,301928902.4,8646,4071
1779264000,1.3648,306357894.4,9309,4790
1779278400,1.374,306301821.8,16969,8645
1779292800,1.3717,310559017.1,15270,8025
1779307200,1.3663,308934118.3,6482,3546
1779321600,1.3836,307417271.5,9348,4584
1779336000,1.3754,307675037.9,12042,6475
1779350400,1.3629,309371260.5,16352,7378
1779364800,1.3607,313916112.6,16500,8667
1779379200,1.3788,310537686.4,18521,8478
1779393600,1.3733,309260738.5,5158,2481
1779408000,1.3716,308091759,9564,5364
1779422400,1.3642,311646895.9,16663,9074
1779436800,1.3608,315133171.2,12054,6774
1779451200,1.3528,324022568.2,20157,10640
1779465600,1.338,322322483.6,21752,10434
1779480000,1.3338,322850774.1,11647,5216
1779494400,1.3401,320188818.6,9342,4304
1779508800,1.3113,316139271.5,22811,10831
1779523200,1.3238,307860214.5,21730,9964
1779537600,1.3349,307558267.7,17871,9363
1779552000,1.3462,306330189.9,10888,5813
1779566400,1.3575,302357551.7,20319,10863
1779580800,1.36,302031479.3,6347,2570
1779595200,1.3588,301987047.2,5328,2581
1779609600,1.3647,303944157,14580,7095
1779624000,1.3477,302537176.2,11307,4591
1779638400,1.3485,303904901.1,4797,1998
1779652800,1.35,300639305.7,10270,4801
1779667200,1.3462,300533377.8,8999,4078
1779681600,1.3583,300634544.6,14245,7974
1779696000,1.3573,302601775,15044,7058
1779710400,1.3583,301295542.3,8626,4073
1779724800,1.3562,302155506.1,4261,1955
1779739200,1.3494,300036451.6,6467,2903
1779753600,1.3392,300970514.8,12721,6578
1779768000,1.3398,301310419,8044,3745
1779782400,1.3515,299002666,11768,5384
1779796800,1.3443,296736445,14087,7013
1779811200,1.3316,304285157,14614,7674
1779825600,1.3283,305181084,6119,2902
1779840000,1.3268,306410703.3,8467,3122
1779854400,1.3312,305980535.3,8393,3874
1779868800,1.3292,308391994.5,15483,7234
1779883200,1.3358,307032792.5,16391,8029
1779897600,1.3301,307152328.1,12584,5715
1779912000,1.3069,311016443.8,16420,7392
1779926400,1.2785,315029568.4,25897,10913
1779940800,1.2924,313653538.8,25594,11398
1779955200,1.2871,309651148.2,8993,4142
1779969600,1.3115,310167961.9,25963,12915
1779984000,1.3155,310683830.2,19776,10985
1779998400,1.3146,306862474.5,8813,4460
1780012800,1.3117,308933840.2,11317,5708
1780027200,1.3163,310337009.1,12209,6473
1780041600,1.3109,309192763.2,16202,8311
1780056000,1.322,303504210.6,31265,15947
1780070400,1.3203,302311828.4,19493,10062
1780084800,1.329,301136512.2,9684,5032
1780099200,1.3499,300988134.8,28939,15141
1780113600,1.3421,298978622.9,15603,7254
1780128000,1.34,301011422.4,8903,4450
1780142400,1.3417,301420115.4,10285,4866
1780156800,1.3471,303315700.3,10611,5321
1780171200,1.3402,302502422.7,6555,2496
1780185600,1.3441,306161352.3,6201,2542
1780200000,1.3347,309042948.8,5050,2001
1780214400,1.3412,309626976.8,6590,3607
1780228800,1.3299,304280024.3,10061,4084
1780243200,1.3257,304684475.5,8955,3960
1780257600,1.3327,304166202.4,7216,3511
1780272000,1.3304,311033405,12774,5592
1780286400,1.303,310624285.1,14926,7270
1780300800,1.303,313665236.8,12461,5545
1780315200,1.2813,324248952,28038,13838
1780329600,1.2992,321642724,12512,6917
1780344000,1.2967,318513166.2,10172,4408
1780358400,1.2875,319572489.4,17701,9028
1780372800,1.2673,323128918.5,19535,8890
1780387200,1.2602,322711261.9,13885,6189
1780401600,1.2213,323776615.2,48183,23026
1780416000,1.2208,322540280.6,27373,14610
1780430400,1.211,323981510.5,35658,16743
1780444800,1.1973,322836492.5,26470,12558
1780459200,1.2426,319721885.4,26032,13464
1780473600,1.2366,317631742.1,15016,8121
1780488000,1.2247,318434337.9,16977,7859
1780502400,1.2033,318673458.1,19202,9369
1780516800,1.2005,317664818.2,20432,10109
1780531200,1.2084,307335422.5,64094,31432
1780545600,1.1672,312640639.6,24766,11506
1780560000,1.155,317164899.1,36617,18548
1780574400,1.1681,316130526.6,29990,14255
1780588800,1.1746,313302162.6,15146,6722
1780603200,1.1679,311352713.5,15365,7192
1780617600,1.1338,315656583.4,24993,10985
1780632000,1.1356,308099563.4,62583,27502
1780646400,1.1184,311208867.5,30343,14281
1780660800,1.0993,309299412.4,65246,31296
1780675200,1.0981,305321197.6,62877,28051
1780689600,1.097,311489661.4,35728,16131
1780704000,1.0853,316580910.2,18156,8986
1780718400,1.0919,317152124.6,49248,23501
1780732800,1.087,312810104.2,22931,11716
1780747200,1.0955,314118669.6,26492,13646
1780761600,1.0799,310922840.9,15796,7885
1780776000,1.0926,305716246.3,8731,4417
1780790400,1.1176,306847273.4,17659,8941
1780804800,1.1363,312312790.5,17321,9338
1780819200,1.1394,315809577.4,27902,14320
1780833600,1.1334,314302103.8,16270,7533
1780848000,1.124,314742301,14211,6489
1780862400,1.1548,315151667.5,19026,9553
1780876800,1.1513,318586210.2,18492,9106
1780891200,1.1473,317451919.7,15407,7780
1780905600,1.1571,314792300.7,18560,9362
1780920000,1.1704,317537051.2,29964,14801
1780934400,1.1793,326236037.1,17768,9347
1780948800,1.1677,325093543.8,14436,7512
1780963200,1.1542,325306742.7,18809,8477
1780977600,1.1707,323659297.6,17663,8757
1780992000,1.1547,324820297.7,12081,5337
1781006400,1.1271,325244836.7,27990,13775
1781020800,1.1396,320629691.6,20786,10245
1781035200,1.1367,317304654.5,9618,4520
1781049600,1.1187,316201905.8,17875,9433
1781064000,1.1161,315365029.6,15941,8551
1781078400,1.1038,317583009.9,16259,6874
1781092800,1.1281,315400186.1,29934,15092
1781107200,1.0974,318033663.3,21238,10591
1781121600,1.0962,318639297.7,15431,7222
1781136000,1.1192,316062136.9,17075,8372
1781150400,1.1147,315405659.9,12227,6329
1781164800,1.1215,311666944.7,11948,6076
1781179200,1.1125,307126511.9,16392,7617
1781193600,1.1429,314389025.3,25829,12573
1781208000,1.142,311159124.9,10713,5815
1781222400,1.1436,311829875.8,8691,4255
1781236800,1.1329,310194949.4,9177,4379
1781251200,1.1408,310263891,11527,5605
1781265600,1.1281,311361249.1,24186,11862
1781280000,1.1308,309342628,13091,6881
1781294400,1.1318,308669938.8,5904,3173
1781308800,1.133,309450274.3,5368,2497
1781323200,1.1409,309594122.5,7292,3985
1781337600,1.1477,309186527.1,7254,3584
1781352000,1.156,310401883.1,10164,5201
1781366400,1.1468,310603731.9,9413,4376
1781380800,1.1499,309895269,5519,2902
1781395200,1.153,309845669.5,4126,1842
1781409600,1.1455,310029429.2,6559,2962
1781424000,1.1432,311343866,4933,2353
1781438400,1.1343,309917501.6,9456,3599
1781452800,1.1324,311094181.5,3940,1664
1781467200,1.1852,313437986,27384,14502
1781481600,1.1865,312687458.3,19053,10254
1781496000,1.1806,313856802.2,11217,5239
1781510400,1.2315,312087376.8,33350,16906
1781524800,1.268,321738028.8,52169,27507
1781539200,1.2753,329653257.8,52751,23042
1781553600,1.2373,331857621.7,27307,12318
1781568000,1.2266,329040818.8,17086,9068
1781582400,1.2346,330892258.1,14419,8135
1781596800,1.2374,331021011.1,17625,9231
1781611200,1.2092,329563962.7,24989,12116
1781625600,1.2198,326743124.5,12183,5641
1781640000,1.2166,325508512.1,8019,3968
1781654400,1.2156,325662236.2,13507,7121
1781668800,1.2088,326192242.1,16119,8402
1781683200,1.1923,323730296.2,15486,6971
1781697600,1.2128,323798277.2,17660,9260
1781712000,1.18,320078835,30452,14770
1781726400,1.1859,318094942.9,14299,7342
1781740800,1.1781,322102634.3,10061,4816
1781755200,1.1781,322513501.6,16780,9342
1781769600,1.1641,326498942.7,16586,9374
1781784000,1.1374,328707132.4,32629,15566
1781798400,1.1432,326529206.5,19999,7918
1781812800,1.146,322813214.4,18096,5116
1781827200,1.1387,320408073.1,15187,7732
1781841600,1.1249,324098895.6,17839,8659
1781856000,1.1266,325302766.2,10723,5549
1781870400,1.1363,323586443.8,15083,7362
1781884800,1.1309,323342302.5,8149,4366
1781899200,1.1351,323374492.6,5683,3277
1781913600,1.1392,324154846.6,6905,3096
1781928000,1.1467,327092955.5,9609,5359
1781942400,1.1466,326494160.4,5387,2520
1781956800,1.1501,326861734.5,11633,5579
1781971200,1.1432,326771895.3,5607,2439
1781985600,1.1494,327918747.5,6142,3281
1782000000,1.149,328918671.7,3356,1666
1782014400,1.1468,329384151.2,4015,1528
1782028800,1.142,330874783.4,7040,3150
1782043200,1.1492,330329822.5,6278,3354
1782057600,1.1449,329762595.4,7165,3194
1782072000,1.1243,329969702,19740,9425
1782086400,1.1294,330159219.8,16094,8578
1782100800,1.1368,330175563,13458,7556
1782115200,1.1474,332098199.6,11289,5933
1782129600,1.1391,335742784.5,19611,9576
1782144000,1.1339,338924441.2,11665,5959
1782158400,1.1288,339385896,11192,5602
1782172800,1.1269,341627967,9697,4712
1782187200,1.1123,350599628.1,17246,8010
1782201600,1.1087,349548029.9,17795,7665
1782216000,1.0985,353850244.2,16098,8486
1782230400,1.1015,354379650.5,8252,4181
1782244800,1.1094,352064265.6,6455,3720
1782259200,1.1033,350285652.4,11851,5920
1782273600,1.0982,352353516.9,8214,3728
1782288000,1.0953,358522792.6,18748,8994
1782302400,1.0578,366742364.4,31240,14792
1782316800,1.0567,365597101.6,34071,15921
1782331200,1.0729,362891698.3,14246,7021
1782345600,1.0715,359681139.7,14620,7126
1782360000,1.0865,357729411.3,13143,6518
1782374400,1.0713,355024786.3,9473,3418
1782388800,1.0342,356080793.3,64752,32617
1782403200,1.0339,357214729.5,22250,11132
1782417600,1.043,355219641.1,11937,6393
1782432000,1.0338,356082196.8,32154,15989
1782446400,1.0492,352171055.6,19201,9022
1782460800,1.0221,352185818.7,15103,6927
1782475200,1.0444,351533772.6,48379,20750
1782489600,1.047,354465197,19233,10436
1782504000,1.0483,354764408,11086,5666
1782518400,1.0582,355203338.8,12919,6769
1782532800,1.0595,355126782.1,9582,5278
1782547200,1.0587,354900004.7,5551,2471
1782561600,1.0745,358180425.5,12270,5837
1782576000,1.0539,355831031.8,12358,5236
1782590400,1.0469,355040794.3,8360,3685
1782604800,1.0492,358085332.7,5666,2110
1782619200,1.0503,359510601.5,5140,2283
1782633600,1.052,358964871.6,7063,3137
1782648000,1.0519,359812705.1,7265,3183
1782662400,1.0438,358891537.5,7094,3158
1782676800,1.048,356115256.8,13316,5371
1782691200,1.0502,356605293.2,18852,9945
1782705600,1.0487,359496653.3,11956,6480
1782720000,1.053,360402219.7,12634,6050
1782734400,1.049,355827735.6,24900,12349
1782748800,1.0747,357189461.8,17709,9303
1782763200,1.0583,352036031.9,8708,4400
1782777600,1.0447,354310459,11341,5590
1782792000,1.0468,355604695.9,6408,2828
1782806400,1.0383,356831350.7,10392,4321
1782820800,1.0335,358894702.3,20803,9775
1782835200,1.0441,358964651.9,10554,5036
1782849600,1.0395,356883680,6848,3674
1782864000,1.0504,350987874.5,21008,10009
1782878400,1.0433,347002671.7,11256,5636
1782892800,1.0381,346579831.6,10652,4638
1782907200,1.0601,346623207,21224,11304
1782921600,1.0608,345785685.1,9738,4289
1782936000,1.0526,342392043.9,14091,6826
1782950400,1.0673,343322196.9,10786,5854
1782964800,1.058,342798975.4,7364,3327
1782979200,1.0836,340150619.4,24019,12426
1782993600,1.0933,337980557.3,30781,14391
1783008000,1.0848,337807897.5,9376,4598
1783022400,1.0873,337840390.3,7570,3999
1783036800,1.0901,339737177.9,6920,3107
1783051200,1.1019,341263850.9,9875,5107
1783065600,1.1095,337504024.3,12557,7126
1783080000,1.1196,332825373.5,18516,8570
1783094400,1.1313,329232273.6,22005,10910
1783108800,1.1341,329331099.9,14233,7678
1783123200,1.1374,328962397.6,9988,4918
1783137600,1.1389,328764791.1,13428,6080
1783152000,1.1395,330836142,11730,5458
1783166400,1.1718,333937750.9,28462,14859
1783180800,1.1678,334966069.7,16668,8259
1783195200,1.1568,333343225.7,10442,4721
1783209600,1.1377,336016661.1,13564,6094
1783224000,1.1396,337556702.5,6249,3032
1783238400,1.1315,335489024.2,9118,4308
1783252800,1.1363,336101125.9,6051,3208
1783267200,1.1346,335479175.4,5428,2487
1783281600,1.1565,331529839.6,15646,7855
1783296000,1.1469,328464699.8,8540,3850
1783310400,1.1453,328941962.4,6141,2628
1783324800,1.1345,329033576.2,6810,3363
1783339200,1.144,325485634.5,26751,12624
1783353600,1.1487,323991229,21206,9124
1783368000,1.1445,320814506.8,14282,7198
1783382400,1.1285,318603329.2,11895,6319
1783396800,1.1262,320114625.7,9931,4467
1783411200,1.1246,319952641.7,7568,2989
1783425600,1.13,326705361.7,16340,7568
1783440000,1.1223,324621784.8,12562,5387
1783454400,1.1114,323697334.5,10695,4590
1783468800,1.095,324822356.9,19601,7347
1783483200,1.0934,323735918.7,10227,3841
1783497600,1.086,326277808.2,18452,7219
1783512000,1.0732,325693654,19446,9329
1783526400,1.0905,322799115.6,15040,7030
1783540800,1.0903,321526378.8,5776,2991
1783555200,1.0872,322076024.2,7494,3801
1783569600,1.0975,322072076.4,9048,4157
1783584000,1.0928,321675901,6632,2630
1783598400,1.0896,322644751.9,12914,5595
1783612800,1.0971,322960416.2,6644,3322
1783627200,1.0929,321975108.6,2670,1167
1783641600,1.1065,321512444.9,8156,3961
1783656000,1.105,321672646.3,6034,2599
1783670400,1.1118,322753574.1,11399,5785
1783684800,1.1032,320377195.2,18408,8895
1783699200,1.1047,320040713.8,10327,5765
1783713600,1.1041,320451746.9,3702,1984
1783728000,1.1071,321547434.2,3436,1487
1783742400,1.1072,321534400.1,3356,1541
1783756800,1.1081,321620833.4,3885,1987
1783771200,1.1127,321028603.2,8602,4374
1783785600,1.1151,321784731.1,4802,2572
1783800000,1.0963,318868522.8,8608,3161
1783814400,1.0991,320875937.6,10327,4005
1783828800,1.0908,322628074.4,6522,2232
1783843200,1.0958,324570941.8,3959,1503
1783857600,1.1013,325304215.6,4731,1994
1783872000,1.1,326115723.9,3301,1362
1783886400,1.0854,325384893.3,9517,4525
1783900800,1.0717,328252236.5,20465,9673
1783915200,1.079,331663889,7894,3462
1783929600,1.0768,331757635.9,6097,2541
1783944000,1.072,336702782.3,14748,6013
1783958400,1.0668,338840476.5,13599,6261
1783972800,1.0668,335810518.5,8435,3912
1783987200,1.0657,338456427,6573,2665
1784001600,1.0682,338089474,7274,2902
1784016000,1.0718,339063762.5,6393,3033
1784030400,1.1042,339441457.4,32458,16400
1784044800,1.1148,342698326,16748,6987
1784059200,1.1111,339515519.5,8878,4653
1784073600,1.1038,338327767.8,8529,4427
1784088000,1.1033,342858597.6,7759,3510
1784102400,1.1078,343296409.8,6196,2681
1784116800,1.1256,342178753.8,23992,11208
1784131200,1.1094,343847060.6,12440,5644
1784145600,1.1126,342219207.2,6554,3290
1784160000,1.1124,342740155.5,7284,3628
1784174400,1.1056,340894215.4,9188,4694
1784188800,1.1081,341856114.1,10467,4490
1784203200,1.1142,342081358.7,14527,6261
1784217600,1.0964,346179759.6,14052,8150
1784232000,1.0864,344883496.9,7429,3527
1784246400,1.0919,344224622.8,9603,4169
1784260800,1.0831,345375524.3,7182,3123
1784275200,1.0842,347461412.1,8621,4592
1784289600,1.0828,344217288.3,17542,8688
1784304000,1.0906,340802727,8840,3732
1784318400,1.0884,340797006,3518,1573
1784332800,1.0897,341525184.7,2370,1199
1784347200,1.0883,341536300.2,2372,1255
1784361600,1.0881,341448302.8,3690,1885
1784376000,1.086,340540167.4,3860,1791
1784390400,1.0928,342657013.4,5526,3006
1784404800,1.0922,342080075.7,4116,1899
1784419200,1.0943,341916083.9,3874,1563
1784433600,1.0948,343896717.6,4702,1930
1784448000,1.0964,344642049.1,3666,1477
1784462400,1.0973,344654699.4,5018,2272
1784476800,1.0943,343418945.6,4923,2183
1784491200,1.0972,343582016.1,4669,2056
1784505600,1.0995,345060315.3,9419,4593
1784520000,1.0896,347637083.5,6668,2938
1784534400,1.1055,346504696.1,8469,3775
1784548800,1.1121,345754102.6,15834,7632
1784563200,1.1164,351277301.8,17006,6727
1784577600,1.1118,349594679.4,7153,3207
1784592000,1.1237,348332274.8,6769,3183
1784606400,1.1356,346744900.8,16457,8282
1784620800,1.1359,347165573.9,10474,4719
1784635200,1.1543,349983462.5,19740,10634
1784649600,1.1565,354770990.2,20301,11165
1784664000,1.1432,349724113.1,10690,5214
1784678400,1.1384,347884491.2,7439,3523
1784692800,1.1304,347631324.5,6667,2939
1784707200,1.1381,345611171.1,8294,3978
1784721600,1.1507,346849686.5,15035,7328
1784736000,1.1366,345835888.6,8774,3857
1784750400,1.1415,344672616.3,4853,2307
1784764800,1.1333,342944240.4,4871,2294
1784779200,1.1331,344451970.7,4695,2078
1784793600,1.1321,345717306.6,4320,1997
1784808000,1.112,347045821.3,22332,9306
1784822400,1.104,344457386.8,9674,5405
1784836800,1.1073,339337904.8,6386,3316
1784851200,1.1105,339243531.6,5076,2241
1784865600,1.1133,334877796.5,5588,2617
1784880000,1.1034,334654538,8905,4157
1784894400,1.0905,337133979.3,18253,8156
1784908800,1.0887,337044741.3,9026,4217
1784923200,1.0913,335494247.6,3697,2073
1784937600,1.0909,334218269.6,5551,2674
1784952000,1.0873,334833066.5,4486,1652
1784966400,1.0894,334286973,3731,1707
1784980800,1.0979,334473854.7,5656,2943
1784995200,1.1001,335049326.9,4863,2547
1785009600,1.0971,335099635.5,3271,1694
1785024000,1.1011,337217087.2,2635,1333
1785038400,1.0983,335327699.3,3643,1491
1785052800,1.1,335870174.3,2542,1118
1785067200,1.104,338015989.4,5263,2347
1785081600,1.1017,338301437.8,2942,1255
1785096000,1.1125,335226398.9,7313,4361
1785110400,1.107,335990632.3,5120,1841
1785124800,1.107,336052768.4,5788,2172
1785139200,1.1046,336054207.4,6104,2572
1785153600,1.0856,329617255.2,15640,6363
1785168000,1.0918,329655830.6,10800,5326
1785182400,1.0652,333461522.5,16752,7855
1785196800,1.0577,340148734,10166,4287
1785211200,1.0553,342774252.7,7278,3027
1785225600,1.0488,345870977.3,11139,4637
1785240000,1.0646,342083121.6,15588,7439
1785254400,1.0607,342460536.7,6205,2965
1785268800,1.0686,334066350.7,7987,3676
1785283200,1.0711,321010110.3,19305,8705
1785297600,1.0899,308684394.7,14614,6653
1785312000,1.0838,303055285.5,10089,4809
1785326400,1.0676,300331000.6,11767,5053
1785340800,1.0691,300522024.1,17622,8550
1785355200,1.0733,301107762.5,10523,5165
1785369600,1.075,300101365,9078,4611
1785384000,1.0763,298079454,6028,2122
1785398400,1.0834,300384249.1,6825,3186
1785412800,1.0918,301763222.3,15386,8172
1785427200,1.0895,302058004.3,8200,4666
1785441600,1.0824,302759018.6,5631,3167
1785456000,1.0812,301642380.4,7095,3263
1785470400,1.079,302370583.1,5965,2432
1785484800,1.0721,303812104.3,7225,3649
1785499200,1.06,298115334.8,19261,8642
1785513600,1.061,297908990.6,9625,4510
1785528000,1.0613,297856165.9,4977,2258
1785542400,1.0655,299073044.9,2858,1296
1785556800,1.0616,299615681.6,4039,1764
1785571200,1.0632,300565367.2,2819,1143
1785585600,1.0624,299385875.3,2673,1201
1785600000,1.0517,296454463.8,7589,3239
1785614400,1.06,297003267.7,4920,2514
1785628800,1.077,293646515.3,6350,3331
1785643200,1.0832,294368434.1,6661,3228
1785657600,1.0792,295024694.5,7224,3437
1785672000,1.0799,297273199.6,4336,1953
1785686400,1.0814,296436803.6,3674,1994
1785700800,1.0865,297356565.3,5298,2670
1785715200,1.0707,295210886.5,6395,2711
1785729600,1.0676,295990284.7,6831,2990
1785744000,1.064,298255152.8,10381,5937
1785758400,1.0834,291777833.4,12033,4959
1785772800,1.0796,291692599,5905,2554
1785787200,1.0754,293870788.2,5314,2232
1785801600,1.077,293599984.8,7003,3592
1785816000,1.0783,293125758.5,5471,2627
1785830400,1.0787,294601214.3,5890,2695
1785844800,1.0769,296730704.3,9574,4339
1785859200,1.0798,299482425,6803,3224
1785873600,1.0733,298671796.5,5001,2191
1785888000,1.067,298191942.4,9489,4298
1785902400,1.0665,301558892.2,5022,1988
1785916800,1.0605,306173990.3,8189,3834
1785931200,1.0602,308708836.8,15043,6823
1785945600,1.0694,306110995.4,9166,4265
1785960000,1.0617,306716226.8,6326,3246
1785974400,1.0428,322608057.3,18240,7425
1785988800,1.0487,326213937.8,12564,5868
1786003200,1.0499,327116547.8,12568,5899
1786017600,1.0487,324973486.4,10998,4933
1786032000,1.0343,336538879.3,15545,7684
1786046400,1.0347,339470223.5,8665,4421
1786060800,1.0207,337759468.9,15539,6804
1786075200,1.0281,340636525.4,17193,9509
1786089600,1.0335,335868201.2,11575,5386
1786104000,1.0273,336924348.9,16723,6905
1786118400,1.0232,341853581.2,15731,7765
1786132800,1.0205,341436592.3,5212,2718
1786147200,1.0367,337604027.1,5705,3095
1786161600,1.0342,337185364.6,6141,2337
1786176000,1.0374,336985294.4,5775,2575
1786190400,1.0449,335743582.4,7547,3990
1786204800,1.0422,332623213.5,5902,2043
1786219200,1.0391,333037777.3,3182,1166
1786233600,1.0367,335079480.5,3622,1613
1786248000,1.0368,332876489.3,5224,1809
1786262400,1.0364,332204430.5,4602,2059
1786276800,1.0429,332525918,3870,1921
1786291200,1.0415,332139921.4,4337,1595
1786305600,1.0292,330382360.1,8128,3542
1786320000,1.0309,331479556.7,9104,4091
1786334400,1.037,334639626.9,4517,2051
1786348800,1.0341,337229554.5,10145,3877
1786363200,1.0225,344051461.6,13768,6143
1786377600,1.0201,348191993,11704,6102
1786392000,1.0116,362013665.3,12799,5769
1786406400,1.0141,365228996,7661,3521
1786420800,1.0043,376957769.2,10663,4458
1786435200,1.0077,385135017.4,8916,4365
1786449600,1.0031,391749429.5,25605,11371
1786464000,1.0151,385257864.5,15038,7197
1786478400,1.0224,381059118.2,12000,6379
1786492800,1.0199,378805777,8176,3893
1786507200,1.0203,379733598.6,7914,3751
1786521600,1.022,377025475.9,9484,4160
1786536000,1.0122,375308377.3,15669,6895
1786550400,1.007,378375722.2,7851,3884
1786564800,1.0051,377750606.7,7030,3810
1786579200,1.0103,377880106,8518,4191
1786593600,1.0127,377876317.6,5265,2405
1786608000,1.0036,382002762,7536,2653
1786622400,1.0023,386616105,9794,3990
1786636800,1.0097,387122485.1,9407,3993
1786651200,1.0089,384665582.4,3421,1496
1786665600,1.0094,382718277.3,3852,1665
1786680000,1.0041,382687040.5,5535,2074
1786694400,1.0021,385655604.1,10653,5028
1786708800,1.0062,387534078.8,14249,6514
1786723200,0.9983,405392423.8,14211,5518
1786737600,0.9988,412217883.4,17424,7089
1786752000,1.0042,405683635.5,6276,2919
1786766400,1.0023,402164428.4,3580,1404
1786780800,1.0018,401195322.6,2852,1135
1786795200,1.0017,402848991,2863,1225
1786809600,1.0034,403265541.1,2289,947
1786824000,1.0022,404465491.3,3010,1351
1786838400,1.0015,404383534.7,2020,878
1786852800,1.0019,405019501.9,2427,789
1786867200,0.9993,406990688.7,3836,1501
1786881600,1.0013,407131798.1,2596,1211
1786896000,1.0003,409482931,6927,2761
1786910400,0.9929,417944335.2,7442,3411
1786924800,1.0021,416862354.2,10155,4575
1786939200,1.0025,410488169,8980,4276
1786953600,0.9998,414255821.2,6796,3053
1786968000,1.0064,407676658.8,11552,5447
1786982400,1.0009,406507199.9,6764,2627
1786996800,1.0025,404542263.3,3990,2058
1787011200,0.9904,415069878.9,12263,5573
1787025600,0.9959,412104903.4,8218,3660
1787040000,0.9983,409826045.7,5797,2612
1787054400,1.0034,405699281.6,8744,4238
1787068800,1.0021,403741376.1,3773,1754
1787083200,1.0015,402444392.6,6446,3220
1787097600,0.9998,401528545.8,9184,4725
1787112000,1.0031,402151656.5,7192,3577
1787126400,1.0053,403232414.5,8047,4093
1787140800,1.0673,396609466.4,53306,26914
1787155200,1.0675,383461055.4,33089,14692
1787169600,1.1054,352490773,74187,37263
1787184000,1.0937,352630420.2,20521,9588
1787198400,1.112,350703216.4,12698,6542
1787212800,1.1904,331223270.8,58968,33017
1787227200,1.2607,332928523.5,104857,52651
1787241600,1.2326,344013543.8,135286,68661
1787256000,1.2677,335516480.4,48202,18880
1787270400,1.3081,334669079.4,54590,27620
1787284800,1.3138,334527150.6,41946,20165
1787299200,1.3573,335041564.2,126110,65210
1787313600,1.403,338132182.3,78386,35333
1787328000,1.3723,336623359.6,60273,27093
1787342400,1.4538,340864213.3,80908,40844
1787356800,1.5637,347626378.9,116148,60915
1787371200,1.5636,340089233.3,235849,115694
1787385600,1.4887,348022878.2,93036,46925
1787400000,1.4399,343744501.4,67923,32190
1787414400,1.5004,336364196.4,42014,20326
1787428800,1.4617,339830653.5,33253,14282
1787443200,1.4742,335623556.1,44139,20695
1787457600,1.4616,347615809.6,,
1787472000,1.4943,344669619.6,,
1787486400,1.4964,336164107.4,,
1787500800,1.4972,337762411,27851,12408
1787515200,1.52,335107405.7,35888,16884
1787529600,1.465,340141421.5,42195,21366
1787544000,1.4753,338879751.7,41313,21226
1787558400,1.4968,332999236.7,45163,22730
1787572800,1.5005,328288558.8,62104,28895
1787587200,1.4824,330263592.4,49999,22692
1787601600,1.4813,326826985.9,23265,9330
1787616000,1.5132,328783240.8,57747,29895
1787630400,1.4854,328032451.4,35290,17502
1787644800,1.4799,327643784.8,25140,12326
1787659200,1.478,324039471.4,50661,23775
1787673600,1.4713,325589033.8,15492,7773
1787688000,1.4335,314228045.8,42147,21175
1787702400,1.439,314848115.6,17888,8742
1787716800,1.432,319096806.2,20904,10588
1787731200,1.4113,326486680,28197,15056
1787745600,1.3724,331709918.1,53918,27455
1787760000,1.3774,329601637.8,23375,12435
1787774400,1.4217,331051176.5,25448,13814
1787788800,1.4065,334514363.2,16540,7536
1787803200,1.4115,332925263.2,12118,5863
1787817600,1.4246,328638965.3,43643,20758
1787832000,1.4651,329768082.6,38918,18972
1787846400,1.4567,330505484.5,29506,14282
1787860800,1.4524,331791199,16269,7673
1787875200,1.4301,327645884,27527,14180
1787889600,1.4198,327713169.4,14151,7187
1787904000,1.419,323818034.8,16992,8690
1787918400,1.4028,311639150.8,51245,25438
1787932800,1.3779,305121850.6,34076,16635
1787947200,1.3829,301538644.8,11917,6483
1787961600,1.3788,304286399.6,9062,4495
1787976000,1.3819,305944361.6,7844,3950
1787990400,1.3826,306702231.2,5718,2652
1788004800,1.3925,307222189,8565,4762
1788019200,1.3967,311907314.3,11890,6322
1788033600,1.3956,311137327.8,7300,3978
1788048000,1.3919,312131366.8,8670,4010
1788062400,1.3912,313335386.8,8022,3830
1788076800,1.3917,313071007.7,9066,4612
1788091200,1.3976,313329904.2,14128,7077
1788105600,1.4103,317493632.9,20887,10299
1788120000,1.3566,310195125.7,34121,14884
1788134400,1.354,310395625.9,22185,11962
1788148800,1.3719,312701263.8,17987,9245
1788163200,1.3706,311075577.5,14487,6354
1788177600,1.3722,309663613.3,19143,8375
1788192000,1.3868,307800778.8,12695,6041
1788206400,1.3792,307119812.7,9255,4552
1788220800,1.3862,306501985.1,13410,7482
1788235200,1.3792,307704662.7,15095,8542
1788249600,1.3815,310551328,19086,10465
1788264000,1.3776,307824225.1,20906,9880
1788278400,1.3538,307182783,24857,12398
1788292800,1.3512,306513142.7,16410,8565
1788307200,1.3512,304723971.2,21334,10777
1788321600,1.3449,303422500.9,14928,8353
1788336000,1.3244,308835123.4,29566,15492
1788350400,1.3364,304481815.7,21887,10657
1788364800,1.3437,307028307.5,14466,7293
1788379200,1.3506,306428800.6,14332,7984
1788393600,1.3662,305132281.9,25803,14179
1788408000,1.365,304386119.6,22490,11125
1788422400,1.3727,306062822.5,18607,9960
1788436800,1.4641,312134125,72129,37829
1788451200,1.4709,317752992.7,40131,20275
1788465600,1.4507,319049077,33611,15840
1788480000,1.4464,320655305.3,19152,9948
1788494400,1.4432,317193199.2,20421,11268
1788508800,1.4499,314708610.7,25994,12251
1788523200,1.3983,303939202.9,70280,32929
1788537600,1.3983,301046188.7,15053,7564
1788552000,1.3977,299502156.5,10045,5324
1788566400,1.3966,298926240.5,8829,4431
1788580800,1.4039,302468598.9,9239,5054
1788595200,1.4036,303650692.7,11486,5872
1788609600,1.4117,305639906.8,16281,8183
1788624000,1.4154,305444640.8,15501,7137
1788638400,1.4118,301838816.3,12783,6240
1788652800,1.4234,306070676.6,12140,6172
1788667200,1.4159,307022411.6,12033,5668
1788681600,1.4201,306227552.5,10314,5411
1788696000,1.4104,305583842.8,16339,7078
1788710400,1.4096,305583690.7,7011,3392
1788724800,1.4231,306425317.1,12934,6416
1788739200,1.4055,307578651,26218,14537
1788753600,1.3981,308491866.2,20876,10799
1788768000,1.3984,310381888.7,17240,9286
1788782400,1.3828,313340291.8,28741,14351
1788796800,1.4013,309067556.6,9992,4767
1788811200,1.3962,308487670.8,13468,6070
1788825600,1.3941,307800184.5,15356,6853
1788840000,1.3877,308322820.9,16298,7811
1788854400,1.3939,308247482.9,15079,7120
1788868800,1.4338,312350166.6,32917,17683
1788883200,1.4226,312795228,35697,17893
1788897600,1.4164,312435837.5,16842,9312
1788912000,1.4162,314727772.1,18212,9507
1788926400,1.4406,314290003.4,22362,11603
1788940800,1.4265,314823684.4,22164,11672
1788955200,1.4165,302933687.9,33160,16920
1788969600,1.4009,301350482.6,19788,10840
1788984000,1.3941,300092027.6,25773,13986
1788998400,1.3898,302434245.5,21739,11477
1789012800,1.3819,307049907.6,16945,9151
1789027200,1.3756,309570315.3,23977,11839
1789041600,1.356,306052686.1,41969,19514
1789056000,1.3499,302728107.6,25120,12128
1789070400,1.334,302769070,12724,6115
1789084800,1.3422,302154398.9,15025,8028
1789099200,1.3509,302342020,15145,7907
1789113600,1.3283,303848689.6,23536,10822
1789128000,1.3738,304336808.4,82425,38431
1789142400,1.3606,301344058.7,24683,12296
1789156800,1.3557,300688125.7,13364,6723
1789171200,1.3633,299397262.4,8359,4508
1789185600,1.3685,299714045.9,9400,3749
1789200000,1.3717,298842926.2,9677,4464
1789214400,1.3719,296314174.3,9022,4796
1789228800,1.3623,293677172,7429,3279
1789243200,1.3655,292463272.5,4659,2236
1789257600,1.3629,292069473.1,6767,3110
1789272000,1.357,294394006.5,5578,2577
1789286400,1.3426,299403244.9,13624,5915
1789300800,1.3427,303160956.1,10647,4864
1789315200,1.3545,300846708.2,6896,2840
1789329600,1.3402,304523229.1,16065,7368
1789344000,1.3723,303335886.5,22939,11261
1789358400,1.3899,304113460.3,25630,14816
1789372800,1.3981,305061983.2,36419,18767
1789387200,1.4026,303310478.2,35231,17661
1789401600,1.4636,311621201.9,66311,31314
1789416000,1.4228,311614391.7,48743,23409
1789430400,1.4153,305591505.8,22641,11734
1789444800,1.3935,306231896,24551,11743
1789459200,1.4002,307225833.7,21611,10889
1789473600,1.3889,309541509.3,69176,35971
1789488000,1.2953,309048192.7,121646,60688
1789502400,1.2826,306178043.5,49522,23963
1789516800,1.2968,296392285.1,30817,15057
1789531200,1.2847,295445979.8,23022,11994
1789545600,1.2953,300338987.6,19144,9942
1789560000,1.2655,309041971.8,30674,15837
1789574400,1.2999,292071234.1,62318,33682
1789588800,1.2987,285213493.9,28932,14380
1789603200,1.3021,289824038.6,22516,12394
1789617600,1.3015,292741981.7,20397,10523
1789632000,1.299,299801824.3,19876,9208
1789646400,1.3073,299963186.9,28786,14121
1789660800,1.2949,305914042.9,15748,7154
1789675200,1.2954,307742429,13696,6119
1789689600,1.326,312836873.2,20620,10874
1789704000,1.3282,314661815.9,29419,14134
1789718400,1.3232,320193762.7,28667,14008
1789732800,1.3849,327503984.1,69393,33880
1789747200,1.4118,338021598.4,35331,17386
1789761600,1.3964,333259048.3,28331,12783
1789776000,1.4179,333710691.6,33660,17084
1789790400,1.4106,335169678.8,30271,14365
1789804800,1.4342,342115691.9,24243,11720
1789819200,1.4306,347366587.8,43424,20059
1789833600,1.4277,340601480.2,25807,12525
1789848000,1.4104,333389868.1,25532,10215
1789862400,1.3823,332289944.1,27962,12807
1789876800,1.3791,327776478.3,16088,8036
1789891200,1.3798,325939735.9,17510,8734
1789905600,1.3902,328901933.4,21208,10637
1789920000,1.4088,326640880.1,22888,11878
1789934400,1.4099,327489674.9,20276,9897
1789948800,1.4226,325637031.7,32385,17485
1789963200,1.4383,333165737.9,34202,19342
1789977600,1.4855,354060318.2,82465,45298
1789992000,1.4952,352465517.8,60979,30273
1790006400,1.5069,352523412.4,46171,23512
1790020800,1.5362,352244371,77744,40477
1790035200,1.5156,351708062.3,42977,23209
1790049600,1.5183,349004550.5,44587,24588
1790064000,1.5372,350607793.9,46770,23405
1790078400,1.5716,353877001.8,78763,37683
1790092800,1.5876,358173687.4,57841,27921
1790107200,1.572,355904238.7,37378,16688
1790121600,1.618,360962747,45064,24665
1790136000,1.6157,365363827.7,70756,33478
1790150400,1.5724,356566527.5,58146,26562
1790164800,1.5057,347013151.8,79292,37290
1790179200,1.4927,335207488,40895,22127
1790193600,1.4999,326658113.8,24228,13368
1790208000,1.4934,322903915.3,25186,13058
1790222400,1.5058,321860971,23892,12807
1790236800,1.4689,326368030.2,37215,19257
1790251200,1.514,320496233.1,50174,27383
1790265600,1.5276,323846894.8,37139,17153
1790280000,1.534,322140227.4,23262,9966
1790294400,1.5301,321537197.4,38467,20072
1790308800,1.5339,322695396.4,19390,9713
1790323200,1.5938,335679638.5,72009,39159
1790337600,1.5757,320492471.9,150426,80660
1790352000,1.5714,313332996.7,40851,17426
1790366400,1.5677,311676046.6,20829,10129
1790380800,1.5579,311797917,17804,8186
1790395200,1.5517,312043164.1,17967,8354
1790409600,1.5462,311353501.1,18669,7718
1790424000,1.5519,316360832.1,17378,7637
1790438400,1.5226,318710322.6,21688,8305
1790452800,1.5264,312077846.2,23917,11778
1790467200,1.5149,315041171.9,15284,6110
1790481600,1.5379,321936471.2,19440,8463
1790496000,1.5373,330154976.2,19227,9259
1790510400,1.5158,326556428.5,23988,10901
1790524800,1.5312,328888457.3,11987,6121
1790539200,1.5159,328196816.6,23900,11451
1790553600,1.4918,315594184.4,35643,17533
1790568000,1.4706,318340003.1,25906,12432
1790582400,1.4925,318698717.2,27723,14274
1790596800,1.494,315263931.4,55354,27859
1790611200,1.4833,311920819.5,28287,16604
1790625600,1.4961,307485116.7,16078,6827
1790640000,1.4886,312573262.1,22698,10995
1790654400,1.5073,317692759.4,16537,8361
1790668800,1.5165,317220058.2,14929,6981
1790683200,1.5174,323537467.7,75921,38059
1790697600,1.4928,312957909.2,38304,17402
1790712000,1.49,312355624.5,20627,9900
1790726400,1.4927,315234433.6,17334,8275
1790740800,1.4998,318126828.8,20550,9484
1790755200,1.5154,318049921.5,23257,12246
1790769600,1.5047,316299202.3,57826,25342
1790784000,1.49,315630158.9,17875,8847
1790798400,,,13408,7826
