t,symbol,l,s
1790726400,1000SHIBUSDT_PERP.A,1016,0
1790726400,AAVEUSDT_PERP.A,223.2,29.6
1790726400,ADAUSDT_PERP.A,18438,0
1790726400,AVAXUSDT_PERP.A,98,0
1790726400,BTCUSDT_PERP.A,0.8730000000000001,0.498
1790726400,DOGEUSDT_PERP.A,71583,0
1790726400,DOTUSDT_PERP.A,21.299999999999997,0
1790726400,ETHUSDT_PERP.A,297.0019999999999,0.5
1790726400,HBARUSDT_PERP.A,405259,732
1790726400,LINKUSDT_PERP.A,1797.0800000000002,0
1790726400,LTCUSDT_PERP.A,713.9929999999999,0
1790726400,SOLUSDT_PERP.A,311.30000000000007,0
1790726400,XLMUSDT_PERP.A,24766,0
1790726400,XRPUSDT_PERP.A,4013.2999999999997,2033.4
1790726400,XTZUSDT_PERP.A,533,0
1790730000,1000SHIBUSDT_PERP.A,0,66150
1790730000,AAVEUSDT_PERP.A,181.6,2.7
1790730000,ADAUSDT_PERP.A,99,6824
1790730000,AVAXUSDT_PERP.A,0,29
1790730000,BCHUSDT_PERP.A,0,0.136
1790730000,BTCUSDT_PERP.A,0.017,0.011
1790730000,DOGEUSDT_PERP.A,0,1154
1790730000,DOTUSDT_PERP.A,0,362.9
1790730000,ETHUSDT_PERP.A,0.40599999999999997,11.724000000000002
1790730000,HBARUSDT_PERP.A,50663,152078
1790730000,LTCUSDT_PERP.A,0,0.359
1790730000,SOLUSDT_PERP.A,0,179.86
1790730000,XLMUSDT_PERP.A,0,2404
1790730000,XRPUSDT_PERP.A,0,255
1790730000,XTZUSDT_PERP.A,0,909.9
1790733600,AAVEUSDT_PERP.A,156.99999999999997,2.2
1790733600,ADAUSDT_PERP.A,84,0
1790733600,AVAXUSDT_PERP.A,693,22
1790733600,BCHUSDT_PERP.A,32.866,0
1790733600,BTCUSDT_PERP.A,1.4089999999999998,1.27
1790733600,DOGEUSDT_PERP.A,1709,0
1790733600,DOTUSDT_PERP.A,714.4,0
1790733600,ETHUSDT_PERP.A,19.547,15.921
1790733600,HBARUSDT_PERP.A,46181,948
1790733600,LINKUSDT_PERP.A,125.42,2.82
1790733600,SOLUSDT_PERP.A,12.72,368.34
1790733600,XRPUSDT_PERP.A,399.7,12259
1790737200,1000SHIBUSDT_PERP.A,16953,0
1790737200,AAVEUSDT_PERP.A,881.6,0.4
1790737200,ADAUSDT_PERP.A,305,0
1790737200,AVAXUSDT_PERP.A,969,0
1790737200,BCHUSDT_PERP.A,174.12599999999998,0
1790737200,BTCUSDT_PERP.A,3.4349999999999996,0.012
1790737200,DOGEUSDT_PERP.A,98902,0
1790737200,DOTUSDT_PERP.A,233.1,0
1790737200,ETHUSDT_PERP.A,5.3389999999999995,5.916
1790737200,HBARUSDT_PERP.A,20623,1059
1790737200,LINKUSDT_PERP.A,1197.6800000000003,0
1790737200,LTCUSDT_PERP.A,1.117,0
1790737200,SOLUSDT_PERP.A,38.7,18.4
1790737200,XLMUSDT_PERP.A,3272,0
1790737200,XRPUSDT_PERP.A,15298.6,0
1790740800,1000SHIBUSDT_PERP.A,0,16276
1790740800,AAVEUSDT_PERP.A,0,0.2
1790740800,BTCUSDT_PERP.A,0.023,0
1790740800,ETHUSDT_PERP.A,0.166,0
1790740800,HBARUSDT_PERP.A,33600,0
1790740800,SOLUSDT_PERP.A,12.160000000000002,68.57
1790740800,XLMUSDT_PERP.A,0,263
1790744400,AAVEUSDT_PERP.A,4.5,0.2
1790744400,ADAUSDT_PERP.A,0,12231
1790744400,BTCUSDT_PERP.A,0.137,0.7269999999999999
1790744400,DOGEUSDT_PERP.A,0,7253
1790744400,DOTUSDT_PERP.A,0,27.1
1790744400,ETHUSDT_PERP.A,0.7629999999999999,26.620000000000005
1790744400,HBARUSDT_PERP.A,3853,171100
1790744400,LINKUSDT_PERP.A,0,96.24
1790744400,SOLUSDT_PERP.A,377.38000000000005,155.73999999999998
1790744400,XRPUSDT_PERP.A,0,2074.3
1790744400,XTZUSDT_PERP.A,23.4,80.3
1790748000,1000SHIBUSDT_PERP.A,1473938,0
1790748000,AAVEUSDT_PERP.A,157.00000000000003,3.2
1790748000,ADAUSDT_PERP.A,8035,0
1790748000,AVAXUSDT_PERP.A,4473,0
1790748000,BCHUSDT_PERP.A,10.684,0
1790748000,BTCUSDT_PERP.A,9.705999999999998,0.428
1790748000,DOGEUSDT_PERP.A,658004,0
1790748000,DOTUSDT_PERP.A,5237.099999999999,0
1790748000,ETHUSDT_PERP.A,306.782,2.854
1790748000,HBARUSDT_PERP.A,6868,6413
1790748000,LINKUSDT_PERP.A,2058.19,0
1790748000,LTCUSDT_PERP.A,74.809,0
1790748000,SOLUSDT_PERP.A,2046.8300000000002,4.99
1790748000,XLMUSDT_PERP.A,28266,23
1790748000,XRPUSDT_PERP.A,7238.500000000001,413.20000000000005
1790748000,XTZUSDT_PERP.A,309.1,0
1790751600,1000SHIBUSDT_PERP.A,81289,0
1790751600,AAVEUSDT_PERP.A,1.3,1
1790751600,ADAUSDT_PERP.A,5043,14778
1790751600,AVAXUSDT_PERP.A,1268,57
1790751600,BCHUSDT_PERP.A,0.207,0.088
1790751600,BTCUSDT_PERP.A,1.053,1.157
1790751600,DOGEUSDT_PERP.A,0,7353
1790751600,DOTUSDT_PERP.A,338,0
1790751600,ETHUSDT_PERP.A,2.505,47.25200000000001
1790751600,HBARUSDT_PERP.A,8223,68401
1790751600,LINKUSDT_PERP.A,302.71,174.97
1790751600,LTCUSDT_PERP.A,23.838,0
1790751600,SOLUSDT_PERP.A,183.08,302.90000000000003
1790751600,XLMUSDT_PERP.A,0,2698
1790751600,XRPUSDT_PERP.A,15025.9,3617.7
1790751600,XTZUSDT_PERP.A,1180.4,0
1790755200,1000SHIBUSDT_PERP.A,127228,0
1790755200,AAVEUSDT_PERP.A,0.3,21.1
1790755200,AVAXUSDT_PERP.A,197,8
1790755200,BCHUSDT_PERP.A,3.767,0
1790755200,BTCUSDT_PERP.A,0.9610000000000002,0.07900000000000001
1790755200,DOGEUSDT_PERP.A,119510,0
1790755200,DOTUSDT_PERP.A,0,27709.9
1790755200,ETHUSDT_PERP.A,51.422,7.9190000000000005
1790755200,HBARUSDT_PERP.A,59626,25613
1790755200,LINKUSDT_PERP.A,914.13,0
1790755200,LTCUSDT_PERP.A,10.134,0
1790755200,SOLUSDT_PERP.A,108.33,0
1790755200,XLMUSDT_PERP.A,13018,0
1790755200,XRPUSDT_PERP.A,7114.799999999999,850
1790755200,XTZUSDT_PERP.A,251.8,0
1790758800,1000SHIBUSDT_PERP.A,0,125110
1790758800,AAVEUSDT_PERP.A,0,6.8
1790758800,ADAUSDT_PERP.A,0,54506
1790758800,AVAXUSDT_PERP.A,21,0
1790758800,BCHUSDT_PERP.A,0,10.666
1790758800,BTCUSDT_PERP.A,0.002,8.729
1790758800,DOGEUSDT_PERP.A,0,275796
1790758800,DOTUSDT_PERP.A,0,11779.900000000001
1790758800,ETHUSDT_PERP.A,0.21799999999999997,664.436
1790758800,HBARUSDT_PERP.A,27833,8723
1790758800,LINKUSDT_PERP.A,0,236.07
1790758800,LTCUSDT_PERP.A,0.308,9.765
1790758800,SOLUSDT_PERP.A,8.94,1238.4599999999998
1790758800,XLMUSDT_PERP.A,0,44
1790758800,XRPUSDT_PERP.A,0,72416.2
1790762400,AVAXUSDT_PERP.A,28,307
1790762400,BTCUSDT_PERP.A,0.005,3.653999999999999
1790762400,DOGEUSDT_PERP.A,0,269438
1790762400,DOTUSDT_PERP.A,2495.2000000000003,0
1790762400,ETHUSDT_PERP.A,0.011,36.675000000000004
1790762400,HBARUSDT_PERP.A,40,0
1790762400,LTCUSDT_PERP.A,0,0.779
1790762400,SOLUSDT_PERP.A,13.08,75.72
1790762400,XLMUSDT_PERP.A,0,323
1790766000,1000SHIBUSDT_PERP.A,10468,39738
1790766000,AAVEUSDT_PERP.A,6.1,0
1790766000,ADAUSDT_PERP.A,38747,0
1790766000,AVAXUSDT_PERP.A,0,463
1790766000,BCHUSDT_PERP.A,5.32,0
1790766000,BTCUSDT_PERP.A,0.889,1.5499999999999998
1790766000,DOGEUSDT_PERP.A,0,1059304
1790766000,DOTUSDT_PERP.A,6805.400000000001,0
1790766000,ETHUSDT_PERP.A,4.107,99.02800000000002
1790766000,HBARUSDT_PERP.A,4101,211481
1790766000,LINKUSDT_PERP.A,120.87,13.9
1790766000,LTCUSDT_PERP.A,127.968,3.681
1790766000,SOLUSDT_PERP.A,50,51.650000000000006
1790766000,XLMUSDT_PERP.A,1592,609
1790766000,XRPUSDT_PERP.A,804.1,28939.4
1790766000,XTZUSDT_PERP.A,0,381.4
1790769600,1000SHIBUSDT_PERP.A,0,29673652
1790769600,AAVEUSDT_PERP.A,0.5,213.29999999999998
1790769600,ADAUSDT_PERP.A,9750,588616
1790769600,AVAXUSDT_PERP.A,0,2962
1790769600,BCHUSDT_PERP.A,41.458,81.05499999999999
1790769600,BTCUSDT_PERP.A,0.24800000000000003,165.77599999999993
1790769600,DOGEUSDT_PERP.A,210,3195795
1790769600,DOTUSDT_PERP.A,0,2234.5
1790769600,ETHUSDT_PERP.A,11.894000000000002,3752.8470000000007
1790769600,HBARUSDT_PERP.A,24926,21058
1790769600,LINKUSDT_PERP.A,0,3185.2000000000003
1790769600,LTCUSDT_PERP.A,30.628999999999998,224.548
1790769600,SOLUSDT_PERP.A,0.16999999999999998,22959.16
1790769600,XLMUSDT_PERP.A,6266,12654
1790769600,XRPUSDT_PERP.A,8692.9,503853.3999999999
1790769600,XTZUSDT_PERP.A,0,94.2
1790773200,1000SHIBUSDT_PERP.A,3875877,168545
1790773200,AAVEUSDT_PERP.A,812.5000000000001,1.2999999999999998
1790773200,ADAUSDT_PERP.A,27331,171975
1790773200,AVAXUSDT_PERP.A,5645,5
1790773200,BCHUSDT_PERP.A,11.683999999999997,11.033
1790773200,BTCUSDT_PERP.A,51.41800000000002,18.058999999999997
1790773200,DOGEUSDT_PERP.A,1319939,216480
1790773200,DOTUSDT_PERP.A,2392.3999999999996,1245.6
1790773200,ETHUSDT_PERP.A,1221.9440000000002,197.50499999999994
1790773200,HBARUSDT_PERP.A,306226,101394
1790773200,LINKUSDT_PERP.A,2252.1099999999997,69.21
1790773200,LTCUSDT_PERP.A,207.561,3.995
1790773200,SOLUSDT_PERP.A,2961.6099999999997,730.01
1790773200,XLMUSDT_PERP.A,65877,0
1790773200,XRPUSDT_PERP.A,292027.9,14033.3
1790773200,XTZUSDT_PERP.A,1366.6,322.3
1790776800,1000SHIBUSDT_PERP.A,187980,0
1790776800,AAVEUSDT_PERP.A,162.4,4
1790776800,ADAUSDT_PERP.A,282065,0
1790776800,AVAXUSDT_PERP.A,14419,0
1790776800,BCHUSDT_PERP.A,154.223,0.675
1790776800,BTCUSDT_PERP.A,37.51499999999999,4.946999999999999
1790776800,DOGEUSDT_PERP.A,4677310,71171
1790776800,DOTUSDT_PERP.A,20307.800000000003,0
1790776800,ETHUSDT_PERP.A,1862.2690000000002,33.240000000000016
1790776800,HBARUSDT_PERP.A,350009,19007
1790776800,LINKUSDT_PERP.A,16534.210000000003,0
1790776800,LTCUSDT_PERP.A,824.326,0
1790776800,SOLUSDT_PERP.A,2538.0699999999997,19.970000000000002
1790776800,XLMUSDT_PERP.A,105692,1832
1790776800,XRPUSDT_PERP.A,154105.59999999998,2059
1790776800,XTZUSDT_PERP.A,94.5,0
1790780400,1000SHIBUSDT_PERP.A,3240167,3161
1790780400,AAVEUSDT_PERP.A,107.69999999999999,0.4
1790780400,ADAUSDT_PERP.A,21113,12675
1790780400,AVAXUSDT_PERP.A,2882,6
1790780400,BTCUSDT_PERP.A,1.5310000000000001,5.037
1790780400,DOGEUSDT_PERP.A,87360,69470
1790780400,DOTUSDT_PERP.A,483.50000000000006,64.8
1790780400,ETHUSDT_PERP.A,58.684,147.98899999999998
1790780400,HBARUSDT_PERP.A,12773,1209
1790780400,LINKUSDT_PERP.A,3410.6,135.93
1790780400,SOLUSDT_PERP.A,1190.8699999999997,774.1199999999999
1790780400,XLMUSDT_PERP.A,88,0
1790780400,XRPUSDT_PERP.A,145712.30000000002,16167.5
1790784000,1000SHIBUSDT_PERP.A,19130,52708
1790784000,AAVEUSDT_PERP.A,5,0
1790784000,ADAUSDT_PERP.A,0,3655
1790784000,AVAXUSDT_PERP.A,4,856
1790784000,BCHUSDT_PERP.A,25,0.32199999999999995
1790784000,BTCUSDT_PERP.A,0.006,10.286999999999999
1790784000,DOGEUSDT_PERP.A,52092,9581
1790784000,DOTUSDT_PERP.A,100,0
1790784000,ETHUSDT_PERP.A,0.185,14.684000000000001
1790784000,HBARUSDT_PERP.A,13918,644
1790784000,LINKUSDT_PERP.A,0,1994.9799999999998
1790784000,LTCUSDT_PERP.A,2,3.595
1790784000,SOLUSDT_PERP.A,1,735.7700000000001
1790784000,XRPUSDT_PERP.A,286.90000000000003,1163.2999999999997
1790787600,1000SHIBUSDT_PERP.A,23342927,0
1790787600,AAVEUSDT_PERP.A,7.9,1.5
1790787600,ADAUSDT_PERP.A,7235,0
1790787600,AVAXUSDT_PERP.A,11,0
1790787600,BCHUSDT_PERP.A,0.067,0
1790787600,BTCUSDT_PERP.A,2.711,0.654
1790787600,DOGEUSDT_PERP.A,257643,57
1790787600,DOTUSDT_PERP.A,8516,12.3
1790787600,ETHUSDT_PERP.A,54.185,45.388
1790787600,HBARUSDT_PERP.A,58798,86526
1790787600,LINKUSDT_PERP.A,8.11,0
1790787600,LTCUSDT_PERP.A,44.528999999999996,0
1790787600,SOLUSDT_PERP.A,786.4099999999999,13.04
1790787600,XLMUSDT_PERP.A,177,7841
1790787600,XRPUSDT_PERP.A,53465.29999999999,10
1790791200,1000SHIBUSDT_PERP.A,1897410,0
1790791200,AAVEUSDT_PERP.A,6.9,0
1790791200,ADAUSDT_PERP.A,62746,2697
1790791200,AVAXUSDT_PERP.A,539,0
1790791200,BCHUSDT_PERP.A,4.043,0
1790791200,BTCUSDT_PERP.A,1.8389999999999997,0.077
1790791200,DOGEUSDT_PERP.A,1601625,0
1790791200,DOTUSDT_PERP.A,362.3,16.9
1790791200,ETHUSDT_PERP.A,194.801,0.342
1790791200,HBARUSDT_PERP.A,215335,234
1790791200,LINKUSDT_PERP.A,371.63,0
1790791200,LTCUSDT_PERP.A,1247.0720000000001,0
1790791200,SOLUSDT_PERP.A,779.31,7.81
1790791200,XLMUSDT_PERP.A,158,2448
1790791200,XRPUSDT_PERP.A,70261,0
1790791200,XTZUSDT_PERP.A,9305,0
1790794800,1000SHIBUSDT_PERP.A,4699894,0
1790794800,AAVEUSDT_PERP.A,10.2,0
1790794800,ADAUSDT_PERP.A,87781,0
1790794800,AVAXUSDT_PERP.A,1499,0
1790794800,BCHUSDT_PERP.A,30.723999999999997,0
1790794800,BTCUSDT_PERP.A,11.211,0.9750000000000001
1790794800,DOGEUSDT_PERP.A,447647,0
1790794800,DOTUSDT_PERP.A,1709.5,0
1790794800,ETHUSDT_PERP.A,187.99,14.852
1790794800,HBARUSDT_PERP.A,881,111247
1790794800,LINKUSDT_PERP.A,1052.55,0
1790794800,SOLUSDT_PERP.A,3502.92,0.98
1790794800,XLMUSDT_PERP.A,1019,5655
1790794800,XRPUSDT_PERP.A,131298.7,309.1
1790798400,AAVEUSDT_PERP.A,9.5,4.6
1790798400,ADAUSDT_PERP.A,24746,30937
1790798400,AVAXUSDT_PERP.A,6,6
1790798400,BCHUSDT_PERP.A,2.702,0.112
1790798400,BTCUSDT_PERP.A,0.388,0.131
1790798400,DOGEUSDT_PERP.A,100,1860
1790798400,DOTUSDT_PERP.A,95.3,21.7
1790798400,ETHUSDT_PERP.A,3.9979999999999998,62.61700000000001
1790798400,HBARUSDT_PERP.A,12310,68549
1790798400,LINKUSDT_PERP.A,3.6,0
1790798400,LTCUSDT_PERP.A,0,2.928
1790798400,SOLUSDT_PERP.A,28.419999999999998,1.81
1790798400,XLMUSDT_PERP.A,154,44868
1790798400,XRPUSDT_PERP.A,2244.6,3.4
1790798400,XTZUSDT_PERP.A,17,620.3
1790802000,1000SHIBUSDT_PERP.A,53689,0
1790802000,ADAUSDT_PERP.A,389,0
1790802000,AVAXUSDT_PERP.A,139,0
1790802000,BCHUSDT_PERP.A,40.501,0
1790802000,BTCUSDT_PERP.A,0.619,0.027999999999999997
1790802000,DOGEUSDT_PERP.A,75031,0
1790802000,DOTUSDT_PERP.A,585.3,0
1790802000,ETHUSDT_PERP.A,0.789,1.8049999999999997
1790802000,HBARUSDT_PERP.A,65284,0
1790802000,LINKUSDT_PERP.A,3.51,0
1790802000,LTCUSDT_PERP.A,4.072,0
1790802000,SOLUSDT_PERP.A,55.900000000000006,88.23
1790802000,XLMUSDT_PERP.A,5147,0
1790802000,XRPUSDT_PERP.A,21147.9,0
1790805600,1000SHIBUSDT_PERP.A,1806,845798
1790805600,AAVEUSDT_PERP.A,6.8999999999999995,0
1790805600,ADAUSDT_PERP.A,35,64343
1790805600,AVAXUSDT_PERP.A,1567,0
1790805600,BCHUSDT_PERP.A,2.0900000000000003,2
1790805600,BTCUSDT_PERP.A,0.13,3.6199999999999997
1790805600,DOGEUSDT_PERP.A,4333,846160
1790805600,DOTUSDT_PERP.A,6045.7,0
1790805600,ETHUSDT_PERP.A,10.391,99.41799999999999
1790805600,HBARUSDT_PERP.A,148194,92935
1790805600,LTCUSDT_PERP.A,0,553.902
1790805600,SOLUSDT_PERP.A,0.15,101.88
1790805600,XLMUSDT_PERP.A,38495,4196
1790805600,XRPUSDT_PERP.A,1913.3000000000002,586
1790805600,XTZUSDT_PERP.A,403.3,0
1790809200,ADAUSDT_PERP.A,2034,0
1790809200,BTCUSDT_PERP.A,0.3470000000000001,0
1790809200,DOTUSDT_PERP.A,2028.6,0
1790809200,ETHUSDT_PERP.A,1.978,5.779
1790809200,HBARUSDT_PERP.A,62328,58
1790809200,SOLUSDT_PERP.A,8.4,0.6
1790809200,XLMUSDT_PERP.A,4277,0
1790809200,XRPUSDT_PERP.A,682.1999999999999,0
