n,raw,edge,win,t,med,worst,version,dim,key,test,yrs_pos,yrs
90,-0.15836421449190347,-0.03253697369204875,42.22222222222222,-0.0796397383210918,-0.20293160384675094,-11.694888395111601,24h,coin,AAVE,0.11022317355969447,3.0,5.0
50,0.23746359788709348,0.242691267817582,48.0,0.5487924599552647,-0.06976543025004603,-6.540377269402314,24h,coin,ADA,0.5141797625718691,3.0,5.0
83,1.4152616656386179,1.453851163108561,66.26506024096386,3.9767628511359887,1.288088927853348,-6.033422488855555,24h,coin,AVAX,1.6846125219324382,5.0,5.0
91,0.3544402499239057,0.5055787551264957,49.45054945054945,1.3776438691467616,-0.0007736222518150114,-8.08542250479789,24h,coin,BCH,0.8288877617679083,3.0,5.0
101,0.4179083467551573,0.5463462233413713,54.45544554455446,2.33109526917876,0.0950250938427378,-4.215847678255047,24h,coin,BTC,0.5241306010656189,3.0,5.0
81,0.5663094218392483,0.6498175899353399,60.49382716049383,1.9456194704166492,0.43911376058143337,-6.542746676215627,24h,coin,DOGE,0.6411692382682354,4.0,5.0
62,0.24207155244627704,0.291358023201298,48.38709677419355,0.7208405389273158,-0.06630261300299414,-6.357035026153735,24h,coin,DOT,0.37565931714408585,3.0,5.0
90,0.3192042300464322,0.46547621789539695,51.11111111111111,1.5937929876265062,0.03172064491956958,-6.847159848786177,24h,coin,ETH,0.2065625324844434,3.0,5.0
70,0.8256339950227234,0.8668988075381783,62.857142857142854,1.9560517126042223,1.6487534231913403,-8.753903690591203,24h,coin,HBAR,0.7531866850826213,5.0,5.0
73,0.767582789920474,0.8938664642887308,58.9041095890411,1.728118922230435,0.6039078728296122,-9.04081771720614,24h,coin,LINK,0.6309399297997668,3.0,5.0
73,-0.12128421250086976,-0.03646424346561136,47.94520547945205,-0.10942381506522617,-0.0903930423508891,-11.536882854014607,24h,coin,LTC,-0.2586129602993773,3.0,5.0
56,0.48302491580589973,0.48723763135421405,57.14285714285714,1.2588057214587514,0.45273810121879154,-5.972944835488592,24h,coin,SHIB,-0.3336380916909814,2.0,5.0
101,0.9386802093262715,1.0734990954208596,59.4059405940594,2.9177363547498216,0.8721002159083446,-6.165795044926147,24h,coin,SOL,0.759665359891788,4.0,5.0
85,0.5701259732916428,0.6337979895663761,55.294117647058826,1.7024794947480715,0.4450953437600048,-7.093067239270912,24h,coin,XLM,1.1951791594982357,4.0,5.0
92,0.4577390399839367,0.6414864391606321,50.0,2.456735209867444,0.07432845260175744,-6.595691692944838,24h,coin,XRP,0.5966422005400448,4.0,5.0
91,0.23716009770875962,0.17405190505573667,49.45054945054945,0.5198513041307922,-0.06654996041308694,-6.093406000000023,24h,coin,XTZ,0.09355047862847733,3.0,5.0
833,0.3524306896693366,0.43932559181275205,52.22088835534213,2.61855017026159,0.10378609870133068,-11.694888395111601,24h,regime,Calm,0.3508780064438852,4.0,5.0
178,0.8543344518114239,0.9602300077841683,57.865168539325836,2.1952123887215924,0.40708843501867664,-11.536882854014607,24h,regime,Stress,1.1256064153183796,3.0,5.0
204,0.7763871559037729,0.8358427470280742,59.80392156862745,2.702638747902669,0.4386196690593426,-6.417917234267639,24h,regime,Trend down,0.646655963121888,4.0,5.0
74,0.19071714239210924,0.32400025894847606,45.94594594594595,0.7948980237452345,-0.34772273904862805,-7.319320780094129,24h,regime,Trend up,0.4113411792170913,3.0,5.0
193,0.709423278862568,0.8675656012449999,54.92227979274611,3.5810215589305137,0.28263768849696735,-6.595691692944838,24h,type,Big alts,0.6845468452885339,5.0,5.0
163,0.2563237077295908,0.3823553635631469,49.693251533742334,1.1393947704683611,-0.011916271966527694,-11.694888395111601,24h,type,DeFi,0.3185098760557233,3.0,5.0
164,0.14268484896653613,0.26430351794830165,48.78048780487805,1.0093947829419918,-0.007871841234052736,-11.536882854014607,24h,type,Forks,0.4301374970099038,3.0,5.0
191,0.37139855354162193,0.5082399380526923,52.879581151832454,2.592369170873037,0.07752462254981837,-6.847159848786177,24h,type,Majors,0.3723724090002784,4.0,5.0
137,0.532266120102989,0.5833615484715219,59.12408759124088,2.1326857309045533,0.43911376058143337,-6.542746676215627,24h,type,Memes,0.40146251778646075,4.0,5.0
441,0.6171995253217835,0.6377843001547769,55.55555555555556,3.394153079254931,0.2783285829850436,-8.753903690591203,24h,type,Old L1s,0.662693292042755,4.0,5.0
57,-0.16765965631003343,,45.614035087719294,,,,24h,coin x regime,AAVE|Calm,,,
11,-0.7144257980887964,,27.27272727272727,,,,24h,coin x regime,AAVE|Stress,,,
10,-0.6495899190818467,,40.0,,,,24h,coin x regime,AAVE|Trend down,,,
12,0.8048670062663179,,41.66666666666667,,,,24h,coin x regime,AAVE|Trend up,,,
31,0.34083957510049046,,51.61290322580645,,,,24h,coin x regime,ADA|Calm,,,
5,0.8140015687067782,,40.0,,,,24h,coin x regime,ADA|Stress,,,
11,-0.011843434991302844,,45.45454545454545,,,,24h,coin x regime,ADA|Trend down,,,
3,-0.87752566413003,,33.33333333333333,,,,24h,coin x regime,ADA|Trend up,,,
56,1.1887618575649037,,58.92857142857143,,,,24h,coin x regime,AVAX|Calm,,,
11,2.04234679821846,,81.81818181818183,,,,24h,coin x regime,AVAX|Stress,,,
12,1.661262119049109,,75.0,,,,24h,coin x regime,AVAX|Trend down,,,
4,2.1237735038445753,,100.0,,,,24h,coin x regime,AVAX|Trend up,,,
52,0.28447492881132463,,51.92307692307693,,,,24h,coin x regime,BCH|Calm,,,
15,0.337260506592371,,46.666666666666664,,,,24h,coin x regime,BCH|Stress,,,
16,0.4929745487095093,,43.75,,,,24h,coin x regime,BCH|Trend down,,,
8,0.5643582583311033,,50.0,,,,24h,coin x regime,BCH|Trend up,,,
59,0.3825466841743413,,52.54237288135594,,,,24h,coin x regime,BTC|Calm,,,
17,0.49029349748256146,,58.82352941176471,,,,24h,coin x regime,BTC|Stress,,,
25,0.45213996795124833,,56.00000000000001,,,,24h,coin x regime,BTC|Trend down,,,
55,0.6806522248745418,,60.0,,,,24h,coin x regime,DOGE|Calm,,,
11,0.6317167933948986,,54.54545454545454,,,,24h,coin x regime,DOGE|Stress,,,
12,0.16942578081481086,,66.66666666666666,,,,24h,coin x regime,DOGE|Trend down,,,
3,-0.1822677654141014,,66.66666666666666,,,,24h,coin x regime,DOGE|Trend up,,,
47,0.09187513603169171,,46.808510638297875,,,,24h,coin x regime,DOT|Calm,,,
4,1.2451122593381436,,50.0,,,,24h,coin x regime,DOT|Stress,,,
9,1.049157177365604,,55.55555555555556,,,,24h,coin x regime,DOT|Trend down,,,
2,-1.866279387731673,,50.0,,,,24h,coin x regime,DOT|Trend up,,,
57,-0.06088624692370347,,47.368421052631575,,,,24h,coin x regime,ETH|Calm,,,
17,1.0130910043047774,,58.82352941176471,,,,24h,coin x regime,ETH|Stress,,,
14,1.184717724710001,,57.14285714285714,,,,24h,coin x regime,ETH|Trend down,,,
2,-0.8048492201456148,,50.0,,,,24h,coin x regime,ETH|Trend up,,,
42,0.1927828035737777,,57.14285714285714,,,,24h,coin x regime,HBAR|Calm,,,
11,1.5924044056499518,,72.72727272727273,,,,24h,coin x regime,HBAR|Stress,,,
9,3.107755807450225,,100.0,,,,24h,coin x regime,HBAR|Trend down,,,
8,0.5264063965363095,,37.5,,,,24h,coin x regime,HBAR|Trend up,,,
48,0.04015400352398353,,54.166666666666664,,,,24h,coin x regime,LINK|Calm,,,
10,3.956107106836939,,80.0,,,,24h,coin x regime,LINK|Stress,,,
11,1.0013819022434467,,63.63636363636363,,,,24h,coin x regime,LINK|Trend down,,,
4,0.8824698754990229,,50.0,,,,24h,coin x regime,LINK|Trend up,,,
49,-0.06900375853542078,,42.857142857142854,,,,24h,coin x regime,LTC|Calm,,,
7,-1.685742927769594,,28.57142857142857,,,,24h,coin x regime,LTC|Stress,,,
14,1.1563175526011413,,78.57142857142857,,,,24h,coin x regime,LTC|Trend down,,,
3,-3.2869361954522316,,33.33333333333333,,,,24h,coin x regime,LTC|Trend up,,,
39,0.06105593940774862,,53.84615384615385,,,,24h,coin x regime,SHIB|Calm,,,
6,1.489172033114581,,66.66666666666666,,,,24h,coin x regime,SHIB|Stress,,,
7,2.1526088200553604,,71.42857142857143,,,,24h,coin x regime,SHIB|Trend down,,,
4,0.16622992728829444,,50.0,,,,24h,coin x regime,SHIB|Trend up,,,
59,1.093726183543972,,57.6271186440678,,,,24h,coin x regime,SOL|Calm,,,
21,0.12735673815541368,,47.61904761904761,,,,24h,coin x regime,SOL|Stress,,,
18,1.2221644341708138,,72.22222222222221,,,,24h,coin x regime,SOL|Trend down,,,
3,1.8678016655069185,,100.0,,,,24h,coin x regime,SOL|Trend up,,,
64,0.8189863378746005,,54.6875,,,,24h,coin x regime,XLM|Calm,,,
7,0.10497224216582865,,71.42857142857143,,,,24h,coin x regime,XLM|Stress,,,
10,0.09846931501908962,,60.0,,,,24h,coin x regime,XLM|Trend down,,,
4,-1.4184791848841223,,25.0,,,,24h,coin x regime,XLM|Trend up,,,
63,0.6296312643016546,,53.96825396825397,,,,24h,coin x regime,XRP|Calm,,,
8,0.4674735510119765,,50.0,,,,24h,coin x regime,XRP|Stress,,,
17,-0.04350642697707557,,41.17647058823529,,,,24h,coin x regime,XRP|Trend down,,,
4,-0.13873928049189796,,25.0,,,,24h,coin x regime,XRP|Trend up,,,
55,-0.27795948710769475,,45.45454545454545,,,,24h,coin x regime,XTZ|Calm,,,
17,1.7345399320098227,,76.47058823529412,,,,24h,coin x regime,XTZ|Stress,,,
9,0.5928436540192188,,44.44444444444444,,,,24h,coin x regime,XTZ|Trend down,,,
10,0.20465689520803854,,30.0,,,,24h,coin x regime,XTZ|Trend up,,,
16,0.6103779134243055,0.9135737433318674,43.75,0.49919274699052224,-1.560209101962027,-7.929905959446614,72h,coin,AAVE,1.0827469776546406,2.0,4.0
15,4.03249342673128,3.713412422494286,80.0,2.3141905629097237,4.941679494077389,-6.3569177717406,72h,coin,ADA,3.713412422494286,3.0,3.0
13,3.4148479136845813,3.571419089571479,84.61538461538461,2.9491518193011697,3.7483112794846285,-6.033422488855555,72h,coin,AVAX,4.106456723364201,4.0,4.0
15,0.6818712778183622,1.5836527280546735,60.0,1.5166026648526547,0.3053633070530527,-9.252609666974475,72h,coin,BCH,2.7097903272093764,3.0,4.0
26,1.0318369010569113,1.4636181299600353,65.38461538461539,2.2079097410329394,0.9017165912736935,-5.433500412515524,72h,coin,BTC,1.1597489612252625,4.0,4.0
20,1.739347926561351,1.9282378830610087,65.0,1.424121429633465,1.9990940583288153,-6.968891767849527,72h,coin,DOGE,1.2822006591314699,4.0,4.0
16,0.15194436537472253,0.12908342284636215,37.5,0.07871641929943202,-1.3674776187689197,-6.778932695520135,72h,coin,DOT,0.42554354324529625,2.0,4.0
21,0.8107471629218442,1.2283269715394738,42.857142857142854,1.3035099125751293,-0.1813049103840724,-6.847159848786177,72h,coin,ETH,1.317113801792907,2.0,3.0
14,3.0804091363952892,3.5583188301300273,71.42857142857143,2.04176528379516,2.996531944110342,-8.097904057604365,72h,coin,HBAR,3.879276335333279,3.0,4.0
13,2.258466691786364,2.8306442432688685,61.53846153846154,1.3814052102686778,0.9341489361701982,-6.648561872909687,72h,coin,LINK,3.4928182325035166,3.0,3.0
14,2.5150076152499685,2.6032960464049117,71.42857142857143,1.7629951769315304,1.9877837480421767,-6.5483879208101055,72h,coin,LTC,1.2727989207424535,4.0,4.0
7,1.6902114628352147,1.790419370704372,42.857142857142854,,-1.3582661350121206,-3.26475524671318,72h,coin,SHIB,3.437553277847674,2.0,2.0
18,1.743974751074162,3.2049831460665477,50.0,1.9040240747884385,0.12061979258750637,-9.100025860831906,72h,coin,SOL,4.338332599279418,2.0,4.0
16,0.9521905086222902,1.4400058499360644,62.5,1.253218230758378,0.9380686485697787,-7.467559287103775,72h,coin,XLM,1.4600639279659755,3.0,4.0
25,0.5749992464086566,1.0457875726847117,48.0,0.9630361321030486,-0.5368599900827608,-6.595691692944838,72h,coin,XRP,1.0512950673464225,4.0,4.0
17,0.7322516727251724,0.48261457693105714,58.82352941176471,0.3980429009119898,0.3375401889033959,-5.875741960863746,72h,coin,XTZ,0.6245582019926241,3.0,4.0
182,0.8057592891499518,1.0585859650001683,54.395604395604394,2.345495347174067,0.6676356575808841,-9.252609666974475,72h,regime,Calm,0.8817431806702594,3.0,4.0
36,4.294925104890612,4.993738294278291,77.77777777777779,2.9881893088994342,3.790284513920378,-7.754093462287559,72h,regime,Stress,4.873047107393372,4.0,4.0
30,0.7769836146604778,1.243077620901609,50.0,1.121401755316301,-0.1691143582321474,-7.467559287103775,72h,regime,Trend down,0.7638855114653945,2.0,4.0
18,4.130460580875849,4.7735516141646475,77.77777777777779,2.5841759296872393,3.0900427132678043,-5.789437142237908,72h,regime,Trend up,7.047225025761036,2.0,3.0
43,1.0643378297570079,1.949636882472457,48.837209302325576,2.0309942076018648,-0.5368599900827608,-9.100025860831906,72h,type,Big alts,2.2346285788423006,3.0,4.0
29,1.3491763313107454,1.7729501743381095,51.724137931034484,1.2503398855324075,0.8489204793561966,-7.929905959446614,72h,type,DeFi,2.046775479594191,3.0,4.0
29,1.5668336476129308,2.0758943300168577,65.51724137931035,2.1037318101761815,1.1805530634601658,-9.252609666974475,72h,type,Forks,1.8645012645817745,4.0,4.0
47,0.9330521244433707,1.3584880378997852,55.319148936170215,2.4085269003365424,0.39881574789075735,-6.847159848786177,72h,type,Majors,1.2326741312444145,4.0,4.0
27,1.7266088433730935,1.8925071576352135,59.25925925925925,1.595502309001686,0.8393375435401196,-6.968891767849527,72h,type,Memes,1.5216842834332707,4.0,4.0
91,1.9573691055899223,2.035779937318799,64.83516483516483,2.9339722934920944,1.3977439318637375,-8.097904057604365,72h,type,Old L1s,2.292077518360071,3.0,4.0
10,-0.6334283946053049,,40.0,,,,72h,coin x regime,AAVE|Calm,,,
1,-6.464517312439372,,0.0,,,,72h,coin x regime,AAVE|Stress,,,
2,2.9901935901206342,,50.0,,,,72h,coin x regime,AAVE|Trend down,,,
3,5.52815356434668,,66.66666666666666,,,,72h,coin x regime,AAVE|Trend up,,,
12,3.4658083278708043,,83.33333333333334,,,,72h,coin x regime,ADA|Calm,,,
2,1.5162948705657153,,50.0,,,,72h,coin x regime,ADA|Trend down,,,
1,15.865111725388125,,100.0,,,,72h,coin x regime,ADA|Trend up,,,
9,3.4013784017479294,,77.77777777777779,,,,72h,coin x regime,AVAX|Calm,,,
2,6.824996023835056,,100.0,,,,72h,coin x regime,AVAX|Stress,,,
1,0.037571627578980665,,100.0,,,,72h,coin x regime,AVAX|Trend down,,,
1,0.09305358691910079,,100.0,,,,72h,coin x regime,AVAX|Trend up,,,
10,-1.014507509142396,,50.0,,,,72h,coin x regime,BCH|Calm,,,
2,6.971307266544752,,100.0,,,,72h,coin x regime,BCH|Stress,,,
1,-1.2047922405294509,,0.0,,,,72h,coin x regime,BCH|Trend down,,,
2,3.8176609830696706,,100.0,,,,72h,coin x regime,BCH|Trend up,,,
15,0.41343258019519435,,60.0,,,,72h,coin x regime,BTC|Calm,,,
5,1.9723632258630144,,80.0,,,,72h,coin x regime,BTC|Stress,,,
6,1.7940757658727842,,66.66666666666666,,,,72h,coin x regime,BTC|Trend down,,,
14,0.7927813444762812,,64.28571428571429,,,,72h,coin x regime,DOGE|Calm,,,
3,1.6733312743006934,,66.66666666666666,,,,72h,coin x regime,DOGE|Stress,,,
2,3.4076265929195437,,50.0,,,,72h,coin x regime,DOGE|Trend down,,,
1,11.852772699817915,,100.0,,,,72h,coin x regime,DOGE|Trend up,,,
12,0.321074800476287,,41.66666666666667,,,,72h,coin x regime,DOT|Calm,,,
1,6.419797514448,,100.0,,,,72h,coin x regime,DOT|Stress,,,
2,-1.3674776187689197,,0.0,,,,72h,coin x regime,DOT|Trend down,,,
1,-5.106630036630044,,0.0,,,,72h,coin x regime,DOT|Trend up,,,
14,0.14985864801689286,,28.57142857142857,,,,72h,coin x regime,ETH|Calm,,,
4,3.2985919027304633,,75.0,,,,72h,coin x regime,ETH|Stress,,,
2,-0.6973602017520786,,50.0,,,,72h,coin x regime,ETH|Trend down,,,
1,3.128022141704534,,100.0,,,,72h,coin x regime,ETH|Trend up,,,
7,2.3149688419222807,,71.42857142857143,,,,72h,coin x regime,HBAR|Calm,,,
5,4.9559462130572784,,80.0,,,,72h,coin x regime,HBAR|Stress,,,
2,1.070607475395846,,50.0,,,,72h,coin x regime,HBAR|Trend up,,,
7,-2.0444774212416146,,28.57142857142857,,,,72h,coin x regime,LINK|Calm,,,
2,17.358206175369222,,100.0,,,,72h,coin x regime,LINK|Stress,,,
1,0.8489204793561966,,100.0,,,,72h,coin x regime,LINK|Trend down,,,
3,2.7020253706064645,,100.0,,,,72h,coin x regime,LINK|Trend up,,,
11,0.9422294086438687,,63.63636363636363,,,,72h,coin x regime,LTC|Calm,,,
1,7.954387404344332,,100.0,,,,72h,coin x regime,LTC|Stress,,,
2,8.445597857036336,,100.0,,,,72h,coin x regime,LTC|Trend down,,,
6,1.6613095143333738,,33.33333333333333,,,,72h,coin x regime,SHIB|Calm,,,
1,1.863623153846261,,100.0,,,,72h,coin x regime,SHIB|Trend down,,,
11,0.6732808743637222,,45.45454545454545,,,,72h,coin x regime,SOL|Calm,,,
4,2.589593783522584,,50.0,,,,72h,coin x regime,SOL|Stress,,,
2,-0.11084438146030107,,50.0,,,,72h,coin x regime,SOL|Trend down,,,
1,13.84876953016424,,100.0,,,,72h,coin x regime,SOL|Trend up,,,
13,1.7746966110968974,,69.23076923076923,,,,72h,coin x regime,XLM|Calm,,,
1,0.7511569638372296,,100.0,,,,72h,coin x regime,XLM|Stress,,,
2,-4.293582385070128,,0.0,,,,72h,coin x regime,XLM|Trend down,,,
19,1.1842020228249872,,52.63157894736842,,,,72h,coin x regime,XRP|Calm,,,
1,6.44574569163553,,100.0,,,,72h,coin x regime,XRP|Stress,,,
4,-2.1952914557139906,,25.0,,,,72h,coin x regime,XRP|Trend down,,,
1,-5.789437142237908,,0.0,,,,72h,coin x regime,XRP|Trend up,,,
12,-0.6273922177286183,,50.0,,,,72h,coin x regime,XTZ|Calm,,,
4,3.4968577050556227,,75.0,,,,72h,coin x regime,XTZ|Stress,,,
1,5.989554228848859,,100.0,,,,72h,coin x regime,XTZ|Trend up,,,
