n,raw,edge,win,t,med,worst,rule,entry,test,total
1294,0.46948640202083236,0.5578559634806477,53.78670788253478,4.004112069429573,0.17808949866743315,-13.187330320528911,24h version (base+fund<0.7+not 20d hi),enter at signal close,0.5053126484004739,607.515404214957
1246,0.4011103243005436,0.4894683307474748,51.84590690208668,3.4757811594136703,0.11351074350285381,-13.705536592542755,24h version (base+fund<0.7+not 20d hi),wait 1 bar (4h),0.36724287341246276,499.7834640784774
1193,0.24498868557209907,0.3317518491883534,52.30511316010059,2.2180623451771315,0.11605204689126855,-13.18458113526061,24h version (base+fund<0.7+not 20d hi),wait 2 bars (8h),0.23320530623673189,292.2715018875142
1149,-0.014797490706982075,0.07147876701023681,48.65100087032202,0.4853869104479945,-0.0905143439264732,-13.187330320528911,24h version (base+fund<0.7+not 20d hi),wait 3 bars (12h),0.0386517044942928,-17.002316822322406
1109,0.29391900504320956,0.3820397701177114,50.85662759242561,2.643186032755633,0.028041229885056394,-13.705536592542755,24h version (base+fund<0.7+not 20d hi),"first red 4h close, within 8h",0.30960155924937743,325.9561765929194
1215,0.24852222905206992,0.3350716450631391,50.041152263374485,2.36815488512826,0.0011520192076842385,-13.705536592542755,24h version (base+fund<0.7+not 20d hi),"first red 4h close, within 24h",0.2368709841917783,301.95450829826495
988,0.4343312543014348,0.5088051610801576,56.07287449392713,3.1263902466289974,0.31047924232759383,-12.624657035352149,24h version (base+fund<0.7+not 20d hi),"limit +0.5% above, 8h",0.3827325717503258,429.1192792498176
744,0.5468478338120176,0.6155553901144208,56.451612903225815,3.30647044878948,0.5261115731567957,-12.067554772800893,24h version (base+fund<0.7+not 20d hi),"limit +1% above, 8h",0.584865586854325,406.8547883561411
869,0.5356970158711447,0.6132329029510105,56.271576524741086,3.5709780136175246,0.496078730417271,-12.067554772800893,24h version (base+fund<0.7+not 20d hi),"limit +1% above, 24h",0.4897208111375083,465.5207067920248
591,0.525871628877655,0.6032464704071532,58.88324873096447,3.069182145647693,0.6583195773185558,-17.58713183145598,24h version (base+fund<0.7+not 20d hi),"limit +2% above, 24h",0.5157801121239954,310.79013266669415
272,1.4412316260299451,1.8151812969585117,58.82352941176471,3.7742463206386665,0.8950410652332874,-13.187330320528911,72h version (+big accounts long),enter at signal close,1.8696857528897122,392.0150022801451
270,1.380368438116664,1.7486957660164466,56.666666666666664,3.81839732142237,0.869491310801146,-13.705536592542755,72h version (+big accounts long),wait 1 bar (4h),1.8233957311614046,372.6994782914993
265,1.093172708588332,1.4610199673924078,53.9622641509434,3.4853945393420855,0.5518909999804534,-10.310789550399802,72h version (+big accounts long),wait 2 bars (8h),1.4249129573935269,289.69076777590794
260,1.0614705036569814,1.428878351848556,54.230769230769226,3.691945720021636,0.8416813527679368,-13.187330320528911,72h version (+big accounts long),wait 3 bars (12h),1.4670789353772222,275.98233095081514
240,1.4278302102190714,1.802908529696023,55.41666666666667,3.829330061300365,0.7810236382000235,-13.705536592542755,72h version (+big accounts long),"first red 4h close, within 8h",1.7550326867508546,342.6792504525771
264,1.2508815218490226,1.6140436678625882,54.92424242424242,3.637196852897038,0.6844891537335863,-13.705536592542755,72h version (+big accounts long),"first red 4h close, within 24h",1.5218063313860892,330.23272176814197
225,1.510235094205526,1.8631203018435274,57.333333333333336,3.733438231379073,0.8721634068122208,-12.624657035352149,72h version (+big accounts long),"limit +0.5% above, 8h",2.111594466069418,339.80289619624335
170,1.8136768659396925,2.18798988800881,61.76470588235294,3.7118829967633435,1.3698802211244365,-12.067554772800893,72h version (+big accounts long),"limit +1% above, 8h",2.24415881497407,308.32506720974766
199,1.5554297685151244,1.9333861546316535,60.80402010050251,3.7951449412604634,1.1483609749918688,-12.067554772800893,72h version (+big accounts long),"limit +1% above, 24h",2.006825089869764,309.53052393450974
150,1.7026417289427096,2.0745468738789774,65.33333333333333,3.536401386169853,1.841854611741639,-17.58713183145598,72h version (+big accounts long),"limit +2% above, 24h",1.9621410773189099,255.39625934140645
