coin,t,year,oi,taker,r
ADA,1642392000,2022,0.1587835027141593,,0.060703379305837024
ADA,1646064000,2022,0.04195662444523007,,-0.03445241961675871
ADA,1648036800,2022,0.09358601949369083,,-0.07158823529411784
ADA,1649059200,2022,0.07410525334422835,,0.03856657363322935
ADA,1651665600,2022,0.050896443889805854,,0.04330226943505555
ADA,1652414400,2022,0.057134638177776864,1.1058446583875001,0.08949052594297868
ADA,1652788800,2022,0.042018909296156925,1.2584547871270833,0.09809439219784055
ADA,1653292800,2022,0.041913341773471835,0.9891711662416666,0.052691275167785157
ADA,1653969600,2022,0.0949388289074542,1.133791313725,0.14762385321100924
ADA,1656230400,2022,0.1024075073294648,1.12617190151875,0.06771401151631473
ADA,1658116800,2022,0.0654622652120993,1.0790618906291667,-0.06484323640960798
ADA,1658620800,2022,0.17007723830984345,1.0815039705437501,0.03776272513704004
ADA,1658664000,2022,0.04057285144062739,1.20078157378125,0.10897345468335229
ADA,1658937600,2022,0.0433779646652146,1.1314921975708334,-0.056953803265631264
ADA,1659067200,2022,0.04083142389008598,1.0891703098708334,-0.002697152555157455
ADA,1659888000,2022,0.0726746558689848,1.0973734994291666,-0.0284894271434063
ADA,1660147200,2022,0.06604291768352111,1.1045024981729166,-0.0074260064260064365
ADA,1660363200,2022,0.17699121231769488,1.1736196921666666,-0.018195056421278832
ADA,1660449600,2022,0.06550753629398653,1.0282444280770833,0.0557001532436574
ADA,1660708800,2022,0.046838030925748564,0.9797412182083334,0.04878432782171105
ADA,1661500800,2022,0.04032973495845704,1.1123834578375,0.03108440999138662
ADA,1662206400,2022,0.1478417514695609,1.2422046575666668,-0.041108627532901676
ADA,1662264000,2022,0.1194312722116817,1.3132030813437499,0.004903908794788304
ADA,1662681600,2022,0.050622735886694414,1.13973444315625,-0.05424595535531418
ADA,1662696000,2022,0.053888817173799675,1.1102352737333334,-0.039602194229987675
ADA,1662782400,2022,0.06700687294815655,1.1529602567479167,-0.010676145339652554
ADA,1662984000,2022,0.044056499219944145,1.0847196637729166,0.06302378592665991
ADA,1666713600,2022,0.1876103934269786,1.1661982893166667,0.016891682785299844
ADA,1669176000,2022,0.04194365394315058,1.1924072748583334,-0.0016325110689437974
ADA,1670068800,2022,0.04238904081856387,1.3970983645250001,0.004531653349723498
ADA,1672977600,2023,0.07615592750520239,1.1799883624125,-0.02051399116347563
ADA,1673179200,2023,0.12762238829865424,1.1436386168895833,-0.09134051424600431
ADA,1674388800,2023,0.05262075541498534,0.9510075321333334,0.003988185875557938
ADA,1675180800,2023,0.06391772765244585,1.1183384826270835,-0.018798118484617432
ADA,1675296000,2023,0.06037514124540677,1.0226340691229165,0.006868207523973436
ADA,1675310400,2023,0.05276600647784657,1.150290703225,-0.008994004496627572
ADA,1676390400,2023,0.08650556166690171,1.0167750804354168,-0.047027256364103764
ADA,1678680000,2023,0.04812310378598661,1.0143171679166667,-0.03369513991163464
ADA,1679025600,2023,0.04309082544276954,0.9763647415395833,-0.034674082982561694
ADA,1679414400,2023,0.0980394763768051,1.1653764561395834,-0.02225310516146839
ADA,1679457600,2023,0.055325336214731236,1.0120427243645833,-0.0031407546160021607
ADA,1680249600,2023,0.1050562471522054,1.1189111132770833,0.0023062054933875595
ADA,1680508800,2023,0.0864900602003742,1.1862229629479166,0.016419843473870266
ADA,1681185600,2023,0.06990065101262788,1.14288193105,0.020379980563654088
ADA,1689307200,2023,0.07703743724846634,1.0322363604166667,0.06564775950085089
ADA,1698465600,2023,0.04732911044402943,1.16353505875,-0.011224948875255714
ADA,1698667200,2023,0.05241561468379108,1.15987342,0.04076334106728541
ADA,1700107200,2023,0.08833968109251722,0.9562423295833334,0.0819342072094782
ADA,1700467200,2023,0.04624309482663369,1.099089505,0.0902101910828026
ADA,1700798400,2023,0.043526302776145886,1.1291927272916666,-0.008653061224489833
ADA,1701806400,2023,0.041039729651212165,1.0324775010416667,-0.023060549166862176
ADA,1702094400,2023,0.0686633822470415,1.02980555,0.03887189751801445
ADA,1702483200,2023,0.24967083907358512,1.0740818420833333,0.02164619202729956
ADA,1703692800,2023,0.08941674131160582,1.0150102985416667,0.04432622333751557
ADA,1706544000,2024,0.07777945407920028,1.0220499727083332,0.014937019969278209
ADA,1706860800,2024,0.04839059913923194,1.1436132191666666,0.009999614048629923
ADA,1707609600,2024,0.05225699050564714,1.110090221875,0.01055555555555543
ADA,1707912000,2024,0.06602199170980083,0.9940499252083334,-0.05960869565217408
ADA,1708214400,2024,0.12283313849573041,1.0967782954166667,-0.006632442870936671
ADA,1708228800,2024,0.06040501757771355,1.0426102129166666,0.0036399999999999775
ADA,1709179200,2024,0.1311167129435571,0.9491381097916666,-0.011809231668127418
ADA,1709337600,2024,0.062099173656642304,1.1179112247916667,0.04377020602218695
ADA,1709352000,2024,0.07552810653663378,1.03439762875,0.010563052645898408
ADA,1710158400,2024,0.06099638214262071,1.1064462708333334,0.006902015013828478
ADA,1710403200,2024,0.10885740457388127,0.9049622083333334,0.08417587939698501
ADA,1715918400,2024,0.049758814241252836,1.306167375,-0.007452955870108301
ADA,1717747200,2024,0.05100875524070658,1.2662077291666667,0.09749266983274829
ADA,1731038400,2024,0.1452194258434525,1.1303482916666667,-0.027856609061186366
ADA,1731196800,2024,0.06040574609757399,1.2499325000000001,-0.12968129806790463
ADA,1731211200,2024,0.1445407469049551,1.0119651666666667,-0.023229822161422775
ADA,1731902400,2024,0.04321245399740792,1.054864,0.01893965630329264
ADA,1732075200,2024,0.11724906094898135,1.0720376249999999,-0.010245187436677017
ADA,1732852800,2024,0.043489457414014776,1.0749916666666668,-0.0390315336837076
ADA,1732953600,2024,0.05790371548811346,1.1249447708333333,-0.052036245777412726
ADA,1733097600,2024,0.05255887723323105,1.0473967083333333,-0.05141206382605634
ADA,1735876800,2025,0.057677550390555776,1.1753156249999999,-0.03702820438520227
ADA,1736251200,2025,0.072101432299297,1.0584752708333334,0.10333617306403753
ADA,1736654400,2025,0.04020923930515341,1.0714131041666668,0.08985469233070709
ADA,1736827200,2025,0.04103230499683663,1.140266,-0.11321605778289545
ADA,1736913600,2025,0.07333132352979166,1.0609530625,-0.08308742024569093
ADA,1737043200,2025,0.07725592244423218,1.0953867916666666,0.06227554343043218
ADA,1739491200,2025,0.0434034011412221,1.2206050208333334,0.0313732151649434
ADA,1746288000,2025,0.0852319887731301,1.0997567291666666,0.03757483518024962
ADA,1747166400,2025,0.04031330859084892,1.1455770416666666,0.06914583584428113
ADA,1747886400,2025,0.040064454044743014,1.1157398541666665,0.02507709750566889
ADA,1752739200,2025,0.06786672742729305,1.0865134583333333,-0.0012452182442373996
ADA,1752811200,2025,0.05218136124529371,1.0064222708333335,0.028501287754624238
ADA,1755028800,2025,0.06432133668173612,1.1522437083333334,-0.14664261086672215
ADA,1755144000,2025,0.1681131443243269,1.0632915,0.06809673542960148
ADA,1755432000,2025,0.053581201602501904,1.1238592916666665,0.07386411650087166
ADA,1760284800,2025,0.05469577214371135,1.0548981458333333,0.0287908908622172
ADA,1761480000,2025,0.0556654630759883,1.3361348541666667,0.01789298892988933
ADA,1765281600,2025,0.059563354320870454,1.0955517291666668,0.07849432183415472
ADA,1768320000,2026,0.04747552700520852,1.07739875,0.013386734942696932
ADA,1768363200,2026,0.04753238206612331,1.1337457916666667,0.07334505546377157
ADA,1772640000,2026,0.054437414757983804,1.1823895208333333,0.03694326241134749
ADA,1773633600,2026,0.1091985979073955,0.9386539583333334,0.005206896551724017
ADA,1775433600,2026,0.06782510318190149,1.3120078541666667,0.05699922148696002
ADA,1775448000,2026,0.06302253943101821,0.9489285208333333,0.03271226969815755
ADA,1775606400,2026,0.06292104096413587,1.0587736458333332,0.022407521105141992
ADA,1776283200,2026,0.05159332680372475,0.9730219999999999,-0.04774796747967491
ADA,1776441600,2026,0.052542866985772374,1.1766558541666667,0.05798123324396787
ADA,1776830400,2026,0.04767465339231203,1.1631978333333333,0.031182103610675083
ADA,1777968000,2026,0.08392650408574043,1.3965711458333334,-0.033495164410058176
ADA,1778428800,2026,0.08710502591523861,1.1867184583333332,0.03488850174216018
ADA,1784606400,2026,0.042095179705242236,1.1627841875,0.009777084515031231
ADA,1785427200,2026,0.059061115647656814,1.1311591041666667,0.008264620729588779
ADA,1785643200,2026,0.09830374477731141,1.1439537916666667,-0.04183825900053739
ADA,1786032000,2026,0.06119155339154614,1.162071625,0.009385756676557833
DOGE,1639483200,2021,0.5176139619209355,1.0040275593166668,0.03977412513255574
DOGE,1641902400,2022,0.19776035483043097,,-0.10874657260748022
DOGE,1642046400,2022,0.046881414925247444,,-0.10646805875066356
DOGE,1642132800,2022,0.3288025134516894,,0.04487389775217909
DOGE,1643126400,2022,0.058029097307029875,,0.019589872008903608
DOGE,1644739200,2022,0.14464780852650505,,0.034988356708123836
DOGE,1644897600,2022,0.04680068106838342,,-0.006703549620881709
DOGE,1645257600,2022,0.06487930263749142,,0.029176086339108287
DOGE,1648051200,2022,0.0954973653295681,,-0.06142010856738256
DOGE,1648094400,2022,0.11538815964720661,,0.032362792752982816
DOGE,1648353600,2022,0.04936422765683357,,-0.0783958407775317
DOGE,1648440000,2022,0.07207180637926358,,0.024058626465661592
DOGE,1649001600,2022,0.10618018623563419,,-0.05336358632078719
DOGE,1649073600,2022,0.1927346175563398,,-0.11376314875286597
DOGE,1649174400,2022,0.487803227809924,,0.12618010188792317
DOGE,1649563200,2022,0.048165128490543774,,0.06885195154777923
DOGE,1650009600,2022,0.12872132034477057,,0.028763918013934853
DOGE,1650888000,2022,0.39056857110017695,,-0.00892221822110184
DOGE,1653667200,2022,0.21626502409222614,0.9646273489375,-0.01411352566504298
DOGE,1655798400,2022,0.07208349991998597,1.1955181633958334,0.02951273985530034
DOGE,1655971200,2022,0.042330938118506856,1.0611752981958333,-0.05090583804143123
DOGE,1656230400,2022,0.08524176753894785,1.2071969703729166,0.014023217700081858
DOGE,1656302400,2022,0.1557744682750526,1.0512286410270832,0.11980624187256173
DOGE,1656734400,2022,0.04115708547984598,0.9379758647833333,-0.0064102795311090635
DOGE,1656892800,2022,0.06329243204372936,1.0445521888625,0.001554854223023817
DOGE,1656993600,2022,0.042249151006286345,1.08376628231875,0.009315269504576507
DOGE,1658116800,2022,0.061620541329674205,1.24619540225625,-0.0468327030706398
DOGE,1658246400,2022,0.07209239844209225,1.0735533719520833,0.005219265258895046
DOGE,1658289600,2022,0.12996326555566062,1.0638330514999998,0.07098831186080479
DOGE,1659528000,2022,0.06125600121372421,1.0037347019958334,-0.008220748600058836
DOGE,1659672000,2022,0.07936915645795728,0.9797655485270833,-0.005199855177407619
DOGE,1659931200,2022,0.059334997061680994,1.0764655227479167,0.02877034306776305
DOGE,1660032000,2022,0.11976748728901798,0.9905828757791667,-0.022502293577981614
DOGE,1660363200,2022,0.05820011224717336,1.0859241618395834,-0.09179754601226986
DOGE,1660449600,2022,0.20688973997495674,1.0421613906291667,-0.0034720270621909624
DOGE,1660636800,2022,0.7846106824201069,1.0159396109645833,0.06307563025210094
DOGE,1661414400,2022,0.1125741169006762,1.0797274657895832,0.1043150993937686
DOGE,1662984000,2022,0.04980148385677308,1.1460362058770832,0.04442586750788646
DOGE,1663992000,2022,0.21287110236930262,1.1070518845375001,0.0548103975535168
DOGE,1664582400,2022,0.06497093744092308,1.1664356363666666,0.028053725044635658
DOGE,1666555200,2022,0.04592203846892828,1.2409163430541665,0.0051309030654516094
DOGE,1666670400,2022,0.06783711516782387,1.1500786104458334,-0.21013181136477244
DOGE,1666756800,2022,0.20168119263115658,1.25389844688125,-0.26627183872938287
DOGE,1666843200,2022,0.1856163380108713,1.0440681318270835,-0.08704770453962574
DOGE,1667016000,2022,0.11926740403557279,1.096934490625,-0.24429874621703396
DOGE,1667275200,2022,0.25198654567792333,0.9703421605666667,0.09768647273227427
DOGE,1667635200,2022,0.05256384779345469,0.9943306085770834,0.10656537982565384
DOGE,1668254400,2022,0.17257599218472386,1.0454237500833334,0.10531337912986583
DOGE,1668499200,2022,0.07162801379002337,1.0402134641916667,0.016481311098332285
DOGE,1668585600,2022,0.11963796683787997,1.0655741852604168,0.021188836241765707
DOGE,1669089600,2022,0.044089771851826276,1.1222730598208333,-0.0879448544210385
DOGE,1669176000,2022,0.04099762652254846,1.0806833023541667,0.005116956202593449
DOGE,1669262400,2022,0.04266901366233933,1.1073031710333334,-0.0927185022563729
DOGE,1669377600,2022,0.2209296151896738,1.1014265767083333,-0.013709940989559688
DOGE,1669435200,2022,0.08173181266979657,1.035102498675,-0.13630242154414163
DOGE,1669536000,2022,0.26122432248512584,1.1579538773895834,0.09063004012994458
DOGE,1669694400,2022,0.17729826304253926,1.09809562865625,-0.016050820953870226
DOGE,1670140800,2022,0.051855603217383806,1.1633971951979165,0.016055916270956483
DOGE,1671768000,2022,0.09033232040991312,1.0842930451395834,0.007030592734225683
DOGE,1673481600,2023,0.08549102857094404,0.9986771594916667,-0.005749406324209504
DOGE,1673496000,2023,0.09274970682464345,1.0606076253270833,-0.019946570670708597
DOGE,1673582400,2023,0.0507754385420538,1.1465233977270832,-0.0760874562718642
DOGE,1674014400,2023,0.06957833321200124,1.0395629121291667,0.05949822064056953
DOGE,1674244800,2023,0.05351082652226036,1.0908974970708334,0.005262321697784956
DOGE,1674288000,2023,0.06620620560626689,1.0235111700416668,-0.016997237886983485
DOGE,1674417600,2023,0.040936091296604804,0.9924532930229167,-0.008362936112369712
DOGE,1674878400,2023,0.13823883345021337,1.0075557958145833,-0.005548984799733757
DOGE,1675137600,2023,0.22345495257350878,0.9973021592083334,0.03200052548607468
DOGE,1675483200,2023,0.04275079412747873,1.0062508574708333,0.01990889694900788
DOGE,1676433600,2023,0.13707574492890284,1.0282567350854166,-0.03718803816616256
DOGE,1676520000,2023,0.08930089743757197,1.0280202063833332,0.0141549169286036
DOGE,1678809600,2023,0.09801296675459503,1.0452597743895833,0.05762713675213682
DOGE,1679112000,2023,0.08257778266469118,1.05985565305625,0.02457511887932151
DOGE,1679428800,2023,0.07115051443779574,1.0241360326604168,-0.013532637075717946
DOGE,1679572800,2023,0.20982160472305167,1.0793023971625,0.02927581783194355
DOGE,1680062400,2023,0.06553037569793485,1.0642323169354166,0.023396642182581306
DOGE,1680278400,2023,0.08296921202309604,1.06728624894375,-0.10004612570233895
DOGE,1680408000,2023,0.11329662503443982,1.1012952454208333,-0.15365723457377223
DOGE,1680552000,2023,0.4289849399195369,0.9868217022666667,-0.020174656106710986
DOGE,1680595200,2023,0.18744772255338793,1.0382365356958332,0.0733958458158579
DOGE,1681387200,2023,0.1414196160296144,1.0987679659,-0.013150389729481904
DOGE,1681718400,2023,0.13847326507699353,1.0884905289562499,-0.010218565762675547
DOGE,1681819200,2023,0.043651947721120576,1.0745681397104165,0.042927924085723435
DOGE,1686326400,2023,0.060419922755579725,1.1888478955708333,0.09437741369221775
DOGE,1687406400,2023,0.07013911270198703,1.1931530975666667,-0.0004149480766417737
DOGE,1688184000,2023,0.20538951920784543,1.1320017946833334,-0.0001184249191891187
DOGE,1689264000,2023,0.07389983744765294,1.1355156849999999,-0.04450927246790315
DOGE,1689408000,2023,0.4341522860851841,1.1693303183333332,0.0595732828555976
DOGE,1689782400,2023,0.10106619327475519,1.0212444875,-0.008060152499293927
DOGE,1689955200,2023,0.09117814745748332,1.0791908691666667,0.012063806380638198
DOGE,1690185600,2023,0.21304851131765212,1.1683791020833334,-0.07615438181579293
DOGE,1690257600,2023,0.2168527605331989,1.081821785,-0.02497394136807818
DOGE,1691222400,2023,0.059286258942850445,1.1088860675,0.019836080706844283
DOGE,1693324800,2023,0.10144053727297453,1.0862116547916667,0.004679270662083291
DOGE,1693468800,2023,0.07207014493323438,1.4306169810416665,0.04130423042304232
DOGE,1693900800,2023,0.058032957938126906,1.3276073766666667,0.005870705808869393
DOGE,1695124800,2023,0.0664397603525877,1.0985684739583332,0.0029594551789673415
DOGE,1695268800,2023,0.08549184394179288,1.2056167875000001,0.018827310521266405
DOGE,1697198400,2023,0.05453149833716808,1.9985840633333334,-0.021425677995194126
DOGE,1698033600,2023,0.08930791658801995,1.1300290983333332,-0.06641906589891222
DOGE,1698264000,2023,0.08826844907770948,1.0435941933333333,-0.04824985371562318
DOGE,1698292800,2023,0.09224545396315764,1.0330394316666667,0.05810719206392945
DOGE,1699689600,2023,0.140701286740762,1.0398651239583334,0.022654568210262904
DOGE,1700107200,2023,0.10622237651627975,1.0083062389583333,-0.045293444066943356
DOGE,1700208000,2023,0.13679829266582844,1.0375975635416668,0.04224002382370451
DOGE,1701072000,2023,0.06528512368390693,1.0737370708333334,-0.021184180648416873
DOGE,1701835200,2023,0.060696413396281734,1.0166642060416666,0.0825280373831776
DOGE,1703188800,2023,0.046754970852513456,0.999505214375,0.023187611736249836
DOGE,1705219200,2024,0.04821057401730755,1.0487585541666666,0.022603082851637812
DOGE,1706529600,2024,0.0560050882634906,1.0832259291666666,0.024191675794085432
DOGE,1707912000,2024,0.05634142559280808,1.189473848125,-0.03907807807807806
DOGE,1709136000,2024,0.05834900994916792,0.9916232443749999,-0.047193252075604986
DOGE,1709323200,2024,0.06854464131684823,1.079561644375,-0.015763850068085783
DOGE,1709496000,2024,0.06941979447274793,1.0162273997916667,-0.18004328018223215
DOGE,1710388800,2024,0.14872591388788758,1.1402348125,0.1276273668401008
DOGE,1710964800,2024,0.04155411654809038,1.0680690833333333,-0.025765157984628417
DOGE,1711512000,2024,0.05253675235064059,1.0502866666666668,-0.24310641319785853
DOGE,1711598400,2024,0.05067909386679914,1.0526536041666665,-0.07147952047952055
DOGE,1712376000,2024,0.04112946838910325,0.9930088958333333,-0.06867813600650241
DOGE,1712563200,2024,0.05337606237906023,1.0814880208333333,0.08491712547087804
DOGE,1714795200,2024,0.06579250755772192,1.0790715625,-0.08163978673775418
DOGE,1715616000,2024,0.1361303190410006,1.1494590624999999,0.006900152692026818
DOGE,1716307200,2024,0.07060598123143169,1.0917876874999999,-0.017671737146334077
DOGE,1716955200,2024,0.06309945115734972,1.1884647916666666,0.033854473589651435
DOGE,1717560000,2024,0.06331070561746444,1.2113071666666666,0.025200341213746036
DOGE,1718208000,2024,0.24079446902261958,1.3232190208333334,0.008922286983069627
DOGE,1719057600,2024,0.08061820715065027,1.2555793333333334,0.027626259395490127
DOGE,1721462400,2024,0.06017641717859701,1.142083875,-0.11497934868943605
DOGE,1721606400,2024,0.1229630390588885,1.0535487916666668,0.067141655474659
DOGE,1726214400,2024,0.15359328254637483,1.1110433541666667,-0.009907192797624753
DOGE,1726704000,2024,0.046374034151310806,1.2620823125,-0.011477746803806643
DOGE,1726934400,2024,0.0934247801258441,1.1956525833333334,0.012356669123065656
DOGE,1727337600,2024,0.1304863813173749,1.1883943958333332,-0.08778049639148044
DOGE,1727539200,2024,0.07122916385656852,1.0264576875,0.05456836522942121
DOGE,1729036800,2024,0.06049892604321139,1.1989714166666667,-0.05375799948528781
DOGE,1729065600,2024,0.30475940433451365,1.0665635208333333,-0.030224904701397715
DOGE,1729209600,2024,0.11573333841991484,1.1597535833333332,-0.08518751884232756
DOGE,1729224000,2024,0.1045493235546815,1.0105621041666668,-0.040569413511507
DOGE,1729483200,2024,0.06439269239924106,1.0426644791666666,0.04408757525998919
DOGE,1730116800,2024,0.10841223625938512,1.0970138125,-0.18394909066324094
DOGE,1730865600,2024,0.14926482266196817,1.0856956875000001,0.029616839261593975
DOGE,1731052800,2024,0.041738307672356756,1.0659233125,-0.11459707108715544
DOGE,1731139200,2024,0.10017131349652653,1.07660625,-0.34040532986362104
DOGE,1732334400,2024,0.06726241141975597,1.0767075208333334,0.09370287595287596
DOGE,1733083200,2024,0.046595696114703156,1.001174625,0.048941032386827454
DOGE,1733558400,2024,0.04202675795210542,1.2423781458333334,-0.03760188784008889
DOGE,1733630400,2024,0.044893872829101955,1.1118413958333333,0.06860352422907479
DOGE,1734753600,2024,0.04541604480816397,1.0467720624999999,0.10425859578156604
DOGE,1735790400,2025,0.04283527740149662,1.2374185,-0.13625804038893052
DOGE,1735905600,2025,0.07956195598467608,1.0533437083333332,-0.06270073232047213
DOGE,1737100800,2025,0.08622366204334742,1.1787248958333334,0.035450734364361414
DOGE,1737460800,2025,0.07686291932626355,1.0139208125,0.07210388446740112
DOGE,1739534400,2025,0.04347701419899219,1.1459797708333332,0.00307953250762616
DOGE,1741233600,2025,0.052500160712641186,1.0478335833333332,0.015291327264015275
DOGE,1745208000,2025,0.05577358106417485,1.1052489166666668,-0.061280402692854063
DOGE,1745308800,2025,0.0586881634699532,1.1515611875,-0.08963691782492067
DOGE,1747800000,2025,0.06707746498984046,1.0801294375,-0.05728642062511036
DOGE,1747886400,2025,0.0458396299642565,1.0075863958333333,0.03215215136301397
DOGE,1749628800,2025,0.04456901264714741,1.0268948125,0.08948432475884238
DOGE,1751472000,2025,0.11463340658283738,1.2964994583333334,0.02445348156816851
DOGE,1751860800,2025,0.04695349158516038,1.3368806874999999,0.013439182164722174
DOGE,1752811200,2025,0.09974357377983822,1.0932057499999999,-0.015042713252810702
DOGE,1752897600,2025,0.09987525915131101,1.0899225,-0.08040886699507388
DOGE,1755057600,2025,0.04304283779936369,1.0078388958333333,0.08673076294723081
DOGE,1755878400,2025,0.06974170782365641,1.0069108125,0.02652178284182305
DOGE,1757246400,2025,0.07510191045021353,1.1381759375,-0.058208033278167925
DOGE,1757304000,2025,0.08188495164139553,1.1274042083333333,-0.03785862973635534
DOGE,1759636800,2025,0.04691158696364517,1.1171256666666667,-0.01801337577204365
DOGE,1760284800,2025,0.08213998084318463,0.9982130416666667,0.057697514995715515
DOGE,1761480000,2025,0.04843606087710706,1.0834179583333332,0.015747943451061452
DOGE,1764187200,2025,0.05230429494263178,1.1992158125,0.02705974009180845
DOGE,1765296000,2025,0.07036597199282801,1.0868405833333334,0.08398508452104736
DOGE,1766160000,2025,0.0530600906272054,1.1013795833333333,0.010518482270571394
DOGE,1771128000,2026,0.054291231714125754,1.064606,0.13501103258058955
DOGE,1773633600,2026,0.13425216227064518,1.1389941041666667,0.016550740268653774
DOGE,1775606400,2026,0.14652853124703547,0.9422373958333333,0.01697800338409483
DOGE,1776168000,2026,0.07919867710771356,1.0714346875,-0.017879849024952876
DOGE,1776312000,2026,0.06399172542669063,1.230554125,-0.03729199502281222
DOGE,1776830400,2026,0.07202611152451799,1.1918108333333333,0.01264242486408862
DOGE,1777435200,2026,0.16653745593248592,1.3343995208333332,-0.012246664125047713
DOGE,1778443200,2026,0.09393820633731664,1.1137441666666668,0.026041451698985973
DOGE,1778644800,2026,0.06448685874121529,1.2335762916666668,-0.03484396152475944
DOGE,1784044800,2026,0.04633104401316568,1.1916672916666666,0.008432691011992843
XRP,1639051200,2021,0.09011779613356397,0.9875913634916667,0.07710571204129724
XRP,1639972800,2021,0.12171790784678715,1.137165737025,-0.05631963732353962
XRP,1640116800,2021,0.064548045735489,1.0780340409395832,-0.017381314732614617
XRP,1643961600,2022,0.042075483116252865,,-0.0850801694639075
XRP,1644033600,2022,0.06548680783555683,,-0.002641301104148063
XRP,1644206400,2022,0.04688661940579175,,-0.07941059602649003
XRP,1644292800,2022,0.13216835914536706,,0.00402400357262478
XRP,1645286400,2022,0.22102121224078175,,0.021936342450631696
XRP,1646107200,2022,0.06527051880027201,,0.005480041472265441
XRP,1646496000,2022,0.11570344510773523,,0.018010901356022346
XRP,1646798400,2022,0.07261949609759544,,0.014737530008002153
XRP,1647043200,2022,0.2918584919332321,,0.03642790526444961
XRP,1647057600,2022,0.08034194120371185,,0.015199924651513319
XRP,1647676800,2022,0.04644707552216909,,0.00895942456658061
XRP,1647878400,2022,0.07644960524938282,,0.02781776308019368
XRP,1649995200,2022,0.15173159049257134,,0.004400540054005365
XRP,1652659200,2022,0.0538062114992488,1.0242892944083333,0.01447701547701541
XRP,1653019200,2022,0.05835144366411482,1.1114091738083334,0.029352556619192227
XRP,1654228800,2022,0.08679219490048351,1.4790064920250001,0.032448959365708685
XRP,1654632000,2022,0.06279669030620294,1.1491843106395834,0.014467714215565808
XRP,1654833600,2022,0.10227927321896035,1.3160834679291666,0.0952725253023946
XRP,1655452800,2022,0.06878246493958362,1.1511682497729165,0.05405998154414038
XRP,1656043200,2022,0.20222769582775935,1.13743385231875,0.02835631564772423
XRP,1656878400,2022,0.040781103617828274,0.9829813184312499,0.012690105787181105
XRP,1657252800,2022,0.06996934805894739,1.2823569986291667,0.021027675797797296
XRP,1657857600,2022,0.08817634180395784,1.3215664227229167,-0.03762138216184285
XRP,1658116800,2022,0.04666319561950161,1.1893836128229167,-0.01555644053831362
XRP,1659196800,2022,0.07774837415434366,1.08375280515,0.030814711122423066
XRP,1661068800,2022,0.04007336951325313,1.0110556438020832,0.0024802784222737193
XRP,1661500800,2022,0.12960037406280112,1.1557928285479167,0.051959501557632515
XRP,1662696000,2022,0.04388374337800838,1.0417057659479168,-0.02362961902033789
XRP,1663358400,2022,0.0566207007779016,1.0544515265604166,-0.06436243311743162
XRP,1663430400,2022,0.260713196143886,1.13145674168125,0.06076154672395284
XRP,1663689600,2022,0.285658470848714,1.0345797414583333,-0.03221189953669834
XRP,1663833600,2022,0.27778115998860775,1.0883771975166667,-0.17326209770780265
XRP,1663905600,2022,0.13536296985778895,1.0940495807041668,0.03801873672010825
XRP,1664496000,2022,0.09216986220463252,1.0662327647333334,-0.004123048094940684
XRP,1664870400,2022,0.06414680920358773,1.0502696360541666,-0.037274925753075894
XRP,1664956800,2022,0.04094073737106174,1.0345185882125,-0.03280581711655162
XRP,1665172800,2022,0.17750665017857203,1.0840559453770833,-0.0035130485211675158
XRP,1665201600,2022,0.11477957948347428,1.0959821820416666,-0.03949855630413868
XRP,1665331200,2022,0.09623004784614597,1.0558122850583334,0.09186376274328079
XRP,1666267200,2022,0.05568774767963314,1.1856180574166666,0.0022559149120903186
XRP,1667548800,2022,0.15137916431071807,1.2695407481020833,-0.009387888707037662
XRP,1668916800,2022,0.047045935204882205,1.047700178475,0.09014315139031936
XRP,1669363200,2022,0.09336439203589153,1.0738361369333334,0.023161735700197306
XRP,1672128000,2022,0.08219479278668329,1.1570726025041667,0.03374484256243204
XRP,1673424000,2023,0.09179052640411278,1.0150526815375,-0.03666491567597452
XRP,1673582400,2023,0.040048632528237205,1.0383445570041667,-0.04325352112676051
XRP,1673841600,2023,0.048215932674810835,1.0448201454020833,0.0005255530129671957
XRP,1674144000,2023,0.054100273787515585,0.9961323919020834,-0.04369377382465045
XRP,1674460800,2023,0.08952648385303252,2.2166494209108696,0.0363257736829673
XRP,1674993600,2023,0.053950307740171066,0.9948933179833334,0.04876936149550848
XRP,1675296000,2023,0.04252027637847089,1.0331683732229167,0.005056201550387552
XRP,1678204800,2023,0.1364316389303475,1.0307006674395833,-0.02837562516451697
XRP,1678276800,2023,0.24192151725629807,1.10036656099375,0.05721572580645162
XRP,1679112000,2023,0.057619355588199195,1.0241905944916667,-0.035609334032511764
XRP,1679227200,2023,0.1605311590605698,1.11485581375,0.026040816326530658
XRP,1679385600,2023,0.05530554218742045,1.0749654553875,-0.07878915046059365
XRP,1679731200,2023,0.26108495011829946,1.0694265670604166,-0.002790109644215665
XRP,1679904000,2023,0.1553010364197558,0.9913067069479166,-0.07916429170159256
XRP,1679990400,2023,0.18551658924389258,1.0320424903833334,-0.09196397665526257
XRP,1680062400,2023,0.07378887641141674,1.0719231687208333,0.03290134529147992
XRP,1680667200,2023,0.0755599754912688,0.9950828151208334,0.028490616621983822
XRP,1681200000,2023,0.07492980688809103,1.0702842010916667,0.029174899096674922
XRP,1681387200,2023,0.04808209971428079,0.9767276840791667,-0.020234543670265004
XRP,1681444800,2023,0.1266906035535047,1.05508417026875,0.015092389246497473
XRP,1682510400,2023,0.051268019246717866,1.0321471756083334,0.019946795140343587
XRP,1682654400,2023,0.12936667361339382,1.2120728884020833,-0.0060430762765287796
XRP,1684281600,2023,0.23783392863892838,1.15273928576875,-0.004268685988232711
XRP,1684296000,2023,0.14372210354622594,1.100612611125,-0.018817371937639105
XRP,1684411200,2023,0.11372468480282283,1.138200978575,-0.009036490008688225
XRP,1685073600,2023,0.05004906637041717,1.1791673135916667,-0.021828813191581697
XRP,1686312000,2023,0.07527984811520105,1.1462047772875,0.04704069329314253
XRP,1689264000,2023,0.22751138560469397,1.2436209022916667,0.11679021659771238
XRP,1689696000,2023,0.07841045164229565,1.0646346975,-0.0739658792650918
XRP,1689739200,2023,0.05370343870855376,1.0378973004166667,-0.005436557231588312
XRP,1692460800,2023,0.062146775862496284,1.1682348164583334,-0.004081664098613324
XRP,1692518400,2023,0.045119826622546766,1.22029872,0.03806823184152597
XRP,1695096000,2023,0.04201755572613686,0.9751405264583334,-0.025821286735504212
XRP,1695988800,2023,0.06905563640208845,1.1601050289583335,0.027211397404551252
XRP,1696377600,2023,0.11337485756990295,0.9268648297916666,0.030197459368578428
XRP,1697760000,2023,0.11411728402702126,1.0189038666666665,-0.006765904285988777
XRP,1698033600,2023,0.042804886804542086,1.086061915,-0.06974164598052301
XRP,1698580800,2023,0.040388766862950565,1.18121695125,-0.03205924596050258
XRP,1698667200,2023,0.042466307755612,1.136675304375,-0.026255146168483123
XRP,1699920000,2023,0.05058171940321099,0.9930639531250001,0.028995455234055556
XRP,1704916800,2024,0.07731226928029789,1.03353397,-0.0005009149891865841
XRP,1709179200,2024,0.10153883120889362,1.06115142,-0.004702457085156707
XRP,1709352000,2024,0.07043134475673263,1.0409094347916665,0.005176750079189164
XRP,1709539200,2024,0.041018987799244844,0.9699916666666667,0.10373739972756157
XRP,1709971200,2024,0.045700099666768024,1.1639663958333333,0.023053880692751827
XRP,1710172800,2024,0.18735924406559246,1.1060226666666666,0.046710184552289924
XRP,1711382400,2024,0.04625953678800787,1.04518225,0.05220933069065414
XRP,1712246400,2024,0.05272384536237418,1.1575493333333333,0.009727455581629352
XRP,1720756800,2024,0.07544806438433915,1.0109718749999999,-0.21293771626297586
XRP,1720843200,2024,0.18550354891469545,1.237169375,-0.032650485436893084
XRP,1721822400,2024,0.08914596423468102,1.0758298541666667,0.029473135525260652
XRP,1722153600,2024,0.058320958954246827,1.13286325,0.000990710019907027
XRP,1722340800,2024,0.10712894363778735,1.1142794166666667,0.009519501537465502
XRP,1722398400,2024,0.05600605592152719,1.0320089583333334,0.09879885502088814
XRP,1722916800,2024,0.04439599188068111,1.0377807708333333,-0.033545524990313935
XRP,1723060800,2024,0.31692433833088063,1.05786925,0.0218295284119312
XRP,1723089600,2024,0.07792605762315596,1.0558713541666667,0.04043281611092775
XRP,1724054400,2024,0.04806429358856623,1.0524309375,-0.015361429304154739
XRP,1724515200,2024,0.058161518366176335,1.1659171666666668,0.03887730061349681
XRP,1726718400,2024,0.04134445016937982,1.2133988125000001,0.002761969904240714
XRP,1726819200,2024,0.05910237313954436,1.0459955833333334,-0.022724255901471202
XRP,1726948800,2024,0.06711945404562747,1.2702530208333334,0.017248786204587363
XRP,1727496000,2024,0.09965161536045253,1.1278962083333333,-0.07507407407407396
XRP,1727596800,2024,0.08277342650222597,1.0188457499999999,0.019666453059916766
XRP,1731369600,2024,0.10776297741140439,1.0794373958333334,-0.17709233305853267
XRP,1731412800,2024,0.16248980911018585,0.9859565833333334,-0.02779623085983507
XRP,1731902400,2024,0.05235262303390198,1.0145638541666666,0.054233054464743025
XRP,1732219200,2024,0.051619834839657486,0.9893596041666667,-0.2399196120862387
XRP,1732248000,2024,0.04947541918401788,0.9946226875,-0.08276423181185433
XRP,1732852800,2024,0.0561139109933404,0.9864062291666666,-0.19568192104601467
XRP,1733112000,2024,0.09750054608860159,1.0014393541666666,-0.05370054461324292
XRP,1736596800,2025,0.07492011461779025,1.1448263958333333,-0.04147035359621076
XRP,1736913600,2025,0.08094978689461074,1.0345821458333333,-0.17243057061889944
XRP,1737028800,2025,0.04895829760969583,1.0476176041666667,0.019292134151873586
XRP,1737374400,2025,0.04686171066681033,1.0452878125,0.028122356680112537
XRP,1739246400,2025,0.05046249845027795,1.1305285625000001,0.019847505101836638
XRP,1741780800,2025,0.05512693278200631,1.0604789791666667,-0.04096003996003994
XRP,1745769600,2025,0.0719261345851816,1.082211875,-0.0015693015108385602
XRP,1749369600,2025,0.04502470690766458,1.220148625,-0.036433773652266965
XRP,1751313600,2025,0.06523620171388722,1.1617519583333333,0.025791305125682062
XRP,1751889600,2025,0.10612996063734204,1.1712809583333332,0.01422603823617452
XRP,1752048000,2025,0.057548492796412276,1.1742048541666665,-0.07060430143661278
XRP,1752739200,2025,0.0464751159392538,1.0121352916666666,-0.04679568080869967
XRP,1754625600,2025,0.062205137446302405,1.0087372083333335,0.026097120372026494
XRP,1755028800,2025,0.047770083559955046,0.9950996875000001,0.0139701515383438
XRP,1758153600,2025,0.0435198816708906,1.1712947083333334,0.02986041941822626
XRP,1762747200,2025,0.048470781297375254,1.0187730208333334,0.024975073609486587
XRP,1763006400,2025,0.04960435853128331,1.002151875,0.06962703615814658
XRP,1763956800,2025,0.043379260763409144,1.0848445833333333,-0.05396086134148115
XRP,1765296000,2025,0.05299476027191519,0.9157625,0.058419406274914376
XRP,1767672000,2026,0.0513754207746,1.1151911041666667,0.05772000686783707
XRP,1771128000,2026,0.04435446004886279,1.0194783541666668,0.10444836791651513
XRP,1772611200,2026,0.04887507439885175,1.0844167291666666,-0.004217963386727751
XRP,1773633600,2026,0.04519084055630995,1.0464739791666666,-0.03473136342170957
XRP,1776283200,2026,0.05077817684495045,1.0778306874999999,-0.04052569169960474
XRP,1778428800,2026,0.05667545033659094,1.21845925,0.015282042656260542
XRP,1778774400,2026,0.0474011620346213,1.1935106458333333,0.06527538907939856
AVAX,1639540800,2021,0.07503355924434407,1.0487771028791666,-0.12345122770684858
AVAX,1639756800,2021,0.04959641894034439,1.0316488851208334,-0.008044940330952488
AVAX,1641974400,2022,0.042671289555553216,,0.05303495448744311
AVAX,1644307200,2022,0.382030116163691,,-0.04003903903903894
AVAX,1644508800,2022,0.04259032010858954,,0.10637443675129132
AVAX,1644984000,2022,0.16772126766281925,,0.08803332301661004
AVAX,1645588800,2022,0.12872310028061862,,0.02016537039398203
AVAX,1646107200,2022,0.0838884201070742,,0.03810679162327901
AVAX,1647460800,2022,0.058933577231909506,,-0.04879908182554671
AVAX,1647489600,2022,0.04089619122933952,,-0.12759380692167588
AVAX,1647619200,2022,0.04699954820012442,,-0.03171948261924007
AVAX,1647864000,2022,0.07226741334852016,,0.05405834371813756
AVAX,1648656000,2022,0.05563954422562367,,0.016933479303513743
AVAX,1648886400,2022,0.0941448336088071,,0.03422581914788936
AVAX,1652616000,2022,0.09119509843528362,1.19812762175,0.005972690296339401
AVAX,1653048000,2022,0.1235938608968381,1.13823986053125,-0.035158243290345115
AVAX,1653220800,2022,0.12593938035685892,1.0743878494770833,0.0707916137229988
AVAX,1653724800,2022,0.049749774192413554,0.9633328943270834,-0.1540657256285839
AVAX,1653825600,2022,0.14747665193262716,1.1610982910916667,-0.08957361963190202
AVAX,1654416000,2022,0.1257018216941581,1.13856267959375,-0.0601353996737356
AVAX,1654488000,2022,0.040235528859319025,1.1341863596166666,0.07402758367046713
AVAX,1655827200,2022,0.1052702652888644,1.1544303880479168,-0.02762721893491149
AVAX,1655971200,2022,0.04405545956658985,1.0980249799479167,-0.15415315315315314
AVAX,1656043200,2022,0.11415281714627978,1.0601621917958333,-0.05869230769230793
AVAX,1656936000,2022,0.051595638404817734,1.1969713581583334,-0.04790214244354363
AVAX,1657080000,2022,0.06862166768540168,1.0863312169708335,-0.10277705977382878
AVAX,1657987200,2022,0.1765053869646469,1.16494007775,-0.1343968556455456
AVAX,1658116800,2022,0.07143378121729071,1.2154403151458333,-0.049339638503573036
AVAX,1658232000,2022,0.09025016166076627,1.03880591878125,0.09579968391939941
AVAX,1659513600,2022,0.058174419502735386,1.1345489949375,0.0228294314381271
AVAX,1659758400,2022,0.06841651845378949,1.05768700459375,-0.10417460317460325
AVAX,1659888000,2022,0.23536349985827365,1.1095576582270834,-0.025460431654676152
AVAX,1660363200,2022,0.07007475480814596,1.0348764119645832,0.042640054127198845
AVAX,1662134400,2022,0.08499491909005163,1.1109005072208333,0.0011265284423178654
AVAX,1662969600,2022,0.14084247216528167,1.0617049571916668,0.12196227293898465
AVAX,1669982400,2022,0.05831225925275896,1.1320852604041667,-0.03978686276003962
AVAX,1670083200,2022,0.09685242636181246,1.1193162838458333,-0.02522270426608808
AVAX,1673467200,2023,0.4226559199929443,1.12770995908125,0.013332617754766907
AVAX,1674403200,2023,0.1095301329274403,1.0819287781666667,-0.04086785374321067
AVAX,1674705600,2023,0.0423203663397842,1.0886300282583334,-0.06473687119955762
AVAX,1675296000,2023,0.0535736161058149,1.0237420431520834,0.021182064603569195
AVAX,1675310400,2023,0.0991452791734091,0.97254946301875,0.022506141036846228
AVAX,1676808000,2023,0.07859576671661972,1.1050143883041665,-0.019600267843857044
AVAX,1676880000,2023,0.07461157467375812,1.1708110995395833,-0.004729024238657619
AVAX,1677038400,2023,0.08583636194125432,1.0902955801229168,0.05473050863632023
AVAX,1678809600,2023,0.05787420502824525,1.0130546601708332,0.09016085852757905
AVAX,1680667200,2023,0.09822083541787774,1.15292764018125,0.004719628224165385
AVAX,1681689600,2023,0.17691747506403677,1.057103779075,-0.024316563467492336
AVAX,1681704000,2023,0.11114357850302725,1.0071594204625,-0.017642406598738503
AVAX,1681790400,2023,0.05796542370981195,1.0111965659291666,0.09504993478665924
AVAX,1686988800,2023,0.04085521038207984,1.2407169125979167,0.033929289487135805
AVAX,1687291200,2023,0.05579749456828598,1.0840174684604167,-0.05580356553317933
AVAX,1688788800,2023,0.3799639546761322,1.3170822844770833,-0.02202994723935492
AVAX,1688875200,2023,0.0426210857017264,1.0292777592458333,0.014348203399555337
AVAX,1689264000,2023,0.05962561498649177,1.0538915533333333,-0.060207723981258066
AVAX,1689307200,2023,0.11244280741827173,1.0271466758333332,0.015844029509695212
AVAX,1696406400,2023,0.1523826616880848,1.1273253724999999,-0.043735042735042584
AVAX,1696564800,2023,0.0548350311942174,1.0481217985416666,0.02954874599283419
AVAX,1696651200,2023,0.05179946207006103,1.1625348314583335,0.063123979213066
AVAX,1697875200,2023,0.05381934116843512,1.3401263495833333,-0.056171691792294864
AVAX,1698033600,2023,0.04486515211596975,1.0833651239583333,-0.014199369582348242
AVAX,1698292800,2023,0.07431014248349666,1.0739817006249999,0.06906593406593409
AVAX,1698868800,2023,0.05998258737714779,1.0106684352083333,0.04361148786665592
AVAX,1699646400,2023,0.1300881351746377,1.0304678002083334,-0.2571653116531166
AVAX,1699718400,2023,0.087544292015024,1.0516789631249999,-0.08172123708878154
AVAX,1700020800,2023,0.043458886720358914,1.0019042554166666,-0.1835750658000751
AVAX,1700107200,2023,0.0633205458972057,0.9940058435416667,0.09408154726325679
AVAX,1701748800,2023,0.10417298006287745,1.0196940020833334,-0.23547778678922227
AVAX,1701835200,2023,0.09869790855190663,0.99131120375,-0.021878357517752467
AVAX,1702238400,2023,0.06280117021322718,0.9840717270833333,-0.0788246727062557
AVAX,1702641600,2023,0.07519393603724134,1.0372892045833333,-0.07298515769944347
AVAX,1702713600,2023,0.13139042327715478,1.0193555520833333,0.06872430848140676
AVAX,1703059200,2023,0.05459890651958599,1.0940096922916667,-0.08232239949246944
AVAX,1703131200,2023,0.04178199414819184,0.9760936014583333,-0.005702788240800615
AVAX,1704931200,2024,0.06648955547945712,0.9650576154166667,0.03391342605733749
AVAX,1706097600,2024,0.06012426436007279,0.9593408820833332,0.006876811828130492
AVAX,1706616000,2024,0.053469425259192294,1.0830992991666666,0.08873152504843629
AVAX,1707336000,2024,0.06861011686575536,1.0451983027083334,-0.03378084714548801
AVAX,1709107200,2024,0.056031115076523585,0.981125454375,-0.03585965266558977
AVAX,1709179200,2024,0.04446201101227576,0.9769879877083333,-0.010866999567868407
AVAX,1710158400,2024,0.1010813773474235,1.0686799999999999,-0.1427262184945869
AVAX,1710259200,2024,0.19486598445370662,0.9949536458333333,0.014709108820321504
AVAX,1710734400,2024,0.13728252734829072,1.0103342499999999,0.04333103988000131
AVAX,1711324800,2024,0.045506261194809605,1.0114955416666667,-0.00537206832463044
AVAX,1715932800,2024,0.05083888523079394,1.0711725416666666,-0.01963659998358025
AVAX,1716235200,2024,0.05147861330884429,1.0249953541666665,-0.006433698903290152
AVAX,1719561600,2024,0.052099134473967634,1.0151593125,0.027523431211283422
AVAX,1724342400,2024,0.07728510858318449,0.9835781875,-0.08840443972037126
AVAX,1726718400,2024,0.04716528898141248,0.9748759583333334,-0.04730952840755476
AVAX,1727222400,2024,0.05698807140659978,1.2401660833333332,-0.0452512699434785
AVAX,1728705600,2024,0.04343923160542307,1.106307875,-0.016799190513384965
AVAX,1732521600,2024,0.04366139027231308,1.0873311666666667,0.06065360725181623
AVAX,1735041600,2024,0.05573661030630794,1.1028372916666667,0.031076533483399005
AVAX,1740139200,2025,0.041524927888932694,1.25703225,-0.009519827247742474
AVAX,1742788800,2025,0.07222111829584343,1.2270920833333332,-0.07160846929763387
AVAX,1745337600,2025,0.1023199583136718,1.0221652708333333,-0.016129014293669974
AVAX,1746864000,2025,0.049230526589850054,1.2210501666666667,-0.031058620546293603
AVAX,1747195200,2025,0.06425608132022331,1.0072058124999999,0.09592916714708477
AVAX,1750766400,2025,0.060710964763913244,1.1037992291666667,0.021359290670778797
AVAX,1751472000,2025,0.053576154755087924,1.1761231041666667,0.029413364746198267
AVAX,1752624000,2025,0.04283644589480784,1.270099,-0.04708867811593531
AVAX,1753012800,2025,0.05000161252580049,1.0082132916666666,-0.020127833753148416
AVAX,1753660800,2025,0.042848482841473245,1.2073918750000001,0.06946402203435209
AVAX,1755028800,2025,0.07290876978093097,1.2601262916666667,-0.0157463944255386
AVAX,1755936000,2025,0.07249680382735146,1.1462596041666666,0.0022423669278572875
AVAX,1756886400,2025,0.07416541207199345,1.1032167708333334,0.030648861681270678
AVAX,1757404800,2025,0.04913133222142796,1.1095942083333334,-0.13522612175786952
AVAX,1758153600,2025,0.12965604735800929,1.1163524791666666,-0.03217688170409316
AVAX,1758168000,2025,0.04193161152740266,1.1294664374999999,-0.031179246433361674
AVAX,1758585600,2025,0.12376183481103031,1.3388424791666667,0.012050944476244885
AVAX,1758600000,2025,0.05997027954061407,1.1966030208333334,0.02045493034299284
AVAX,1764691200,2025,0.04944424242343781,1.2226798333333333,-0.07935520046910505
AVAX,1765296000,2025,0.04421234147812103,1.0773729583333334,0.0840147048765475
AVAX,1767297600,2026,0.19042097039909023,1.1632397083333335,-0.02993109540636041
AVAX,1768320000,2026,0.15913164455544226,1.2629728541666667,0.011121212121212087
AVAX,1771675200,2026,0.05800098330875958,1.5246869791666666,0.09264224137931032
AVAX,1773633600,2026,0.048485113245058775,1.4848410625000001,0.01076924561065018
AVAX,1775030400,2026,0.07340538708032884,1.0993405416666666,0.047934319269247405
AVAX,1775433600,2026,0.17084847310265694,1.3275009375,0.09115955983493818
AVAX,1775448000,2026,0.20367109658483984,1.036553625,0.06219266837169646
AVAX,1776355200,2026,0.06465956098043635,1.1013905833333333,0.014329949238578665
AVAX,1778256000,2026,0.043019302666747805,1.2508995416666666,-0.002311806256306669
AVAX,1785816000,2026,0.08711614263104384,1.1712542291666665,0.02402927400468391
AVAX,1786766400,2026,0.09188171914990062,1.187267875,0.040710745050627106
AVAX,1787155200,2026,0.05889355194900325,1.31411475,-0.13630751708428257
ETH,1638676800,2021,0.04379564743090314,1.0742261551854166,0.0004955514488749211
ETH,1638864000,2021,0.048867363882202364,1.16241689250625,-0.007332502915537885
ETH,1639008000,2021,0.04755214610095204,1.20902684191875,0.07671756835502852
ETH,1640289600,2021,0.06836718312882484,1.1529924219999999,0.013990392333325219
ETH,1643961600,2022,0.06443936072713075,,-0.06571912972462723
ETH,1647619200,2022,0.061123126011343176,,0.012484070718858153
ETH,1647921600,2022,0.05701071571905181,,0.009485199429295155
ETH,1656043200,2022,0.051113878100058185,1.09539871826875,-0.050427239862363415
ETH,1656936000,2022,0.05344677096085415,1.2159238982770832,-0.01806871575234592
ETH,1657152000,2022,0.06774429918145564,1.1708959880208334,-0.05122365086654079
ETH,1657209600,2022,0.08827769016938714,1.1134491786979168,0.01752772343905329
ETH,1657814400,2022,0.046747413765879875,1.0852182845916667,-0.0036808528463115877
ETH,1657987200,2022,0.05127724345575135,1.14539865846875,-0.09839044510652328
ETH,1658476800,2022,0.09550502896023061,1.1026405165145834,0.054042791390445544
ETH,1658649600,2022,0.1520569818703681,1.1001822777958334,0.10742612823956865
ETH,1659672000,2022,0.06750153042810325,1.0790655111770833,-0.032314850794299965
ETH,1659931200,2022,0.04305626326196732,1.0505639801770834,0.025015265060101766
ETH,1660147200,2022,0.12481982821379667,1.0580513196520833,-0.03934709289214722
ETH,1661356800,2022,0.04293513632047152,1.0733475098437502,0.009623140801325758
ETH,1661414400,2022,0.07394776375600554,1.13192940303125,0.11706835536363158
ETH,1661846400,2022,0.07035839735954896,1.10128844626875,0.01852069496704467
ETH,1661918400,2022,0.09665950195116602,1.1147552741187499,0.011877080690060104
ETH,1662091200,2022,0.04164133515036683,1.1649835914291666,0.027086714199638484
ETH,1664236800,2022,0.04604352315227356,1.09291975656875,0.03771843566544142
ETH,1664424000,2022,0.06597519107712757,1.1513624072229167,-0.013188659247482692
ETH,1664553600,2022,0.04557496192351285,1.0360219451395833,0.01882049364248317
ETH,1664856000,2022,0.05575432598443619,1.08679694334375,-0.0013556635718995338
ETH,1665028800,2022,0.08362766511119113,1.1113898791479166,0.02875733514655676
ETH,1665993600,2022,0.04942600040023426,1.1274673237000001,0.0043909174430346596
ETH,1666065600,2022,0.05356127462685567,1.0701142281875,0.028793444095195242
ETH,1666440000,2022,0.07681739555268408,1.1597928265041666,-0.025293467520029256
ETH,1666555200,2022,0.05565138264052605,1.1366154515041667,0.011299771167048056
ETH,1667016000,2022,0.04301391756273043,1.2065024795291668,0.003842007551524752
ETH,1667534400,2022,0.08465354889421395,1.1566401245895832,-0.030092192502583992
ETH,1669694400,2022,0.06370554712244902,1.1421834285145833,-0.06709981270614762
ETH,1670932800,2022,0.09471985402060401,1.22385341410625,0.022851963746223558
ETH,1672804800,2023,0.08037502250980388,1.2007213985916667,-0.0021583597625761666
ETH,1673020800,2023,0.09062891156714392,1.0965299495854166,0.006794085294949626
ETH,1673236800,2023,0.04261637324719736,1.0675857778395834,-0.022114678094569906
ETH,1675281600,2023,0.05014569562597693,1.0274612298208334,-0.005464612011207292
ETH,1675526400,2023,0.08356152899118907,1.1215329571708332,0.023508400152730147
ETH,1676894400,2023,0.043036934597316945,1.0695636946312501,0.0330893116536245
ETH,1677657600,2023,0.04052855634637442,1.1340093342416666,0.004139509602609005
ETH,1678680000,2023,0.06702702613059319,1.0769519725,-0.07278657037013969
ETH,1679414400,2023,0.0735781026800566,1.1217808974229166,0.021225326144649004
ETH,1679587200,2023,0.06093879079839759,1.1798612245937499,0.03947230509722477
ETH,1680076800,2023,0.042680867016065216,1.1753310101854166,0.008978794371672816
ETH,1680278400,2023,0.16234271545264112,1.1493267534604168,0.003741617400149889
ETH,1680609600,2023,0.20917215386928545,1.1760793453708334,-0.02026836079307459
ETH,1681372800,2023,0.19841199773476337,1.11458936580625,-0.05873870992116459
ETH,1683288000,2023,0.17298322698337798,1.19801427729375,0.02998580009524643
ETH,1684814400,2023,0.08339494977826689,1.3002238184645833,0.03243240429583205
ETH,1685678400,2023,0.04309210325666757,1.0989328266437501,-0.0009522543886174564
ETH,1687665600,2023,0.054842588562848515,1.2317829293395832,0.029044378388561998
ETH,1687896000,2023,0.06916954648288787,1.2727664599020834,0.009534395595669709
ETH,1688097600,2023,0.04115745874510157,1.1606204290916666,-0.01975612793809789
ETH,1688342400,2023,0.048472625969412375,1.0619446261541665,-0.003817696571545847
ETH,1688356800,2023,0.09710347987797974,1.1118454575,0.01644909832775232
ETH,1689264000,2023,0.15411604409867086,1.0370581029166666,0.026407214376634958
ETH,1693324800,2023,0.04122126891226774,1.0707808070833333,0.015587773363852864
ETH,1696608000,2023,0.04622014687280562,1.077653591875,0.009549984807049494
ETH,1698292800,2023,0.0728030295025921,1.1162236147916667,0.04004703441120527
ETH,1698868800,2023,0.05291809471109277,1.1129242860416666,0.03051715182339576
ETH,1699070400,2023,0.04237603413586877,1.0750603795833333,-0.03121098611058104
ETH,1699156800,2023,0.07010790324441496,1.29018578375,-0.009913941489333555
ETH,1699272000,2023,0.06175968705944457,1.06920763625,0.00887969798304844
ETH,1699588800,2023,0.04890613764666063,1.0275167375,0.011914322639501207
ETH,1700812800,2023,0.047663276609525074,1.2408426339583334,0.00617377211714465
ETH,1701403200,2023,0.08450845766335635,1.0031110804166665,-0.03293152000917654
ETH,1701964800,2023,0.09290480162076098,1.125021913125,-0.021470150371115104
ETH,1702540800,2023,0.041624574231113654,0.9839355554166667,0.036625023282811475
ETH,1703232000,2023,0.07802701812745894,1.0801262362500001,0.0012461620865117382
ETH,1703678400,2023,0.07020510191566598,1.1432784514583334,-0.0048976379631643354
ETH,1704168000,2024,0.04585015772303236,1.1793290204166667,0.07481779272393763
ETH,1707120000,2024,0.04423229375633708,1.2340614214583334,-0.01954364929398411
ETH,1707753600,2024,0.042470283685481114,1.2594798302083332,-0.01736211129452958
ETH,1708833600,2024,0.06011250639227228,1.054352605,-0.05003544929925796
ETH,1709179200,2024,0.040356200901350725,1.0019528620833333,0.010648874575841516
ETH,1709712000,2024,0.0546257374805339,1.1296263125,0.0019306708351897192
ETH,1711872000,2024,0.04610416896138503,1.107493,0.028576104433786553
ETH,1712563200,2024,0.0506230940497856,1.3083120625,0.03412487039934886
ETH,1714276800,2024,0.05466043060797254,1.0960564375,0.038680122547319784
ETH,1715932800,2024,0.050759279489776876,1.1692195416666666,-0.031496400051498674
ETH,1716235200,2024,0.17463672429905164,1.0697302499999999,-0.0087284350191984
ETH,1724400000,2024,0.04737995044226473,1.144122875,-0.044160855826300804
ETH,1726718400,2024,0.06263198110524337,1.0406508125,-0.04343190334111735
ETH,1727064000,2024,0.04007997492381654,1.1537771875,-0.002549930442146019
ETH,1728878400,2024,0.0651057304951248,1.2398879375,-0.023219241421211012
ETH,1729425600,2024,0.0529977527972989,1.1577415208333333,0.021567089599402678
ETH,1732536000,2024,0.04490388401958323,1.0109674583333332,0.044057735015307076
ETH,1732708800,2024,0.045343144783683176,1.0575904583333333,-0.009660870250093434
ETH,1733500800,2024,0.06692492879651524,1.0478918125,0.02056963890935881
ETH,1738324800,2025,0.06332831354718249,1.2476227916666667,0.1010748874120384
ETH,1739793600,2025,0.11457724183124407,1.2432493541666667,0.02143405911265661
ETH,1740297600,2025,0.047398768723824425,1.226558375,0.10061206113530874
ETH,1742788800,2025,0.040277087168938186,1.1739931458333333,-0.003987715557876358
ETH,1745208000,2025,0.10104222998464474,1.2586910208333333,-0.032876481672846736
ETH,1745337600,2025,0.17441878231084096,1.0966267083333332,-0.0352083249879237
ETH,1745841600,2025,0.041435168777618214,1.0547322291666668,-0.027167937891582672
ETH,1745913600,2025,0.07944052285678782,1.1860840416666667,0.01878785062059163
ETH,1746100800,2025,0.048246389690181246,1.1436432083333334,0.008670678567378909
ETH,1746590400,2025,0.051676412832935226,1.0676078541666667,-0.1535804730958058
ETH,1746676800,2025,0.0799652533648969,1.2453838750000001,-0.20998952173461982
ETH,1747152000,2025,0.060396471861073664,0.9793017083333333,0.05863524434762568
ETH,1747368000,2025,0.040951406767943066,1.1548647083333334,0.049605652759084795
ETH,1747886400,2025,0.05948123447911935,1.0760541666666665,0.027336515576542597
ETH,1748332800,2025,0.192837500936218,1.2257136875,-0.011716521240733413
ETH,1748491200,2025,0.05215453965377215,1.0854574166666666,0.05639926739926737
ETH,1749528000,2025,0.08336454660249326,0.9961213958333334,-0.051536674300530216
ETH,1750046400,2025,0.04740206417808257,1.1597906458333334,0.03729189674659683
ETH,1750910400,2025,0.04160966750790873,1.0208088125,0.0300486139011652
ETH,1751472000,2025,0.04703966466930809,1.07543725,0.02580851881013202
ETH,1753675200,2025,0.07401455299730908,1.0563104791666666,0.03194698626159753
ETH,1754553600,2025,0.0699440426541591,1.1344070833333333,-0.04893682658678522
ETH,1755014400,2025,0.04039564177308552,1.0932380000000002,-0.05278542557644561
ETH,1759320000,2025,0.04525243916453614,1.0620563958333333,-0.04121956018598805
ETH,1764820800,2025,0.04133531277719715,1.1012690625,0.046641595223611
ETH,1765296000,2025,0.04813621028019477,1.0597999999999999,0.04579392087123857
ETH,1766980800,2025,0.04007901855973395,1.1398645416666666,0.01494853004512231
ETH,1772467200,2026,0.06969382915351763,1.0112065,0.016978496308337143
ETH,1772625600,2026,0.07815004297534234,1.0505794375,0.029903084725259377
ETH,1773633600,2026,0.08566233554713154,1.095386625,-0.032430820617052825
ETH,1774987200,2026,0.05255329670385245,1.1637590416666665,0.033426393092863216
ETH,1775448000,2026,0.04022101933558031,0.9949097083333333,0.009088798294323075
ETH,1775606400,2026,0.07088686543540268,1.1300965208333333,0.006560802009051404
ETH,1776153600,2026,0.04315826110408327,1.1821618541666667,0.005004753236245941
ETH,1776441600,2026,0.09850360279300285,1.0687629375,0.045243941841680124
ETH,1776830400,2026,0.04728615573480344,1.1145332708333333,0.03142035124139875
ETH,1777867200,2026,0.05482736190577442,1.1168914583333334,-0.004721753415841356
ETH,1778068800,2026,0.10393018624201034,1.1317120208333333,0.0329353273501517
ETH,1784030400,2026,0.10114644254124427,1.2229511666666666,-0.02423968458903747
SOL,1638475200,2021,0.05578409714795707,0.9806928664729168,0.19360622996700572
SOL,1642003200,2022,0.04235886514612597,,0.0315645393788494
SOL,1643342400,2022,0.04293235078903579,,-0.06258652236974249
SOL,1643443200,2022,0.08525147437038338,,0.031006650732619767
SOL,1643688000,2022,0.06352026192751947,,-0.04427607478409412
SOL,1643947200,2022,0.06399093637656361,,-0.08252173913043481
SOL,1645588800,2022,0.07393438972979394,,-0.019859452177817816
SOL,1645804800,2022,0.10649188784595287,,-0.14481495139121703
SOL,1646193600,2022,0.053789006006436324,,0.07188003126221176
SOL,1648108800,2022,0.087349737230348,,0.014386152462783519
SOL,1648656000,2022,0.07238436486608468,,-0.13599917532574624
SOL,1648713600,2022,0.04390710827003863,,-0.07644204322200399
SOL,1650196800,2022,0.09498362442216757,,0.034214618825544774
SOL,1653451200,2022,0.07687802881850447,1.07138551663125,0.09693075189510347
SOL,1653840000,2022,0.043501598957344845,1.1040635534375,-0.04845762711864421
SOL,1654776000,2022,0.054002747756588754,1.1739205966895834,0.06867517976692272
SOL,1655726400,2022,0.07618917748029652,1.1721776230041667,0.015453900709219814
SOL,1655798400,2022,0.07826853382676568,1.0939589298104166,0.0805831987075929
SOL,1655971200,2022,0.04107407691194376,1.06141406459375,-0.1362303523035232
SOL,1656936000,2022,0.07083572048195608,1.1674081502062499,-0.03747505106507154
SOL,1658232000,2022,0.04297315357217535,1.1050170207645833,0.13887967339922647
SOL,1658491200,2022,0.05406896472663525,1.0392674893645835,0.04915598752099837
SOL,1659196800,2022,0.1347723329216446,1.1062407379104167,0.046481695140891954
SOL,1659931200,2022,0.07550006777118212,1.1340252976854166,0.06016709632059991
SOL,1660190400,2022,0.14189231955291737,1.0656838763625,-0.0034702447788007565
SOL,1660334400,2022,0.0906602617125356,1.0266085755333334,-0.02761680598328209
SOL,1660363200,2022,0.22402231520554206,1.0915196042583333,0.04330782276870904
SOL,1661414400,2022,0.04220611478334413,1.0551922926416666,0.12603224028658033
SOL,1662638400,2022,0.05314846177523824,1.1472413627333333,-0.04024505692031133
SOL,1662912000,2022,0.04249151301661791,1.2157784479479166,-0.09317243335224046
SOL,1662969600,2022,0.3446769759070918,1.1575975381958334,0.12449747943751654
SOL,1663992000,2022,0.06430888247326916,1.3268015676979166,0.029249110320284544
SOL,1664251200,2022,0.08920126823292862,1.1448906969104167,0.02624637681159414
SOL,1664424000,2022,0.04156312704584053,1.11838174071875,-0.0124011401140115
SOL,1664524800,2022,0.053290395129304224,1.0632996603083333,0.044347467608951696
SOL,1666987200,2022,0.10811513117218952,1.2365869208125,-0.019714909544603754
SOL,1667016000,2022,0.056821857372043594,1.1756160850916666,0.027253681995792145
SOL,1667203200,2022,0.11694058875768243,1.0919320418145835,0.05308583186360971
SOL,1667620800,2022,0.09105027037821123,1.1241476759333333,0.028537063334279966
SOL,1668168000,2022,0.08963951157021066,1.0499239930229167,0.11553083566476097
SOL,1670299200,2022,0.04779095553374213,1.08600029873125,0.03917541377846934
SOL,1672430400,2022,0.041301127609786104,1.04811327611875,-0.004847322061354408
SOL,1672732800,2023,0.1314554232038021,1.0346870959270833,-0.13605503810330222
SOL,1672804800,2023,0.110080805338582,0.9839609308229167,0.050102133390034775
SOL,1673856000,2023,0.0760657690426052,1.0132100712979166,0.022290598290598207
SOL,1674705600,2023,0.05426265972005795,0.96728267974375,-0.006666652979098963
SOL,1674878400,2023,0.047984945558541936,1.028478559425,-0.08221639922846469
SOL,1675008000,2023,0.16305068244704768,1.06826335876875,0.08356691717907849
SOL,1675310400,2023,0.04777682314978615,0.9949801170291667,0.01882547150842495
SOL,1676188800,2023,0.04130980236566484,1.1991257516104168,0.012550135501354975
SOL,1676793600,2023,0.0673462636042117,1.1174743573479167,-0.11051215395003366
SOL,1676865600,2023,0.1972544149507489,1.0677907844083332,0.045781860710782496
SOL,1679025600,2023,0.04629333683976489,0.9979823393604167,-0.09878911564625847
SOL,1679299200,2023,0.07154892464905394,1.0157228013333335,0.032799433816590895
SOL,1681185600,2023,0.15296400291646628,1.1275155083083332,-0.06388944276304087
SOL,1681286400,2023,0.0637958333953692,1.1290359287520833,-0.0410715411148489
SOL,1681358400,2023,0.06187841573701558,1.1075748141520834,-0.01887714131652063
SOL,1681675200,2023,0.0526462982886331,1.0513063259125,-0.0015127800568001106
SOL,1682668800,2023,0.046770654412760404,1.0883554810979166,-0.03196223141598831
SOL,1682841600,2023,0.06454819181764027,1.1356713910062501,0.06494856948228878
SOL,1685851200,2023,0.045796080339671974,1.179614023625,0.07258726338686539
SOL,1686312000,2023,0.0870472147063519,1.25369544503125,0.16618448682236975
SOL,1687204800,2023,0.049132354428598424,1.0447888646833332,-0.04298757763975136
SOL,1688040000,2023,0.12774248492423856,1.117780740375,-0.03734510869565211
SOL,1688270400,2023,0.06664165345874218,1.0306961788104168,-0.004383830496121787
SOL,1688486400,2023,0.0931089726541805,1.0997241549958334,-0.0055132834136834
SOL,1688616000,2023,0.11264828765652135,1.0733971381583334,-0.09453619932604929
SOL,1688745600,2023,0.22255342696686964,1.0298052516145833,-0.006976281632271929
SOL,1688788800,2023,0.09005987127571768,1.02382847489375,0.030314004824541385
SOL,1689048000,2023,0.11880003307426845,1.0043782320833332,0.01076470588235301
SOL,1689422400,2023,0.04734521502367928,0.995096404375,-0.01736370233300677
SOL,1693929600,2023,0.10435732246168916,1.070984194375,0.03310776075135946
SOL,1694620800,2023,0.08838841314594847,1.09862793625,-0.041246496155314394
SOL,1696089600,2023,0.09890771042107471,1.1260648989583333,-0.13839244294799846
SOL,1696219200,2023,0.07605707283688345,1.0837657604166666,0.03222095222432364
SOL,1696579200,2023,0.04533300156455233,1.079736205,-0.005747723250895675
SOL,1697256000,2023,0.059694814568796106,1.0263982822916666,0.0056225165562914245
SOL,1697515200,2023,0.057966083775046195,1.0609484629166668,0.014952806281417486
SOL,1697716800,2023,0.1348793337259151,1.0675965095833333,-0.08391244090670325
SOL,1697774400,2023,0.06518035330426009,1.142557149375,-0.12502745995423348
SOL,1698235200,2023,0.11884358899812542,1.07579547875,0.028600335550362455
SOL,1698667200,2023,0.09400693512724279,1.0888385525,-0.0925939051532273
SOL,1698825600,2023,0.11386938139522851,0.9914745320833332,-0.026529312848734832
SOL,1699588800,2023,0.05039303799441508,1.0003375720833334,-0.2733414982563759
SOL,1699776000,2023,0.047067379920448627,0.9933363627083334,0.13829660296886204
SOL,1700035200,2023,0.05904864434689738,1.070585428125,0.08151379988579399
SOL,1700380800,2023,0.04284788930387684,1.101681619375,0.05366297013828569
SOL,1700884800,2023,0.06396834867604384,1.0196682104166668,0.023308280167855022
SOL,1701230400,2023,0.04144240231360241,1.036730833125,-0.011324906098937215
SOL,1701489600,2023,0.09545976418798907,1.1933200025,-0.0157610990250584
SOL,1701964800,2023,0.0565302697243073,0.9922725045833333,-0.1883467310332062
SOL,1702540800,2023,0.044643571308449204,1.0140811566666665,0.012206751628741852
SOL,1702627200,2023,0.12230932474218958,1.1104337327083333,0.06776562855194368
SOL,1703217600,2023,0.04017621348104261,1.0372679664583333,-0.09732807759052042
SOL,1704110400,2024,0.04356155301397635,1.08006502125,-0.02093721897005174
SOL,1704974400,2024,0.049076534679776795,1.0535584641666667,0.09542545425692295
SOL,1705204800,2024,0.06064286913803563,1.1713940479166667,0.022151962729001995
SOL,1705464000,2024,0.047805922604376994,1.0477768922916666,0.05017802929153914
SOL,1706544000,2024,0.04060400721981705,1.0332965241666667,-0.011523070190270768
SOL,1707912000,2024,0.04251405770280181,1.0557173916666667,0.025212330991573162
SOL,1709179200,2024,0.06463218160710515,1.0300047485416666,-0.04424681318331547
SOL,1709784000,2024,0.05986039809030075,1.0496302291666666,-0.07064591599991321
SOL,1710201600,2024,0.04614245527518679,1.0204387708333333,-0.042146736181868705
SOL,1715788800,2024,0.08100839794642511,1.0150569791666666,-0.0930088094915168
SOL,1715832000,2024,0.05094689619438597,1.1367449791666666,-0.03877284657892954
SOL,1716192000,2024,0.06356440800427632,1.1001595625,-0.003758077226162392
SOL,1721361600,2024,0.04690046128856862,1.1626921666666667,-0.06911646297627605
SOL,1722067200,2024,0.04156711930570345,1.1567202708333333,0.0017843128790659976
SOL,1722225600,2024,0.08874621682228656,1.116377625,0.07410062297844
SOL,1722916800,2024,0.06799094842039266,1.023906875,-0.009485326868322486
SOL,1723003200,2024,0.07252577909038016,1.0481205208333333,-0.02274312528712985
SOL,1726804800,2024,0.09723249453567862,1.0858293958333334,0.023565794614065494
SOL,1727208000,2024,0.05987953719491057,0.9719355416666667,-0.0020346272722512318
SOL,1728878400,2024,0.046008686535869314,1.1949080208333334,-0.015253023864007953
SOL,1729353600,2024,0.04380838225431716,1.1515165208333333,-0.0803935128910499
SOL,1729713600,2024,0.06179327592211137,1.102502125,-0.017099759967215022
SOL,1730865600,2024,0.15123542888040098,1.1401275625,-0.07151282051282049
SOL,1731038400,2024,0.040245737660137726,1.0181092708333332,0.012615960099750523
SOL,1731326400,2024,0.06705508693553308,1.1383061041666667,0.07136061684460271
SOL,1731816000,2024,0.15531245661254722,1.0868101875,0.003168421052631599
SOL,1737115200,2025,0.09025864313405174,1.03536675,-0.16994705532421162
SOL,1737705600,2025,0.041384674096295315,0.9385878958333334,0.037920134983127074
SOL,1740758400,2025,0.04404422611983283,1.0868358541666667,0.01656784469204997
SOL,1741968000,2025,0.07479679428607056,1.0497117291666667,-0.0036821636119804815
SOL,1742788800,2025,0.06508454020793097,1.1136681041666667,-0.045013830860106796
SOL,1745035200,2025,0.06794762159946943,1.0792939791666667,0.010465243726564766
SOL,1747886400,2025,0.05350022219492079,1.142292125,-0.004418132914938754
SOL,1751097600,2025,0.09322085852191409,1.1723201666666667,-0.042748827089141295
SOL,1751299200,2025,0.06804661996136407,1.0445078125,0.054101134994610334
SOL,1753070400,2025,0.0640861884380366,0.9882468750000001,-0.0474492372435561
SOL,1755057600,2025,0.090050354566245,1.2090932916666668,0.028679561346144244
SOL,1755144000,2025,0.07521858906533452,1.1021126458333332,0.10589990281827011
SOL,1755936000,2025,0.07566563835715034,1.048911125,-0.020843626286619066
SOL,1756008000,2025,0.06580832978090134,1.1830857708333333,0.07332661153827558
SOL,1763611200,2025,0.07198751712002793,1.0805718541666667,0.108155419507444
SOL,1766966400,2025,0.06327711835318484,1.1597717916666668,0.025610644257703208
SOL,1766980800,2025,0.06123979835281457,1.0380605833333334,0.023720331690526453
SOL,1767672000,2026,0.05510939908843282,1.1007504583333334,0.012308123045596586
SOL,1773374400,2026,0.07553166469797046,1.06299075,0.017844504626495117
SOL,1773633600,2026,0.07907504974551838,1.0567858333333333,-0.01233205045969632
SOL,1776355200,2026,0.10262226645791883,1.1757808125,0.017652159431553183
SOL,1777867200,2026,0.06667380697058589,1.1470455625,-0.02021263554926922
SOL,1778270400,2026,0.08163128379065054,1.0679986041666667,-0.017418397303468613
SOL,1779292800,2026,0.04882335010267935,1.1590559791666666,-0.010404388714733481
SOL,1787832000,2026,0.058075090142152286,1.0269372083333332,0.029713218820014986
LTC,1638878400,2021,0.04913626158153339,1.14334439535,0.019254096851408664
LTC,1639886400,2021,0.042646412669669065,1.1159063728833334,0.016627472742704152
LTC,1640145600,2021,0.04130381371949432,1.1320299049291667,-0.04484346166083342
LTC,1642176000,2022,0.08233770234670246,,-0.012763891772195834
LTC,1647374400,2022,0.05242006427642032,,-0.027776519052523096
LTC,1650153600,2022,0.047509326072835645,,0.06189031577095605
LTC,1652976000,2022,0.13386940347756737,1.0594788048666668,0.01175329460110519
LTC,1653292800,2022,0.07553623483273553,1.1494621191229166,0.04062117903930129
LTC,1655640000,2022,0.06542482855366094,1.17729108369375,-0.027377036462373883
LTC,1655956800,2022,0.15292620819891223,1.07528852726875,-0.012258398402033799
LTC,1656216000,2022,0.045800749183959155,1.1452957865708333,0.055130235713074516
LTC,1657440000,2022,0.11753213670167462,1.1194720539479166,0.10633944954128438
LTC,1657987200,2022,0.05752105472422486,1.4049512142020832,-0.06810914454277295
LTC,1658030400,2022,0.045154137865253796,1.0559476833833334,-0.014996052395478299
LTC,1658635200,2022,0.045230002779505174,0.98994127963125,0.034603180089872176
LTC,1659672000,2022,0.041116810880880816,1.1055116682770834,0.000299334091278137
LTC,1659945600,2022,0.10929483294765618,1.1821711954229166,0.0719297365119197
LTC,1660190400,2022,0.0674172955507244,1.2440902851458333,-0.01055465587044535
LTC,1660348800,2022,0.058649960189560923,0.993473343575,-0.02101250781738584
LTC,1660363200,2022,0.08385412515464452,1.1338229868791667,0.004805742978189143
LTC,1660708800,2022,0.08577060050532004,1.1206092280645834,0.016626131953428214
LTC,1661184000,2022,0.07709312476029995,1.1051867666125001,0.0021914893617021045
LTC,1661673600,2022,0.09267304513185581,1.3806558039854167,-0.037245353159851446
LTC,1662033600,2022,0.0841255485380843,1.19325891523125,-0.11745708037178793
LTC,1662696000,2022,0.06887874380052428,1.2337966196416665,-0.04550694904037067
LTC,1663056000,2022,0.17109879211611068,1.1161794877208333,0.09217051108095886
LTC,1663761600,2022,0.04914755777690338,1.0649020289583333,-0.016789473684210354
LTC,1664856000,2022,0.11872755038785177,1.2411517162291668,0.003755807572709103
LTC,1666425600,2022,0.05572025819617754,1.7461046406291667,-0.041069350799460724
LTC,1667390400,2022,0.4467821860601442,1.0398218436875,-0.027800394607037204
LTC,1667649600,2022,0.04924814156261159,1.0548405784020833,-0.01060045178596647
LTC,1667793600,2022,0.07467381867264389,1.0781487561333334,0.17538526254714237
LTC,1668153600,2022,0.10953659222072365,1.02956675945,0.03674494057179567
LTC,1668484800,2022,0.040316948041525524,1.1231451986916667,0.010353862033373518
LTC,1668571200,2022,0.0506357560928592,1.078251776325,-0.018685699848408288
LTC,1668686400,2022,0.06518468388939191,1.0737754555624999,-0.053658313579410755
LTC,1668744000,2022,0.08127421659960254,1.0900438803770833,-0.02170862320012945
LTC,1668844800,2022,0.11941489977561526,1.2471522678916667,0.018279393173198488
LTC,1669089600,2022,0.06752132647754583,1.0518431952416667,-0.2673210756520331
LTC,1669176000,2022,0.08654392759717977,1.13318475385,0.014821195379206453
LTC,1669449600,2022,0.08512014213000452,1.1274475596104165,0.0352934362934364
LTC,1670212800,2022,0.23006392388900276,1.11420078494375,0.06396937672631198
LTC,1672056000,2022,0.088609610054186,1.2290192442124999,0.020033051938760926
LTC,1672574400,2023,0.047361981731695924,1.1423283313666668,-0.07524263973830181
LTC,1672718400,2023,0.04285546163430198,1.0349808430166667,0.008744535159336264
LTC,1674475200,2023,0.0437789544749152,1.1000109870249999,0.03095488721804507
LTC,1674964800,2023,0.2295070860063675,1.0621761929458333,0.046119864464210125
LTC,1675224000,2023,0.08204667240903762,1.0179367912604167,-0.04220278847154291
LTC,1676563200,2023,0.0474497824035669,1.1127511537208334,0.014481986368062305
LTC,1679515200,2023,0.16086265245016618,0.9579462875208332,-0.03183447959651542
LTC,1679558400,2023,0.23641380667239287,1.1042479679791668,-0.03141322314049588
LTC,1680667200,2023,0.04143315321821617,1.0872147274520834,0.0412594583201602
LTC,1681185600,2023,0.11515736688636058,1.11100296696875,0.04788935021797802
LTC,1681660800,2023,0.18058837298562747,1.04152499511875,-0.008323107372587901
LTC,1681790400,2023,0.12995384173342672,1.1464342213020833,0.08319294626191187
LTC,1684123200,2023,0.13483951410864403,1.1186051641124999,-0.02244741369423109
LTC,1684224000,2023,0.06983852533060464,1.1288646294645834,-0.051610234016347456
LTC,1685606400,2023,0.12587135074663203,1.13602760743125,-0.0356996313164174
LTC,1685793600,2023,0.06146357628090282,1.2663549575791666,0.038304923458833406
LTC,1687320000,2023,0.061979417651156554,1.0304479768854167,-0.020668246445497584
LTC,1687536000,2023,0.0862493186843154,0.9971451048375001,0.028962954892133408
LTC,1688097600,2023,0.2633452397805871,1.1507030994041667,-0.10579293672482659
LTC,1688284800,2023,0.13748376784738925,1.0938413976229167,0.03328417169081255
LTC,1689235200,2023,0.07484839982016966,1.160175751875,0.05641199801685659
LTC,1690675200,2023,0.059544508416924824,1.1853407175000001,0.02553838020723198
LTC,1692590400,2023,0.05841838008020428,1.14832132875,0.020520146520146443
LTC,1693324800,2023,0.05827704159220226,1.1786476,0.011661912385387718
LTC,1699704000,2023,0.07106010001970198,1.038847474375,0.009860820595333886
LTC,1699776000,2023,0.07128304208247838,1.1428531372916666,0.058865204176027475
LTC,1701662400,2023,0.045903132062420804,1.2329091614583334,0.007687389710872795
LTC,1705896000,2024,0.059809542807070626,1.1175666366666668,0.10524481901077642
LTC,1706558400,2024,0.05782694716660508,1.2767324635416666,0.0036776787019440213
LTC,1709179200,2024,0.1291067835250459,0.9690512858333333,-0.02163357203544114
LTC,1710144000,2024,0.10990224365912282,1.0396683125000001,-0.03052963509808071
LTC,1711195200,2024,0.047843727163223715,1.1526362083333332,-0.04266666666666652
LTC,1711454400,2024,0.05483391773761204,1.1439068125,-0.07132127611772632
LTC,1711512000,2024,0.05700171936321219,1.1283912916666667,0.020938988717091434
LTC,1711713600,2024,0.4292277971793861,1.1409995416666667,0.01164610078559103
LTC,1720843200,2024,0.07273478442306325,1.41773575,0.010654349061966939
LTC,1721635200,2024,0.042836165269123816,1.0505340625,0.011603333785065839
LTC,1725004800,2024,0.06011527365900582,1.1156686666666666,-0.02367716535433073
LTC,1725076800,2024,0.04894853736965876,1.07499725,0.014846411701965434
LTC,1729022400,2024,0.170761024727478,1.0684938125,0.0006937191249116745
LTC,1729180800,2024,0.107096238432689,1.1262629791666667,-0.02046005207619561
LTC,1731211200,2024,0.043980880486032436,1.1431252083333334,-0.030678266579119984
LTC,1731340800,2024,0.18453516847203155,1.0381141875,0.06123695957148312
LTC,1732334400,2024,0.22088669715742903,1.09869825,0.05757988165680483
LTC,1733068800,2024,0.10079966567665566,1.0962418541666665,-0.17810229341099382
LTC,1733400000,2024,0.0762444720665083,1.020896375,0.060475409836065475
LTC,1734465600,2024,0.1768099277582118,1.1117381458333333,0.1131468854548352
LTC,1737000000,2025,0.06334185039760243,1.1169382708333333,-0.14397715053763427
LTC,1737086400,2025,0.13143844141684013,1.1571180625,0.08809670871393349
LTC,1737777600,2025,0.05085209363175047,1.0732615416666667,-0.005785873421899511
LTC,1738051200,2025,0.040080331853444395,1.0797870833333334,-0.011824022346368701
LTC,1738209600,2025,0.05743222086052113,1.1109454583333334,0.006539464383884309
LTC,1738756800,2025,0.09077530320687122,1.1456581666666665,0.03173200669518328
LTC,1739160000,2025,0.06101354888704691,1.1076980625,-0.03199227363486423
LTC,1739246400,2025,0.0999218942381388,1.0464037083333333,0.04260599969073764
LTC,1739620800,2025,0.08287304690661479,1.0378425625,0.06740610047846884
LTC,1739908800,2025,0.044590455791559735,1.07419625,-0.0019254260815918514
LTC,1739937600,2025,0.0807476239901741,1.0632530833333333,0.05179180279180284
LTC,1740643200,2025,0.08125645173177531,1.2122822708333334,0.010431219587549223
LTC,1744228800,2025,0.0635810826711074,1.0612866666666667,-0.0013946849098803718
LTC,1746576000,2025,0.30472762233766515,1.1128550208333332,-0.009665511265164795
LTC,1746590400,2025,0.12708200931005598,1.1211374583333333,-0.005650659744754648
LTC,1748491200,2025,0.05028890626789262,1.1288969166666667,0.0865618811881188
LTC,1748851200,2025,0.05592964122974187,1.4861725833333335,-0.01956069232521085
LTC,1751515200,2025,0.04009596427490458,1.1339724791666665,0.05063133033066025
LTC,1752955200,2025,0.20627452706090654,1.1128221666666667,-0.04269979680183755
LTC,1752998400,2025,0.04226861668276993,1.1886638125,0.005194614127161602
LTC,1755028800,2025,0.0528610647851151,1.1224689791666667,0.020232561704737195
LTC,1755057600,2025,0.04208552134160248,1.2339054375,0.0751695018226003
LTC,1759320000,2025,0.09454086371278492,1.2884049583333332,-0.0557317336209221
LTC,1759377600,2025,0.05626544976441372,1.1670900416666667,-0.0265593731668482
LTC,1759507200,2025,0.05227543917427835,1.1653076875000001,0.0016965190390586535
LTC,1760040000,2025,0.08972281922005876,1.0169912083333335,0.22007438016528935
LTC,1760068800,2025,0.19291870593825355,1.0298093541666666,0.2684946974422957
LTC,1761638400,2025,0.08008304929240495,1.1296404166666667,0.03492755751346066
LTC,1763179200,2025,0.07742544463475642,1.2839052708333334,0.06568613707165105
LTC,1768363200,2026,0.054635187866437285,1.225391375,0.08796481903315623
LTC,1787572800,2026,0.04898354176612396,1.2077716666666667,0.037593809705769976
HBAR,1639540800,2021,0.05495785513007223,1.0599619875875,-0.09213463446907044
HBAR,1640534400,2021,0.1206409023800461,1.0403029318500001,0.05156735191964701
HBAR,1640865600,2021,0.26168911457243116,0.9362383928333333,0.027046965437406922
HBAR,1642636800,2022,0.3122798850361441,,0.08268216200337819
HBAR,1642651200,2022,0.20701917154080873,,0.10573252835711666
HBAR,1643140800,2022,0.05877899433784339,,0.014198144027271487
HBAR,1643400000,2022,0.06956179027147336,,-0.04727999629389423
HBAR,1643688000,2022,0.18432527827208856,,-0.00012556838055266441
HBAR,1643904000,2022,1.122108862573628,,-0.07390015847860532
HBAR,1644868800,2022,0.6412001393734876,,-0.07539897380725791
HBAR,1644897600,2022,0.2639968240507087,,0.014514540104703877
HBAR,1645574400,2022,0.17429090217852639,,0.10224029233072118
HBAR,1646798400,2022,0.11958961395459067,,-0.014717936671991061
HBAR,1646942400,2022,0.08777931864975996,,0.030600831600831713
HBAR,1647849600,2022,0.15223539287498844,,-0.006051686234154973
HBAR,1647921600,2022,0.10689832875454175,,-0.007151711378353353
HBAR,1648094400,2022,0.1533875274428651,,-0.0014019113115705242
HBAR,1648569600,2022,0.2805863810781619,,-0.006778315699058956
HBAR,1649592000,2022,0.05285088381542513,,0.08130529304967182
HBAR,1652760000,2022,0.058206001809334884,1.0965783086895833,0.01464561734212999
HBAR,1653220800,2022,0.07612583202013834,1.1639959818083334,0.03652181500872598
HBAR,1653292800,2022,0.09667097852048001,1.3543364222208334,0.06435025858015986
HBAR,1654401600,2022,0.4941219320691037,0.9190800319854167,-0.02067283224633798
HBAR,1657353600,2022,0.06507928917102324,1.05936931559375,0.010285648924813207
HBAR,1658116800,2022,0.0736549115138081,1.19397100786875,-0.0820019042038963
HBAR,1658289600,2022,0.07056161432421826,1.2578492375604167,0.04762495017935442
HBAR,1658664000,2022,0.11631119085258623,1.25494168305625,0.11389829576690502
HBAR,1659067200,2022,0.060303303952492504,1.00728252383125,-0.055565701559019964
HBAR,1659196800,2022,0.17736785319230286,1.1257328424291666,-0.016047518479408773
HBAR,1659254400,2022,0.05021691458381139,0.9425733152104167,0.029555555555555668
HBAR,1659772800,2022,0.17071254980127448,1.4199909804354167,-0.00399830530569678
HBAR,1660032000,2022,0.09918089076282088,1.0602891554854168,-0.023565166645052593
HBAR,1660982400,2022,0.10272507396311115,1.26908113133125,-0.024420238621299162
HBAR,1661356800,2022,0.05633377348446733,1.0948109718166668,0.014341905318527082
HBAR,1662897600,2022,0.0546417981761369,1.2474742616520833,-0.0800581631061904
HBAR,1665504000,2022,0.5356352993430324,1.1302798661770834,0.014484922575387138
HBAR,1665547200,2022,0.49656404890029027,1.1218066171770833,-0.0207223098769328
HBAR,1666771200,2022,0.14826958721653338,1.4518740157624999,0.03171105237072536
HBAR,1667534400,2022,0.08086541055973862,1.0582960621354167,-0.016397082658022755
HBAR,1668672000,2022,0.11502753391686849,1.1453054142041668,0.04031082423038723
HBAR,1672603200,2023,0.14714729051639086,0.88588131750625,-0.02757894736842126
HBAR,1672675200,2023,0.0660256851904446,0.9575990217791667,0.009955414012738806
HBAR,1673107200,2023,0.05401064118179022,2.08815108188125,-0.09576876421531455
HBAR,1673985600,2023,0.050486025091123876,1.0734192138,-0.046245539819753545
HBAR,1674201600,2023,0.15467686149803406,1.0761233252354165,-0.1763725233338792
HBAR,1675454400,2023,0.11874502202515669,1.0420627221833334,-0.005289470042894816
HBAR,1675785600,2023,0.16975387630141103,1.2660719349562501,0.03607613141575394
HBAR,1676001600,2023,0.2343023497141643,1.0155627654895834,-0.15002377473768103
HBAR,1676088000,2023,0.14719834696309486,1.13948196918125,-0.039841807909604676
HBAR,1676174400,2023,0.053316829924456854,1.1287929856104166,0.0912737770312827
HBAR,1676779200,2023,0.07126926182956517,1.0339520577854167,0.027640937741899796
HBAR,1678507200,2023,0.05916052030307073,1.1208907227916667,0.020000512207614785
HBAR,1679112000,2023,0.09477197900413481,1.03524840431875,-0.004972498090145216
HBAR,1679832000,2023,0.05860667597346181,1.04997534259375,0.0378605302157089
HBAR,1680235200,2023,0.5141379753213773,1.0349054123270833,0.004235602094240788
HBAR,1680408000,2023,0.1414864703350478,1.06363157623125,0.10424261740601015
HBAR,1681804800,2023,0.04302062190663403,1.1485941609708334,0.09034615384615385
HBAR,1682827200,2023,0.35374359885436046,1.08182345255625,0.0559287195024718
HBAR,1687680000,2023,0.16304852926317737,1.1398002498229167,0.062384267119411474
HBAR,1689667200,2023,0.46413867183518676,1.2022637402083334,-0.046674869500372806
HBAR,1689753600,2023,0.3895914647604546,1.0400827495833334,-0.028119252873563094
HBAR,1689825600,2023,0.28945061145698103,1.0188946952083333,0.03457792433182916
HBAR,1690401600,2023,0.05678658348691412,1.1518310250000001,0.017529130850047703
HBAR,1691020800,2023,0.1854977780507554,1.0976770454166667,-0.004382187147688898
HBAR,1691035200,2023,0.29360838006405166,1.1272377412499999,0.0021710501772056476
HBAR,1691467200,2023,0.19124411368063998,1.1315822504166666,-0.035186565882150744
HBAR,1691553600,2023,0.053253823560850844,1.1081063666666666,0.0567453365774534
HBAR,1691985600,2023,0.3495572329635339,1.1017310516666667,-0.05386821705426359
HBAR,1692072000,2023,0.5350968417095601,1.054996013125,0.11475875486381315
HBAR,1692417600,2023,0.25711140489958706,1.0482578116666665,0.05415770227030303
HBAR,1692691200,2023,0.0421478196552465,1.0733638035416666,0.004636070853462183
HBAR,1692849600,2023,0.09659973567398805,0.9835380045833334,0.058343840463171426
HBAR,1694606400,2023,0.0698943877789473,1.0297854883333333,-0.045745484400656955
HBAR,1694664000,2023,0.6033346965764825,1.03082723,0.009756894191277121
HBAR,1696161600,2023,0.119067559445728,0.9798147027083334,-0.0015942947702060053
HBAR,1697601600,2023,0.07741762455295276,1.0713082854166667,0.04341677044416781
HBAR,1698292800,2023,0.06793790755142037,1.0020748402083333,0.05156315007429424
HBAR,1699718400,2023,0.14701786315000742,1.0422090833333333,0.022972059056993288
HBAR,1700452800,2023,0.07174274706330941,1.0160771800000001,0.06448075448550838
HBAR,1701000000,2023,0.06919228241160646,1.4672618989583333,0.030439514842004356
HBAR,1702540800,2023,0.0944755383270317,1.168239075625,0.010451791651274522
HBAR,1702612800,2023,0.048178608811476176,1.055668193125,0.046122898413450075
HBAR,1703376000,2023,0.04216447397233236,1.1267480514583335,0.016111493758071527
HBAR,1704168000,2024,0.041702293708794747,1.128446051875,0.11373727422003277
HBAR,1707480000,2024,0.0540353337345123,1.1036658358333333,-0.011098427713153725
HBAR,1707796800,2024,0.09199267856385451,0.9200132791666666,-0.011262675626145247
HBAR,1707897600,2024,0.04484375807133678,1.0921711395833333,0.0011660649819494892
HBAR,1708315200,2024,0.158723802197281,1.1384262929166666,-0.12203655324976304
HBAR,1709625600,2024,0.08708741283156152,0.962672875,-0.006745750538663996
HBAR,1709769600,2024,0.040224780601222365,1.0644396250000001,0.02572195346694317
HBAR,1710043200,2024,0.07289947643071448,1.1428615833333333,-0.002620245351438898
HBAR,1710936000,2024,0.07128011967435377,1.1104962916666665,-0.06744838212634818
HBAR,1713888000,2024,1.8543602068155893,1.1900163750000001,0.10106193774381023
HBAR,1713931200,2024,0.2145501625564572,1.0452925208333335,0.15098965665852615
HBAR,1714968000,2024,0.10736054425619557,0.9634062499999999,0.096738221605291
HBAR,1721102400,2024,0.04155236306897048,1.0276627083333334,-0.002316829075586057
HBAR,1726718400,2024,0.17827028895701402,1.1033769791666665,0.003428186368887199
HBAR,1728964800,2024,0.20049888492911005,0.9614321041666667,0.013474166361304496
HBAR,1731643200,2024,0.2108169408409819,1.0070930624999999,-0.33877969018932885
HBAR,1731729600,2024,0.14612368938927478,1.0954269374999999,-0.0267383465781047
HBAR,1731902400,2024,0.2399515863874062,1.0392018541666668,-0.14949168546837133
HBAR,1731988800,2024,0.11700635179416463,1.0389292708333333,0.13079856115107924
HBAR,1733040000,2024,0.15938134217869537,1.1060400833333333,-0.5471130128491343
HBAR,1733112000,2024,0.24265374899219716,1.0048002083333334,-0.31823371868186123
HBAR,1734091200,2024,0.05683741806904874,1.0155128125000001,0.047338566195708975
HBAR,1735027200,2024,0.11484151720314961,1.0158542083333333,0.0006901049140596313
HBAR,1735747200,2025,0.09708394429680345,1.0524422708333334,-0.01418592149305209
HBAR,1735876800,2025,0.06859702439667115,0.9923152916666668,-0.020020923015316883
HBAR,1736222400,2025,0.08987244444423892,1.00898325,0.13543664669178979
HBAR,1736913600,2025,0.12223037928321645,1.2352892083333333,-0.21230055765656053
HBAR,1737000000,2025,0.08355490111152841,1.1029906041666666,-0.09623668375967032
HBAR,1737705600,2025,0.05419957662304964,0.8973114791666666,0.020080252373371077
HBAR,1739260800,2025,0.05975439971039975,0.9576861666666666,0.029845360824742206
HBAR,1740945600,2025,0.06744944487440008,1.1139909375,0.08615578955342607
HBAR,1741780800,2025,0.05121674548338362,1.0582945208333332,0.03774753401790687
HBAR,1744084800,2025,0.10731561071329665,0.9427408541666668,-0.0848308141750288
HBAR,1744286400,2025,0.11705027128906975,1.2628708541666667,-0.0029305019305020377
HBAR,1745380800,2025,0.07470168660688126,1.1650150833333333,-0.00631943474289398
HBAR,1745510400,2025,0.06227984855090485,1.1820202083333333,-0.0492629609834313
HBAR,1745812800,2025,0.040168781013277144,1.1866533541666666,0.0393639875959535
HBAR,1746777600,2025,0.0651792493712442,1.0611691041666667,-0.09496375255878975
HBAR,1746849600,2025,0.04577531083850994,1.2390614375,0.015190247417727676
HBAR,1751486400,2025,0.057875978871164246,1.2573620208333334,-0.0015794115753556817
HBAR,1752393600,2025,0.19720667661504399,1.0621661666666666,-0.04393073840870054
HBAR,1752739200,2025,0.08754237406560117,1.0491494583333334,-0.04064881334188597
HBAR,1754568000,2025,0.04545207784352523,1.0432301458333333,-0.03525335603690671
HBAR,1758153600,2025,0.07106574777224739,1.1276485833333334,0.029517578125
HBAR,1761624000,2025,0.21007420406517796,1.03708075,0.05357896229089876
HBAR,1761796800,2025,0.11615420132087384,0.97217075,0.04680473714615829
HBAR,1765296000,2025,0.07910250155845477,1.0601435625,0.07400891265597154
HBAR,1768320000,2026,0.04752793953776524,1.3583165625,-0.007318589956767484
HBAR,1770206400,2026,0.053814668966222445,1.2594323125,0.10659634662508355
HBAR,1775606400,2026,0.12276375222378655,1.3498347083333335,0.03398823025893427
HBAR,1776859200,2026,0.042937416410403495,1.4220130416666665,0.022750404836446192
HBAR,1777190400,2026,0.040161336813780535,1.1702568333333334,0.0320961621388528
HBAR,1778414400,2026,0.058882958343769776,1.1785704583333334,0.004004170141784892
HBAR,1780113600,2026,0.23056062916923525,0.977577,0.012842975206611484
HBAR,1787284800,2026,0.05740492935111985,1.0610681458333333,-0.0291336679434685
HBAR,1787558400,2026,0.04128751949881648,1.1218668333333335,0.029072373346643476
HBAR,1787630400,2026,0.04508137346361951,1.4625408958333332,0.031254031753969236
