extra_roundtrip_bps,start,trades,final,cagr,maxdd,sharpe,win,worst_month
0,5000.0,529,61085.012687676695,72.65867192375673,-14.022449530804993,2.389001155377256,46.502835538752365,-6.054179110366542
0,25000.0,563,407099.7084717411,83.83168499596461,-16.293158213245906,2.4186556197992015,46.00355239786856,-6.744374959965793
0,100000.0,564,1661363.925982821,84.6374021841052,-17.416559894597327,2.399804187919931,45.92198581560284,-7.074566748803202
10,5000.0,528,56563.55121236121,69.78548590979176,-13.690662724774239,2.3387191794092104,45.83333333333333,-6.201633054117184
10,25000.0,563,354554.23390447616,78.37078086032234,-17.60858926064035,2.308056130250361,45.293072824156305,-7.375743384437971
10,100000.0,564,1472166.421201221,79.82987829221737,-17.956489825831913,2.3016253864794365,45.21276595744681,-7.250183582412983
25,5000.0,525,50782.626010967055,65.83781246321068,-14.086307538422727,2.2245763000026253,45.714285714285715,-6.804439291750153
25,25000.0,563,299798.1702584428,71.95950449345804,-18.045076264015492,2.1674509851692543,45.11545293072824,-7.515087608101057
25,100000.0,564,1235839.3650691973,73.0927502851074,-18.40787454447411,2.1585145606927676,45.0354609929078,-7.62449421152207
50,5000.0,519,32044.489128835947,49.98559751512028,-15.876422857886585,1.8677395473454013,44.1233140655106,-7.016908694075297
50,25000.0,563,222384.06809597908,61.108556506569215,-18.935582608469094,1.9174049161391018,44.04973357015986,-8.01626221200692
50,100000.0,564,916132.1541371802,62.1475937423156,-18.991635844509837,1.9146415225437476,43.97163120567376,-8.16680545056212
100,5000.0,508,17488.634060638877,31.41968959254322,-19.316195493853428,1.342869109647844,40.354330708661415,-8.697004193271807
100,25000.0,563,123587.20686539618,41.724921332805856,-20.61096667293436,1.441304344904108,41.03019538188277,-9.23630851278695
100,100000.0,564,507650.4856882165,42.548446444634045,-21.384074028347634,1.431445731417512,40.95744680851064,-9.210198342952081
