panel,strategy,p_t,e_value,lord_level,lord_reject,bh_reject,bonferroni_reject
16,CS72,0.007498065326618533,5.774247492125596,0.0012168514157452233,False,True,False
16,FlushB,0.023065357936551546,3.292228006451904,0.0007789994781859269,False,True,False
16,LiqBuy,7.362188835990374e-05,58.27288609188474,0.0005676812583442825,False,True,True
16,CS72_48h,0.0025491063197631576,9.903210935542418,0.00044412328369804606,False,True,True
16,FlushStd,0.017856011361603304,3.741775935129745,0.00036341610676871375,False,True,False
16,CS24_core,0.00010052783347232029,49.8685617350169,0.000306734554300114,False,True,True
16,HotFlushC,0.02396186323289965,3.2300534712482896,0.00026483267135617253,False,True,False
16,HotFlushD,0.003621706464151733,8.308323154807102,0.00023265039089740685,False,True,True
16,MOM20_7d,0.09900982626371371,1.589025457854933,0.00020719083799996906,False,False,False
30,CS72,0.003467566854661937,8.490975403488852,0.0012168514157452233,False,True,True
30,FlushB,0.0040024334028787726,7.90329052968563,0.0007789994781859269,False,True,True
30,LiqBuy,2.5739900213661067e-05,98.55225702728792,0.0005676812583442825,False,True,True
30,CS72_48h,0.0006304264885972435,19.913737500736865,0.00044412328369804606,False,True,True
30,FlushStd,0.0024269052304153648,10.149475405433195,0.00036341610676871375,False,True,True
30,CS24_core,0.00010052783347232029,49.8685617350169,0.000306734554300114,False,True,True
30,HotFlushC,0.0034863431756106903,8.46807970590857,0.00026483267135617253,False,True,True
30,HotFlushD,0.0004418052981235405,23.787814574576156,0.00023265039089740685,False,True,True
30,MOM20_7d,0.014237820392727833,4.190330222793312,0.00020719083799996906,False,True,False
