t,symbol,last,bid,ask,volume,quoteVolume
1790827463,BTCUSD,83718.19000000,83718.20000000,83718.27000000,19.47512000,1638751.74939790
1790827463,ETHUSD,2694.49000000,2695.51000000,2695.52000000,342.27520000,921259.68688800
1790827463,SOLUSD,118.61000000,118.66000000,118.68000000,3003.79400000,358428.73353000
1790827463,XRPUSD,1.50050000,1.49940000,1.49960000,445176.30000000,671088.02548000
1790827463,ADAUSD,0.25110000,0.25059000,0.25070000,325967.30000000,80594.83987100
1790827463,DOGEUSD,0.09571000,0.09565000,0.09570000,2973815.00000000,283000.43725000
1790827463,LTCUSD,67.53000000,67.45000000,67.65000000,44.06800000,2943.50888000
1790827463,DOTUSD,1.24800000,1.24800000,1.25400000,1227.69000000,1506.11230000
1790827463,LINKUSD,14.50000000,14.48800000,14.49500000,7055.64000000,101656.80976000
1790827463,AAVEUSD,164.88000000,164.70000000,166.11000000,53.14500000,8481.77324000
1790827463,AVAXUSD,11.13400000,11.12300000,11.13100000,6374.24000000,70140.52507000
1790827463,BCHUSD,305.20000000,306.30000000,309.00000000,25.75600000,7928.79120000
1790827463,HBARUSD,0.10512000,0.10511000,0.10521000,2456705.00000000,261234.31018000
1790827463,SHIBUSD,0.00000580,0.00000581,0.00000582,930401402.00,5391.34795341
1790827463,XLMUSD,0.22826000,0.22865000,0.22876000,115239.00000000,26077.11801000
1790827463,XTZUSD,0.76900000,0.00000000,0.00000000,348280.07000000,268909.62664200
1790836545,BTCUSD,84190.49000000,84202.65000000,84202.92000000,20.96997000,1765119.66892760
1790836545,ETHUSD,2716.78000000,2717.62000000,2717.72000000,338.55310000,911874.87836000
1790836545,SOLUSD,119.40000000,119.38000000,119.40000000,2729.51600000,325753.10391000
1790836545,XRPUSD,1.50650000,1.50650000,1.50670000,437470.40000000,659711.44060000
1790836545,ADAUSD,0.25369000,0.25335000,0.25350000,340630.30000000,84493.60069700
1790836545,DOGEUSD,0.09585000,0.09574000,0.09579000,2949152.00000000,280822.88589000
1790836545,LTCUSD,67.53000000,67.19000000,67.42000000,44.06800000,2943.50888000
1790836545,DOTUSD,1.24900000,1.24200000,1.24800000,1008.65000000,1240.22642000
1790836545,LINKUSD,14.48900000,14.47200000,14.48100000,7068.31000000,101847.30765000
1790836545,AAVEUSD,166.74000000,167.48000000,169.03000000,53.44000000,8530.96154000
1790836545,AVAXUSD,11.11600000,11.09700000,11.10400000,6855.25000000,75407.60353000
1790836545,BCHUSD,305.20000000,307.10000000,309.90000000,25.75600000,7928.79120000
1790836545,HBARUSD,0.10613000,0.10599000,0.10609000,2559052.00000000,272107.00055000
1790836545,SHIBUSD,0.00000580,0.00000581,0.00000583,926716291.00,5369.98254674
1790836545,XLMUSD,0.22676000,0.22669000,0.22680000,117181.00000000,26605.11257000
1790836545,XTZUSD,0.76900000,0.00000000,0.00000000,348280.07000000,268909.62664200
