cond,k,side,n,mean_pct,base_pct,win,t
cascade_2h_up,1,S,8,0.3016635066101489,-0.12238541539500339,50.0,1.7807571570898733
cascade_2h_up,2,S,8,0.45453350149081956,-0.1452608776445023,50.0,1.5887355974966209
vol_spike_drop,2,S,17,0.061377145306777965,-0.1452608776445023,52.94117647058824,1.3260877487797182
pump1h_+2,2,L,9,0.5941289442021882,-0.0547391223554977,77.77777777777779,1.2511260138051883
pump1h_+2,4,L,9,0.5656002967406109,-0.010136303243687639,66.66666666666666,1.1284474094425088
vol_spike_drop,4,S,17,-0.02375120903627153,-0.1898636967563124,52.94117647058824,1.0918427795486385
pump1h_+2,1,L,11,0.5199084993051939,-0.07761458460499666,63.63636363636363,1.0388118625700675
cascade_2h_up,4,S,8,0.18120352067959,-0.1898636967563124,62.5,0.9733195129409103
oiflush1h_-1.5,1,L,11,0.1885633937489898,-0.07761458460499666,27.27272727272727,0.9081979298481607
vol_spike_pump,1,L,22,0.28421943174533065,-0.07761458460499666,50.0,0.8785175789863698
oiflush1h_-1.5,4,L,10,0.240389675047649,-0.010136303243687639,70.0,0.8433954078443364
vol_spike_pump,2,L,17,0.29423433328089954,-0.0547391223554977,52.94117647058824,0.7141642208133974
pump1h_+2,8,L,8,0.8792722106922329,0.08213517792397886,62.5,0.6798488099541349
oiflush1h_-1.5,8,L,9,0.7435068307491272,0.08213517792397886,55.55555555555556,0.6678907088141313
vol_spike_drop,24,S,15,-0.30861191581638125,-0.6481217410472375,40.0,0.6674572241336777
vol_spike_drop,8,S,16,-0.08867503191325035,-0.2821351779239789,37.5,0.6032774945593995
vol_spike_p99,24,L,12,1.0473411935429173,0.4481217410472375,58.333333333333336,0.5379576109825374
oiflush1h_-1.5,2,L,11,0.024647361216615316,-0.0547391223554977,45.45454545454545,0.5058883872567952
oiflush1h_-1.5,24,L,9,1.1348488082003383,0.4481217410472375,66.66666666666666,0.49628923018909027
vol_spike_p99,4,S,15,-0.041235591646413154,-0.1898636967563124,53.333333333333336,0.3900373818331494
vol_spike_p99,8,L,14,0.3277735286469012,0.08213517792397886,35.714285714285715,0.3810424891469585
oibuild4h_+3,1,S,9,-0.035156309176484206,-0.12238541539500339,33.33333333333333,0.3443353464158621
vol_spike_drop,1,S,18,-0.07460903790980143,-0.12238541539500339,38.88888888888889,0.32225939758700295
vol_spike_pump,8,L,15,0.40831136784858013,0.08213517792397886,46.666666666666664,0.2956557685555506
vol_spike_p99,1,L,21,0.019413218467011936,-0.07761458460499666,47.61904761904761,0.2921134401216256
vol_spike_pump,4,L,17,0.07925015897436154,-0.010136303243687639,47.05882352941176,0.1690034347856755
vol_spike_pump,24,S,14,-0.49763481432909773,-0.6481217410472375,57.14285714285714,0.10550408299861763
pump4h_+4,2,S,10,-0.13157970067059227,-0.1452608776445023,30.0,0.03823942792483786
pump4h_+4,1,L,18,-0.07007448936769091,-0.07761458460499666,50.0,0.030549655389054894
vol_spike_p99,2,L,17,-0.04905336854495924,-0.0547391223554977,58.82352941176471,0.016176459327967838
vol_spike_p99,2,S,17,-0.1509466314550408,-0.1452608776445023,41.17647058823529,-0.016176459327967994
pump4h_+4,1,S,18,-0.12992551063230914,-0.12238541539500339,33.33333333333333,-0.030549655389054894
pump4h_+4,2,L,10,-0.0684202993294078,-0.0547391223554977,60.0,-0.038239427924838074
vol_spike_pump,24,L,14,0.2976348143290974,0.4481217410472375,42.857142857142854,-0.10550408299861781
vol_spike_pump,4,S,17,-0.2792501589743618,-0.1898636967563124,52.94117647058824,-0.1690034347856759
vol_spike_p99,1,S,21,-0.219413218467012,-0.12238541539500339,38.095238095238095,-0.29211344012162566
vol_spike_pump,8,S,15,-0.6083113678485799,-0.2821351779239789,46.666666666666664,-0.2956557685555503
vol_spike_drop,1,L,18,-0.12539096209019862,-0.07761458460499666,33.33333333333333,-0.322259397587003
oibuild4h_+3,1,L,9,-0.16484369082351585,-0.07761458460499666,44.44444444444444,-0.3443353464158621
vol_spike_p99,8,S,14,-0.5277735286469011,-0.2821351779239789,35.714285714285715,-0.3810424891469584
vol_spike_p99,4,L,15,-0.15876440835358693,-0.010136303243687639,46.666666666666664,-0.3900373818331495
oiflush1h_-1.5,24,S,9,-1.3348488082003385,-0.6481217410472375,33.33333333333333,-0.4962892301890903
oiflush1h_-1.5,2,S,11,-0.2246473612166153,-0.1452608776445023,36.36363636363637,-0.505888387256795
vol_spike_p99,24,S,12,-1.2473411935429175,-0.6481217410472375,41.66666666666667,-0.5379576109825375
vol_spike_drop,8,L,16,-0.11132496808674976,0.08213517792397886,43.75,-0.6032774945593997
vol_spike_drop,24,L,15,0.1086119158163811,0.4481217410472375,60.0,-0.6674572241336778
oiflush1h_-1.5,8,S,9,-0.9435068307491271,-0.2821351779239789,33.33333333333333,-0.6678907088141313
pump1h_+2,8,S,8,-1.0792722106922332,-0.2821351779239789,37.5,-0.679848809954135
vol_spike_pump,2,S,17,-0.49423433328089966,-0.1452608776445023,41.17647058823529,-0.7141642208133975
oiflush1h_-1.5,4,S,10,-0.4403896750476491,-0.1898636967563124,30.0,-0.8433954078443368
vol_spike_pump,1,S,22,-0.4842194317453308,-0.12238541539500339,45.45454545454545,-0.8785175789863701
oiflush1h_-1.5,1,S,11,-0.3885633937489898,-0.12238541539500339,18.181818181818183,-0.9081979298481606
cascade_2h_up,4,L,8,-0.3812035206795902,-0.010136303243687639,25.0,-0.9733195129409108
pump1h_+2,1,S,11,-0.7199084993051941,-0.12238541539500339,36.36363636363637,-1.0388118625700677
vol_spike_drop,4,L,17,-0.17624879096372853,-0.010136303243687639,41.17647058823529,-1.0918427795486387
pump1h_+2,4,S,9,-0.765600296740611,-0.1898636967563124,33.33333333333333,-1.1284474094425092
pump1h_+2,2,S,9,-0.7941289442021884,-0.1452608776445023,11.11111111111111,-1.2511260138051885
vol_spike_drop,2,L,17,-0.2613771453067781,-0.0547391223554977,35.294117647058826,-1.3260877487797191
cascade_2h_up,2,L,8,-0.6545335014908196,-0.0547391223554977,25.0,-1.5887355974966209
cascade_2h_up,1,L,8,-0.5016635066101489,-0.07761458460499666,25.0,-1.7807571570898724
