panel,variant,n,edge,t,win,train,test,old8,new8,yrs_pos,yrs,by_year
16,all three legs (hot as defined),416,3.38,3.51,59.4,1.76,5.79,3.86,2.83,4,5,2022:+2.2 2023:+1.3 2024:+7.9 2025:+4.7 2026:-0.2
16,leg 1 only: funding in its top fifth,169,4.62,2.62,60.9,1.08,11.57,4.82,4.4,2,5,2022:-0.7 2023:+2.2 2024:+19.0 2025:-0.3 2026:-1.8
16,leg 2 only: prior month up >30%,176,5.01,2.89,55.1,1.9,9.72,6.33,3.79,4,5,2022:+1.5 2023:+2.2 2024:+12.8 2025:+1.4 2026:-0.2
16,leg 3 only: BTC down >3% that day,198,2.68,2.46,63.6,2.25,3.22,2.82,2.48,4,5,2022:+3.0 2023:-0.4 2024:+0.4 2025:+7.0 2026:+1.5
16,legs 1+3 (run-up leg REMOVED),347,3.57,3.44,62.2,1.75,6.26,3.87,3.19,4,5,2022:+1.8 2023:+1.6 2024:+8.7 2025:+5.4 2026:-0.2
16,"all three, run-up leg needs coin up 6m",389,3.29,3.3,59.4,1.71,5.59,3.88,2.59,4,5,2022:+1.8 2023:+1.6 2024:+7.6 2025:+4.6 2026:-0.2
16,legs 1+3 + stand-down 0.40 + deep,395,3.01,3.17,59.5,1.32,5.53,3.23,2.77,4,5,2022:+1.3 2023:+1.4 2024:+7.7 2025:+4.8 2026:-0.3
16,stand-down 0.40 + deep (the book layer),693,2.2,3.57,54.5,1.19,3.54,2.32,2.08,5,5,2022:+1.0 2023:+1.4 2024:+5.4 2025:+2.7 2026:+0.9
16,plain Flush-B,843,1.83,3.4,52.3,0.98,2.97,2.04,1.62,5,5,2022:+0.8 2023:+1.3 2024:+5.2 2025:+1.6 2026:+1.5
30,all three legs (hot as defined),753,3.21,4.59,58.8,2.11,4.31,3.86,2.93,4,5,2022:+1.9 2023:+2.4 2024:+6.5 2025:+5.1 2026:-4.0
30,leg 1 only: funding in its top fifth,294,4.21,3.66,59.5,1.6,8.39,4.82,3.95,4,5,2022:+0.2 2023:+2.6 2024:+15.1 2025:+0.2 2026:-4.1
30,leg 2 only: prior month up >30%,360,4.04,3.94,56.1,2.38,5.56,6.33,3.34,4,5,2022:+1.8 2023:+2.7 2024:+9.5 2025:+4.2 2026:-5.9
30,leg 3 only: BTC down >3% that day,343,2.3,2.25,61.2,1.91,2.67,2.82,2.05,4,5,2022:+1.9 2023:+2.0 2024:+0.8 2025:+6.7 2026:-2.0
30,legs 1+3 (run-up leg REMOVED),596,3.42,4.3,61.1,2.0,5.04,3.87,3.2,4,5,2022:+1.5 2023:+2.6 2024:+7.4 2025:+5.0 2026:-2.9
30,"all three, run-up leg needs coin up 6m",688,3.11,4.2,58.7,1.98,4.26,3.88,2.77,4,5,2022:+1.6 2023:+2.4 2024:+6.3 2025:+5.4 2026:-4.8
30,legs 1+3 + stand-down 0.40 + deep,703,3.19,4.41,59.2,1.79,4.59,3.23,3.17,4,5,2022:+0.9 2023:+2.9 2024:+6.7 2025:+5.4 2026:-3.1
30,stand-down 0.40 + deep (the book layer),1227,2.27,4.83,55.9,1.43,3.1,2.32,2.25,4,5,2022:+0.9 2023:+2.1 2024:+4.9 2025:+3.2 2026:-1.1
30,plain Flush-B,1503,1.71,4.28,53.7,1.13,2.3,2.04,1.58,4,5,2022:+0.8 2023:+1.5 2024:+4.2 2025:+1.9 2026:-0.8
