rule,side,hold_d,n_all,n_ind,raw,edge,edge_t,raw_t,win,worst,edge_all,edge_t_all,beta,res,res_t,train_pre2023,test_2023on,orig16,new5,years_pos,years,by_year,note
A1 long-liq spike >=95th,long,3,2841,2150,1.8913986196642567,1.3744375949247343,2.7343769448654442,3.7015589563560103,55.348837209302324,-64.21042944785277,1.4500590727519005,3.0778721545835834,1.1108948541581842,0.8773010112562185,2.497245950679973,1.0108772636782035,1.5728145118306416,1.476784237952724,0.9778153433718215,5,7,2020:+1.8 2021:+1.7 2022:-0.1 2023:+0.8 2024:+2.4 2025:+2.9 2026:-0.2,"LIQUIDATIONS.md control: edge +1.65, t 3.1"
A2 long-liq spike >=95th,long,7,2829,1666,2.3250685001880886,1.0307984887733714,1.4080938084792263,3.0673060835382477,49.339735894357744,-62.100649561545964,1.6946306232698622,2.76340532994952,1.0233630328959529,1.184227386348789,2.091578731379152,0.6377139309027754,1.244083258136491,1.1160947441058848,0.7005872546790781,4,7,2020:+3.6 2021:+0.2 2022:-0.7 2023:-0.4 2024:+4.3 2025:+1.4 2026:-1.4,"LIQUIDATIONS.md: 7d edge +1.34, t 1.7"
"A3 short-liq spike >=95th, BOUGHT",long,3,2784,1946,2.109457346996994,1.6198945669142442,3.4732554940387583,4.47137916270526,51.69578622816034,-40.56975329503211,1.8152892374676117,4.260524366749589,1.0668114024861415,1.251070083342304,3.354669060854057,1.6302182361064823,1.6145719275020465,1.7579732624831121,1.0777172078577526,7,7,2020:+1.9 2021:+3.5 2022:+0.1 2023:+1.1 2024:+2.9 2025:+1.8 2026:+0.7,"REDO.md 5: raw +2.34, t 6.00 — biggest n never gated"
"A4 short-liq spike >=95th, BOUGHT",long,7,2776,1512,2.985248641639601,1.8643718891799437,2.735053806630037,4.189608036907067,51.12433862433863,-51.38706998813761,2.706919625470149,4.38271685647022,1.0187254602968534,1.6102151790896109,3.0448563469442553,1.2984670602028503,2.150706205036879,2.058731267999568,1.0856472256973406,6,7,2020:+4.1 2021:+2.8 2022:-1.2 2023:+2.3 2024:+5.9 2025:+0.2 2026:+0.2,"REDO.md 5: raw +4.24, t 7.05"
A5 both liq sides >=95th same day,long,3,671,490,4.3261235037365715,3.6763840323810455,3.428674426652095,3.9602097372890475,59.38775510204082,-40.56975329503211,3.4040771627961126,3.3703355061031144,1.031382796504011,3.039705666280137,3.2235937219790096,2.4185823228408996,4.627624751782376,3.8047612988934554,3.1495023344030355,6,7,2020:+2.6 2021:+6.0 2022:-0.5 2023:+0.8 2024:+7.6 2025:+8.2 2026:+1.0,"REDO.md 6: raw +4.36, t 3.71"
A6 long-liq spike + crowd <=10th,long,3,396,321,3.4408901576736426,2.86794234446804,2.7598728375811006,3.298637644653245,53.271028037383175,-64.21042944785277,3.3621365813980675,3.3761076290070977,1.2034108223308588,2.740061786988838,2.8628080250075625,2.944521593938025,2.8403608351250367,2.9126323044663773,2.716118918720265,6,7,2020:+0.0 2021:+6.7 2022:+1.3 2023:+0.3 2024:+3.6 2025:+7.1 2026:-1.0,"REDO.md 6: raw +4.32, t 3.38 (strongest pair)"
A7 washout spec (liq+crowd+>=4 coins),long,7,216,185,4.672387527358134,3.3402818175273103,1.8370454836402481,2.57332405879177,55.13513513513514,-59.836196319018406,5.05047451890516,2.55236763997854,1.3881591156250488,2.8662638825251805,1.8392759408371575,-2.417208528989013,4.731353310645347,3.8361663009703735,1.9639493736853375,5,7,2020:+4.1 2021:-9.9 2022:+1.6 2023:-1.2 2024:+12.4 2025:+7.5 2026:+1.0,"22-WASHOUT-SPEC: raw +7.00, t 3.00; 30-MATH-GATE residual t 1.63"
"A8 washout GATED (vol>=40th, volu>=80th, OI up)",long,7,41,37,7.401946623106367,6.68130302260479,1.6820981469808602,1.8564462125461725,54.054054054054056,-27.698491198658846,8.940725254160327,2.2661100554773568,1.3169802276140634,4.851578882615959,1.3507566753832168,7.732229132319558,6.43608693033801,13.500540126862226,-3.32024473030612,4,7,2020:+4.1 2021:-18.1 2022:+16.0 2023:-4.8 2024:+26.7 2025:+6.6 2026:-12.6,"51-FULL-RERUN: raw +12.82, t 3.76"
A9 version F (liq + >=5 coins + vol top fifth),long,3,484,397,4.010585320718542,3.401282469373837,2.9741511873542232,3.520000222448319,63.72795969773299,-31.141141897565085,4.128904960148006,3.679857823256984,0.9076704798227712,2.274192346070693,2.51198924807058,2.3498065028569526,4.074748480985891,3.672976328195693,2.487674548500343,7,7,2020:+2.9 2021:+0.9 2022:+3.4 2023:+4.7 2024:+2.9 2025:+6.0 2026:+4.0,"LIQUIDATIONS.md control: edge +4.04, t 3.69"
"A10 short-liq spike + crowd <=10th, BOUGHT",long,3,704,522,2.058176348435661,1.5774726967820747,2.178360638759259,2.796625276034401,46.934865900383144,-40.74854189561534,1.8418060329660975,2.7690206063813005,0.9487098753693259,1.2816970612283975,1.8961776496539502,2.4836366187980583,1.1204736006645037,1.4143372521137854,2.167936385891192,5,7,2020:-1.0 2021:+6.0 2022:+1.2 2023:+1.2 2024:+1.8 2025:+1.0 2026:-0.0,"the A3/A6 cross, not in the redo folder"
B1 crowd <=10th,long,3,5916,2927,0.9802677321460537,0.5834658883570644,1.7641563451144848,2.9552543952773918,49.436282883498464,-64.21042944785277,0.5249155652749005,2.071380387937706,1.1626578691287792,0.4199597236366629,1.8289997620466782,0.7918452006128076,0.48349017180969317,0.6175613807944833,0.4555524418913579,7,7,2020:+1.3 2021:+0.6 2022:+0.8 2023:+0.7 2024:+0.9 2025:+0.3 2026:+0.1,"REDO.md 6: raw +0.87, t 3.23"
B2 crowd >=90th,short,3,6491,3157,-0.5139096676883786,0.1551472965305943,0.5109353644113154,-1.663178145149285,50.87108013937283,-277.52718446601943,0.1615913359124297,0.5811687850358994,-1.155845368774732,-0.05263306110275803,-0.24443922207626864,-0.016266145022975118,0.27799825681749185,0.11971262303498255,0.3022040818043893,5,7,2020:+0.7 2021:-0.9 2022:+1.0 2023:+0.6 2024:-0.2 2025:+0.6 2026:+0.3,"REDO.md 5 / 52: raw -0.59 / -0.05 — control, expect negative"
"B3 crowd >=90th in compression, funding <70th",short,3,1899,1110,0.05433376563894334,0.4260016735803729,1.0411117742012395,0.1315119938206374,50.810810810810814,-51.27403314917126,0.6933412771258375,2.0262329968751613,-1.1703285725042325,0.299906200073304,1.331210703466127,0.9851946568971701,0.028793714706654133,0.4097728076185625,0.49202870358938267,6,7,2020:+5.9 2021:+1.2 2022:+0.2 2023:+0.5 2024:-1.1 2025:+0.1 2026:+0.6,"REDO.md 5 flip: raw +0.60, t 2.00"
C1 OI down >=5%,long,7,6384,3261,1.9145290367993835,0.22269550359869952,0.505129516324076,4.2032818119786395,48.81938055811101,-62.100649561545964,0.3684400426789651,0.9428478869142957,1.0456126007424247,0.532897468649831,1.5937928763096598,0.3419319206903916,0.11872299064675923,0.27995610087456063,0.006563995872242637,4,7,2020:+0.8 2021:+0.7 2022:-0.4 2023:+0.9 2024:+0.6 2025:-0.5 2026:-1.2,"52-NEW-CUTS: raw +1.20, t 3.49"
C2 OI down >=5% + funding still positive,long,7,5056,2751,2.1467645099301875,0.20801370590194934,0.4314404164061948,4.327966041931628,49.5092693565976,-62.100649561545964,0.34674068042853917,0.7833015033938574,1.084315574193251,0.7995284551221074,2.1849048491557075,0.09216129062611685,0.3169215123636454,0.2519007684187956,0.051679692160347956,4,7,2020:+0.3 2021:+0.7 2022:-1.1 2023:+0.7 2024:+0.8 2025:-0.6 2026:-0.3,"58-FULL-PASS: raw +1.52, t 3.98"
C3 OI down >=8% + funding<0.02 + sellers,long,7,762,633,2.421249288029095,0.10765295281593604,0.1040363712304679,2.2905158832958556,48.973143759873615,-48.70803153486081,0.6143778461632812,0.620019486211209,0.9921819077662564,0.7038948247434574,0.846372062024158,1.206965078081848,-1.4901844385589362,0.03458041441439593,0.3603192651761909,3,7,2020:+1.7 2021:+0.7 2022:+1.0 2023:-0.5 2024:-2.1 2025:-1.2 2026:-3.1,"53-COMBOS best: raw +1.64, t 4.67"
C4 OI down >5% + sellers + fund+ + volume not high + crowd mid,long,7,85,76,2.497056447837001,-0.24798708834084798,-0.11699652166733403,1.118651235262953,48.68421052631579,-25.85974258133714,-0.14285713911811634,-0.07361260224632056,0.9607013360416868,1.5526305931489977,0.7839549567390371,3.5824803711250714,-3.6954078018601755,-0.4305878505764511,0.14764789650295734,4,7,2020:-1.6 2021:+17.4 2022:+0.2 2023:+0.3 2024:+1.4 2025:-6.7 2026:-7.6,"54-PATTERNS best: raw +2.39, t 3.96"
C5 C4 + wide bar + longs liquidated,long,7,124,121,2.4937124956476495,-0.35920191795588613,-0.19885519196577944,1.3426758094205444,46.28099173553719,-40.40943057071323,-0.4194055586504354,-0.22916888714378106,0.7363828086636693,3.847573967217506,2.1152873604285474,0.7167907408071,-1.6942298464210723,-0.6606979325583153,1.3660252767135703,3,7,2020:+1.1 2021:+1.0 2022:-0.3 2023:-4.0 2024:+0.5 2025:-2.7 2026:-1.5,"55-PATTERNS best: raw +2.96, t 3.94"
C6 OI rising + flow flat + fund+ + volume high,long,7,3875,2125,1.722547800178185,0.4467994476289295,0.852215079226192,3.179596808176012,48.23529411764706,-57.0718537690068,0.9179254280945246,1.8823594089229605,1.1180949862885843,0.876285067375884,2.1012377261142343,0.20960391174632537,0.5888669017768248,0.46690892825129676,0.3665975519073285,4,7,2020:+1.1 2021:+1.6 2022:-1.6 2023:+0.5 2024:+2.6 2025:-0.5 2026:-0.8,"54-PATTERNS: raw +1.70, t 3.20"
C7 OI rising + shorts hit + wide + pred>cur + volume high,long,7,341,292,5.545050774956003,3.7636701672934723,2.1631917716246396,3.0697062408533493,51.369863013698634,-51.38706998813761,4.056404019259667,2.4268138575230656,1.3379184540877387,4.52939824248134,2.831827566569662,8.151263471636168,2.1079745807490586,3.7894556067688825,3.6525583644630712,5,7,2020:+28.5 2021:+6.4 2022:+1.3 2023:+0.8 2024:+8.7 2025:-2.7 2026:-1.5,"55-PATTERNS second: raw +5.18, t 3.91"
C8 OI down >5% + sellers + fund+ + crowd raw high,long,7,1327,906,3.3600844582829907,0.7324064226485985,0.7152470538490867,3.2170710893768586,47.46136865342163,-54.852224282530656,1.4169810010396422,1.4556161033431156,0.9881938754512256,1.6411169397278065,1.9260134825362565,2.1736334900377514,-1.5893397752492016,0.8923998727863336,0.20865427927318114,3,7,2020:+0.4 2021:+3.4 2022:+1.5 2023:-1.6 2024:-0.3 2025:-3.6 2026:-2.7,"54-PATTERNS: raw +2.54, t 3.20"
D1 funding <=5th,long,3,2216,1561,0.6808376236474105,0.35494548814401566,0.9120347519565754,1.7760926023655101,51.12107623318386,-32.490717754991906,0.5360772914078745,1.4814138433008852,1.1082452576510775,0.177391226035134,0.6515295797464985,0.5759468152739856,0.23904928436589656,0.2818752773158976,0.6877920001012787,5,7,2020:+2.6 2021:-0.4 2022:+0.7 2023:+0.1 2024:+0.3 2025:+1.0 2026:-1.5,"REDO.md 4: raw +0.75, t 2.20"
D2 funding <=10th,long,7,4533,1918,1.2540097267414332,0.46769079148603887,0.9108965044939247,2.3705398573574477,48.69655891553702,-50.10771010023131,0.7971442391410646,2.0891487185182602,1.1420014806511973,0.1928474258009475,0.5068181054426412,1.0511305924943632,0.1836596325455523,0.49993798871758377,0.3257122864919404,6,7,2020:+4.4 2021:+1.8 2022:+0.0 2023:+0.7 2024:+0.2 2025:+0.4 2026:-0.8,"52-NEW-CUTS: raw +0.51, t 2.43"
D3 funding >=95th,short,3,1997,1158,-2.915193960347207,-1.843051289548619,-2.7597647793215865,-4.335834707627924,45.59585492227979,-150.62962232449405,-1.5478117921382237,-2.653041515073514,-0.8654346789032303,-2.212568621921081,-3.8970937600208284,-1.8743880821005525,-1.8188168634556228,-1.646768730442283,-2.7832447476679696,1,7,2020:-0.6 2021:-2.6 2022:+0.1 2023:-0.2 2024:-3.6 2025:-1.4 2026:-1.4,"REDO.md 4 control: raw -2.42, t -5.65 — expect negative"
E1 sellers hitting (net flow <=-10%),long,3,920,666,0.9293395646042825,-0.24199218909574546,-0.4771751701970796,1.820730862316713,50.150150150150154,-28.47353875261842,0.10513339074667599,0.20337535460631925,0.8682038204885234,0.1055448298935641,0.24857526990555362,-0.02669652384349267,-0.8801900539506368,-0.20694995967283883,-0.363581669710797,3,8,2019:-3.4 2020:-0.7 2021:+1.0 2022:+1.6 2023:-3.7 2024:-0.5 2025:-2.2 2026:+0.2,"64-ORDER-FLOW: raw +0.69, t 2.08"
"E2 close > prior high, not compressed, fund+, OI up",long,7,2948,1705,1.8982760718896068,0.10404761848925377,0.1374550146772663,2.4558125923064,46.21700879765396,-54.58469926134365,1.4227105855250985,2.1436818873372574,1.1379174503837841,0.7906335087797296,1.5117433566376037,-0.9198921222468666,0.8743702189197162,0.15547802207067773,-0.1185495970115966,3,7,2020:-1.3 2021:-1.2 2022:-0.1 2023:+1.5 2024:+2.7 2025:-2.6 2026:+0.1,"68-RANGE-REGIME: raw +1.29, t 2.41"
"E3 spot-led rally (day +3%, buyers hitting)",long,3,272,255,2.0683794788517984,1.3257441104861514,1.931117475944673,2.927261115417407,56.470588235294116,-32.62783555609934,1.4931853033995142,2.112897205337593,1.0380992660426351,1.323129673654487,2.18120563434159,2.0649411104673,0.7088602831637534,1.0305209033672567,2.6670843341350414,6,7,2020:+1.4 2021:+6.6 2022:+1.9 2023:+0.4 2024:-2.0 2025:+0.5 2026:+1.5,"REDO.md 5: raw +1.34, t 3.01"
E4 close > prior 20-day high,long,7,2368,1179,4.5131472646546476,2.5274059111148923,2.879646940190254,4.9205835299709815,48.60050890585242,-60.63130929791271,3.2273751805152857,4.462104989930594,1.2026891260179513,2.943935366161114,4.174564197019105,3.059703208702332,2.1795089396201566,2.191983813837892,3.949595603569373,6,8,2019:+2.2 2020:+1.6 2021:+6.9 2022:-2.6 2023:+1.1 2024:+5.6 2025:+1.6 2026:-0.9,36-TWO-LEADS control: edge t 1.19 on the 16
P1 placebo: random days (n ~ A1),long,3,1853,1719,0.7000863321419942,0.15374332239601063,0.47598749978720534,2.155317596949325,49.331006399069224,-51.72621359223301,0.14457126624227934,0.46326187180580974,1.1230135410583253,0.06291183525225336,0.23888876322640282,0.12737260044704343,0.1714691675971159,0.2013335491154878,-0.039277038327986714,4,8,2019:-1.5 2020:+0.1 2021:-0.3 2022:+0.6 2023:+0.3 2024:-0.1 2025:-0.2 2026:+0.8,placebo
"P2 placebo: random days, 7d",long,7,1846,1486,1.6808645887210867,0.29899461543343014,0.6305874919237756,3.48532359654922,48.25033647375505,-43.05631029884697,0.423799423510376,0.9581580803344558,1.1719657618022763,0.3132781894257711,0.8367588467055376,-0.029882326822829448,0.5299242438447556,0.11948357807352082,1.065417626005525,5,8,2019:+1.5 2020:+0.7 2021:-0.0 2022:-0.6 2023:+0.9 2024:+1.8 2025:+0.1 2026:-1.2,placebo
"P3 placebo: every day, long 3d (pure drift)",long,3,46126,15385,0.4364630850738886,-0.11300449918899226,-0.7064636798489611,2.7056958486611538,48.31979200519987,-64.21042944785277,-0.10000000000000009,-0.7094862717600013,1.1002560240913988,0.010440365571664272,0.10374028185711076,-0.1301099891813356,-0.10186702250048107,-0.11003522708104888,-0.12548930400280428,0,8,2019:-0.0 2020:-0.1 2021:-0.2 2022:-0.1 2023:-0.1 2024:-0.1 2025:-0.1 2026:-0.1,the drift itself — edge must be ~0 by construction
"P4 placebo: every day, long 7d (pure drift)",long,7,46042,6589,1.2416389067383407,-0.11254898791156187,-0.3795316560676142,4.112945653393687,48.26225527394142,-57.0718537690068,-0.10000000000000006,-0.45186666890717997,1.0870792849498394,0.22696169993805196,1.0490630437636121,-0.1257455754205642,-0.10391471549166231,-0.08823804864240754,-0.21476630997294277,0,8,2019:-0.6 2020:-0.4 2021:-0.0 2022:-0.1 2023:-0.1 2024:-0.1 2025:-0.2 2026:-0.1,the drift itself
