,0
2026-08-01,5000.0
2026-08-02,5000.0
2026-08-03,5016.22691292876
2026-08-04,5006.375320321063
2026-08-05,4976.703895413785
2026-08-06,4956.954667941135
2026-08-07,4955.475715777652
2026-08-08,4950.669121246331
2026-08-09,4920.116927453096
2026-08-10,4920.116927453096
2026-08-11,4920.116927453096
2026-08-12,4920.116927453096
2026-08-13,4920.116927453096
2026-08-14,4920.116927453096
2026-08-15,4961.191068878466
2026-08-16,4954.370834332828
2026-08-17,4957.249384311096
2026-08-18,4943.458088506034
2026-08-19,4943.458088506034
2026-08-20,5110.61202680115
2026-08-21,5659.9787699828585
2026-08-22,5634.341871673815
2026-08-23,5695.723533362366
2026-08-24,5609.030155378185
2026-08-25,5363.570860032437
2026-08-26,5363.570860032437
2026-08-27,5344.283706840584
2026-08-28,5387.598263416408
2026-08-29,5348.434177507755
2026-08-30,5307.601263095489
2026-08-31,5307.601263095489
2026-09-01,5322.114235299266
2026-09-02,5321.284922601907
2026-09-03,5279.366307129577
2026-09-04,5362.764685628087
2026-09-05,5324.767543145425
2026-09-06,5569.958642347989
2026-09-07,5411.119141983953
2026-09-08,5350.600346953629
2026-09-09,5206.270668375762
2026-09-10,5175.102122465391
2026-09-11,5189.1401772842155
2026-09-12,5195.073485964256
2026-09-13,5170.464141672578
2026-09-14,5165.494354792296
2026-09-15,5201.487387459433
2026-09-16,5195.21834922986
2026-09-17,5249.566777992193
2026-09-18,5406.214565368077
2026-09-19,5464.678136137289
2026-09-20,5727.410755644735
2026-09-21,5865.378824724482
2026-09-22,5929.8707439818845
2026-09-23,5654.4253289949875
2026-09-24,5727.6697995453
2026-09-25,5732.830924170368
2026-09-26,5771.923385584083
2026-09-27,5831.079886649498
2026-09-28,5491.79929580503
2026-09-29,5387.65378229728
2026-09-30,5351.187823897118
2026-10-01,5424.3117376845175
