rule,coin,side,entry_day,exit_day,ret_pct,pnl
MOM20,ADA,long,2026-08-02,2026-08-05,-0.76,-5.72
MOM20,ALGO,long,2026-08-03,2026-08-06,-4.99,-37.33
MOM20,ADA,long,2026-08-06,2026-08-09,-4.98,-36.84
MOM20,LINK,long,2026-08-14,2026-08-17,4.78,34.9
SqueezeFail,AVAX,long,2026-08-15,2026-08-18,-1.55,-11.56
MOM20,LINK,long,2026-08-19,2026-08-22,8.84,64.91
MOM20,ETH,long,2026-08-19,2026-08-22,5.91,43.41
MOM20,ZEC,long,2026-08-19,2026-08-22,40.29,296.3
MOM20,SOL,long,2026-08-19,2026-08-22,8.31,61.03
MOM20,XRP,long,2026-08-19,2026-08-22,30.63,225.23
SqueezeFail,BCH,long,2026-08-22,2026-08-25,-5.45,-45.83
SqueezeFail,ADA,long,2026-08-22,2026-08-25,-9.16,-76.93
SqueezeFail,LTC,long,2026-08-22,2026-08-25,-6.44,-54.1
SqueezeFail,ALGO,long,2026-08-22,2026-08-25,-5.32,-44.74
MOM20,ZEC,long,2026-08-22,2026-08-25,-5.85,-49.17
Crowd short,ALGO,short,2026-08-26,2026-08-29,1.16,9.51
Crowd short,NEAR,short,2026-08-26,2026-08-29,0.14,1.22
MOM20,SOL,long,2026-08-27,2026-08-30,-8.37,-66.7
Crowd short,NEAR,short,2026-08-31,2026-09-03,-3.37,-26.95
Crowd short,ALGO,short,2026-09-02,2026-09-05,-2.94,-23.57
MOM20,ZEC,long,2026-09-03,2026-09-06,27.25,213.99
MOM20,NEAR,long,2026-09-04,2026-09-07,4.62,36.73
MOM20,ZEC,long,2026-09-06,2026-09-09,-0.22,-1.94
MOM20,LINK,long,2026-09-06,2026-09-09,-12.41,-102.97
Crowd short,ALGO,short,2026-09-06,2026-09-09,-4.0,-33.6
MOM20,WLD,long,2026-09-07,2026-09-10,-18.77,-151.26
Crowd short,NEAR,short,2026-09-08,2026-09-11,-3.58,-28.9
SqueezeFail,NEAR,long,2026-09-11,2026-09-14,2.8,21.52
Crowd short,ALGO,short,2026-09-11,2026-09-14,-4.24,-33.19
Crowd short,ETH,short,2026-09-11,2026-09-14,-1.54,-11.97
Crowd short,ETH,short,2026-09-14,2026-09-17,1.09,8.61
MOM20,ZEC,long,2026-09-16,2026-09-19,8.42,64.99
MOM20,NEAR,long,2026-09-17,2026-09-20,30.82,240.66
Crowd short,ETH,short,2026-09-17,2026-09-20,-9.67,-76.64
MOM20,SOL,long,2026-09-18,2026-09-21,3.86,30.91
MOM20,AVAX,long,2026-09-18,2026-09-21,35.26,283.58
MOM20,ALGO,long,2026-09-19,2026-09-22,5.18,42.02
MOM20,NEAR,long,2026-09-20,2026-09-23,2.36,20.01
MOM20,RENDER,long,2026-09-20,2026-09-23,-1.66,-14.24
MOM20,HBAR,long,2026-09-21,2026-09-24,-1.91,-16.79
MOM20,DOGE,long,2026-09-21,2026-09-24,-5.74,-50.17
MOM20,BCH,long,2026-09-22,2026-09-25,-2.25,-20.01
Flush (hot),XRP,long,2026-09-23,2026-09-26,0.17,1.29
Flush (hot),ZEC,long,2026-09-23,2026-09-26,8.73,73.34
MOM20,LTC,long,2026-09-24,2026-09-27,-2.55,-21.8
Crowd short,HBAR,short,2026-09-24,2026-09-27,-4.59,-39.63
MOM20,NEAR,long,2026-09-25,2026-09-28,-4.21,-36.0
MOM20,RENDER,long,2026-09-26,2026-09-29,-5.67,-48.81
MOM20,WLD,long,2026-09-26,2026-09-29,-9.21,-79.2
Crowd short,ADA,short,2026-09-27,2026-09-30,1.69,15.05
Crowd short,ALGO,short,2026-09-27,2026-09-30,-5.26,-46.31
MOM20,HBAR,long,2026-09-28,2026-10-01,-15.21,-124.37
