asof,asof_t,coin,venue_today,historical_venue_membership_known,positioning_days,positioning_fresh,liquidation_days,liquidation_fresh,ret6m_pct,flush_eligible,cs72_eligible,liqf_eligible,last_positioning_t,last_liquidation_t
2026-10-01,1790812800,BTC,True,True,2314.0,True,2441.0,True,24.47042559200845,True,True,True,1790812800.0,1790812800.0
2026-10-01,1790812800,ETH,True,True,2314.0,True,2441.0,True,30.528523611844438,True,True,True,1790812800.0,1790812800.0
2026-10-01,1790812800,SOL,True,True,2208.0,True,2208.0,True,46.71370219086519,True,True,True,1790812800.0,1790812800.0
2026-10-01,1790812800,XRP,True,True,2314.0,True,2441.0,True,14.134651958919742,True,True,True,1790812800.0,1790812800.0
2026-10-01,1790812800,ADA,True,True,2314.0,True,2435.0,True,1.3322567622123582,True,True,True,1790812800.0,1790812800.0
2026-10-01,1790812800,DOGE,True,True,2273.0,True,2274.0,True,3.9556618126494136,True,True,True,1790812800.0,1790812800.0
2026-10-01,1790812800,AVAX,True,True,2193.0,True,2193.0,True,23.89538119087369,True,True,True,1790812800.0,1790812800.0
2026-10-01,1790812800,LTC,True,True,2314.0,True,2441.0,True,26.06909430438844,True,True,True,1790812800.0,1790812800.0
2026-10-01,1790812800,HBAR,True,True,2023.0,True,2024.0,True,20.53979871912166,True,True,True,1790812800.0,1790812800.0
2026-10-01,1790812800,LINK,True,True,2314.0,True,2441.0,True,66.84313499827368,True,True,True,1790812800.0,1790812800.0
2026-10-01,1790812800,DOT,True,True,2231.0,True,2231.0,True,-0.03990422984836428,True,False,True,1790812800.0,1790812800.0
2026-10-01,1790812800,BCH,True,True,2314.0,True,2441.0,True,-30.10662431941925,True,False,True,1790812800.0,1790812800.0
2026-10-01,1790812800,XLM,True,True,2314.0,True,2441.0,True,41.15648359794897,True,True,True,1790812800.0,1790812800.0
2026-10-01,1790812800,XTZ,True,True,2314.0,True,2428.0,True,-7.931034482758614,True,False,True,1790812800.0,1790726400.0
2026-10-01,1790812800,AAVE,True,True,2175.0,True,2176.0,True,75.1244307952981,True,True,True,1790812800.0,1790812800.0
2026-10-01,1790812800,SHIB,True,True,1969.0,True,1970.0,True,-2.8223112892451496,True,False,True,1790812800.0,1790812800.0
2026-10-01,1790812800,ZEC,True,True,0.0,False,0.0,False,,False,False,False,,
2026-10-01,1790812800,NEAR,True,True,0.0,False,0.0,False,,False,False,False,,
2026-10-01,1790812800,ALGO,True,True,0.0,False,0.0,False,,False,False,False,,
2026-10-01,1790812800,WLD,True,True,0.0,False,0.0,False,,False,False,False,,
2026-10-01,1790812800,RENDER,True,True,0.0,False,0.0,False,,False,False,False,,
2022-12-31,1672531199,BTC,True,False,944.0,True,1071.0,True,-18.238359388132462,True,False,True,1672444800.0,1672444800.0
2022-12-31,1672531199,ETH,True,False,944.0,True,1071.0,True,3.9878980725593927,True,True,True,1672444800.0,1672444800.0
2022-12-31,1672531199,SOL,True,False,838.0,True,838.0,True,-72.84663579406157,True,False,True,1672444800.0,1672444800.0
2022-12-31,1672531199,XRP,True,False,944.0,True,1071.0,True,3.166869671132755,True,True,True,1672444800.0,1672444800.0
2022-12-31,1672531199,ADA,True,False,944.0,True,1065.0,True,-47.666737694438524,True,False,True,1672444800.0,1672444800.0
2022-12-31,1672531199,DOGE,True,False,903.0,True,904.0,True,1.2400865176640297,True,True,True,1672444800.0,1672444800.0
2022-12-31,1672531199,AVAX,True,False,823.0,True,823.0,True,-39.12339475153546,True,False,True,1672444800.0,1672444800.0
2022-12-31,1672531199,LTC,True,False,944.0,True,1071.0,True,34.309783649243755,True,True,True,1672444800.0,1672444800.0
2022-12-31,1672531199,HBAR,True,False,653.0,True,654.0,True,-42.72698711907006,True,False,True,1672444800.0,1672444800.0
2022-12-31,1672531199,LINK,True,False,944.0,True,1071.0,True,-13.314667911028156,True,False,True,1672444800.0,1672444800.0
2022-12-31,1672531199,DOT,True,False,861.0,True,861.0,True,-39.86033519553073,True,False,True,1672444800.0,1672444800.0
2022-12-31,1672531199,BCH,True,False,944.0,True,1071.0,True,-10.248820645638702,True,False,True,1672444800.0,1672444800.0
2022-12-31,1672531199,XLM,True,False,944.0,True,1071.0,True,-36.04284814114681,True,False,True,1672444800.0,1672444800.0
2022-12-31,1672531199,XTZ,True,False,944.0,True,1059.0,True,-53.420195439739416,True,False,True,1672444800.0,1672444800.0
2022-12-31,1672531199,AAVE,True,False,805.0,True,805.0,True,-17.63679619349722,True,False,True,1672444800.0,1672358400.0
2022-12-31,1672531199,SHIB,True,False,599.0,True,600.0,True,-22.811037906998955,True,False,True,1672444800.0,1672444800.0
2022-12-31,1672531199,ZEC,True,False,0.0,False,0.0,False,,False,False,False,,
2022-12-31,1672531199,NEAR,True,False,0.0,False,0.0,False,,False,False,False,,
2022-12-31,1672531199,ALGO,True,False,0.0,False,0.0,False,,False,False,False,,
2022-12-31,1672531199,WLD,True,False,0.0,False,0.0,False,,False,False,False,,
2022-12-31,1672531199,RENDER,True,False,0.0,False,0.0,False,,False,False,False,,
2023-12-31,1704067199,BTC,True,False,1309.0,True,1436.0,True,37.57921192869058,True,True,True,1703980800.0,1703980800.0
2023-12-31,1704067199,ETH,True,False,1309.0,True,1436.0,True,17.98452255491496,True,True,True,1703980800.0,1703980800.0
2023-12-31,1704067199,SOL,True,False,1203.0,True,1203.0,True,432.0334553058025,True,True,True,1703980800.0,1703980800.0
2023-12-31,1704067199,XRP,True,False,1309.0,True,1436.0,True,26.427104722792617,True,True,True,1703980800.0,1703980800.0
2023-12-31,1704067199,ADA,True,False,1309.0,True,1430.0,True,103.25008552856652,True,True,True,1703980800.0,1703980800.0
2023-12-31,1704067199,DOGE,True,False,1268.0,True,1269.0,True,30.0377468060395,True,True,True,1703980800.0,1703980800.0
2023-12-31,1704067199,AVAX,True,False,1188.0,True,1188.0,True,196.01871739797483,True,True,True,1703980800.0,1703980800.0
2023-12-31,1704067199,LTC,True,False,1309.0,True,1436.0,True,-30.1217524686032,True,False,True,1703980800.0,1703980800.0
2023-12-31,1704067199,HBAR,True,False,1018.0,True,1019.0,True,77.42468014857613,True,True,True,1703980800.0,1703980800.0
2023-12-31,1704067199,LINK,True,False,1309.0,True,1436.0,True,129.28998619843583,True,True,True,1703980800.0,1703980800.0
2023-12-31,1704067199,DOT,True,False,1226.0,True,1226.0,True,53.51664796109241,True,True,True,1703980800.0,1703980800.0
2023-12-31,1704067199,BCH,True,False,1309.0,True,1436.0,True,-4.615215156410635,True,False,True,1703980800.0,1703980800.0
2023-12-31,1704067199,XLM,True,False,1309.0,True,1436.0,True,25.0,True,True,True,1703980800.0,1703980800.0
2023-12-31,1704067199,XTZ,True,False,1309.0,True,1424.0,True,22.694174757281548,True,True,True,1703980800.0,1703980800.0
2023-12-31,1704067199,AAVE,True,False,1170.0,True,1171.0,True,41.21770738673245,True,True,True,1703980800.0,1703980800.0
2023-12-31,1704067199,SHIB,True,False,964.0,True,965.0,True,34.89644392340758,True,True,True,1703980800.0,1703980800.0
2023-12-31,1704067199,ZEC,True,False,0.0,False,0.0,False,,False,False,False,,
2023-12-31,1704067199,NEAR,True,False,0.0,False,0.0,False,,False,False,False,,
2023-12-31,1704067199,ALGO,True,False,0.0,False,0.0,False,,False,False,False,,
2023-12-31,1704067199,WLD,True,False,0.0,False,0.0,False,,False,False,False,,
2023-12-31,1704067199,RENDER,True,False,0.0,False,0.0,False,,False,False,False,,
2024-12-31,1735689599,BTC,True,False,1675.0,True,1802.0,True,63.98882303548545,True,True,True,1735603200.0,1735603200.0
2024-12-31,1735689599,ETH,True,False,1675.0,True,1802.0,True,9.062827892564007,True,True,True,1735603200.0,1735603200.0
2024-12-31,1735689599,SOL,True,False,1569.0,True,1569.0,True,48.105823418910454,True,True,True,1735603200.0,1735603200.0
2024-12-31,1735689599,XRP,True,False,1675.0,True,1802.0,True,381.64586222838653,True,True,True,1735603200.0,1735603200.0
2024-12-31,1735689599,ADA,True,False,1675.0,True,1796.0,True,133.27809997238336,True,True,True,1735603200.0,1735603200.0
2024-12-31,1735689599,DOGE,True,False,1634.0,True,1635.0,True,200.86691435648282,True,True,True,1735603200.0,1735603200.0
2024-12-31,1735689599,AVAX,True,False,1554.0,True,1554.0,True,46.076705824567156,True,True,True,1735603200.0,1735603200.0
2024-12-31,1735689599,LTC,True,False,1675.0,True,1802.0,True,57.901177910356424,True,True,True,1735603200.0,1735603200.0
2024-12-31,1735689599,HBAR,True,False,1384.0,True,1385.0,True,305.38380334791134,True,True,True,1735603200.0,1735603200.0
2024-12-31,1735689599,LINK,True,False,1675.0,True,1802.0,True,59.65360363955623,True,True,True,1735603200.0,1735603200.0
2024-12-31,1735689599,DOT,True,False,1592.0,True,1592.0,True,19.47794779477947,True,True,True,1735603200.0,1735603200.0
2024-12-31,1735689599,BCH,True,False,1675.0,True,1802.0,True,31.179028750906014,True,True,True,1735603200.0,1735603200.0
2024-12-31,1735689599,XLM,True,False,1675.0,True,1802.0,True,282.2413793103449,True,True,True,1735603200.0,1735603200.0
2024-12-31,1735689599,XTZ,True,False,1675.0,True,1790.0,True,88.54625550660793,True,True,True,1735603200.0,1735603200.0
2024-12-31,1735689599,AAVE,True,False,1536.0,True,1537.0,True,288.1554130516786,True,True,True,1735603200.0,1735603200.0
2024-12-31,1735689599,SHIB,True,False,1330.0,True,1331.0,True,44.845748683220464,True,True,True,1735603200.0,1735603200.0
2024-12-31,1735689599,ZEC,True,False,0.0,False,0.0,False,,False,False,False,,
2024-12-31,1735689599,NEAR,True,False,0.0,False,0.0,False,,False,False,False,,
2024-12-31,1735689599,ALGO,True,False,0.0,False,0.0,False,,False,False,False,,
2024-12-31,1735689599,WLD,True,False,0.0,False,0.0,False,,False,False,False,,
2024-12-31,1735689599,RENDER,True,False,0.0,False,0.0,False,,False,False,False,,
2025-12-31,1767225599,BTC,True,False,2040.0,True,2167.0,True,-18.83274625377772,True,False,True,1767139200.0,1767139200.0
2025-12-31,1767225599,ETH,True,False,2040.0,True,2167.0,True,18.490861077204144,True,True,True,1767139200.0,1767139200.0
2025-12-31,1767225599,SOL,True,False,1934.0,True,1934.0,True,-15.589430894308942,True,False,True,1767139200.0,1767139200.0
2025-12-31,1767225599,XRP,True,False,2040.0,True,2167.0,True,-17.045147337118138,True,False,True,1767139200.0,1767139200.0
2025-12-31,1767225599,ADA,True,False,2040.0,True,2161.0,True,-41.74825174825174,True,False,True,1767139200.0,1767139200.0
2025-12-31,1767225599,DOGE,True,False,1999.0,True,2000.0,True,-27.876405184593644,True,False,True,1767139200.0,1767139200.0
2025-12-31,1767225599,AVAX,True,False,1919.0,True,1919.0,True,-30.778315150151847,True,False,True,1767139200.0,1767139200.0
2025-12-31,1767225599,LTC,True,False,2040.0,True,2167.0,True,-11.477298916801114,True,False,True,1767139200.0,1767139200.0
2025-12-31,1767225599,HBAR,True,False,1749.0,True,1750.0,True,-30.523769044660966,True,False,True,1767139200.0,1767139200.0
2025-12-31,1767225599,LINK,True,False,2040.0,True,2167.0,True,-7.279635258358663,True,False,True,1767139200.0,1767139200.0
2025-12-31,1767225599,DOT,True,False,1957.0,True,1957.0,True,-46.67660208643816,True,False,True,1767139200.0,1767139200.0
2025-12-31,1767225599,BCH,True,False,2040.0,True,2167.0,True,23.88346704160118,True,True,True,1767139200.0,1767139200.0
2025-12-31,1767225599,XLM,True,False,2040.0,True,2167.0,True,-15.433866891322667,True,False,True,1767139200.0,1767139200.0
2025-12-31,1767225599,XTZ,True,False,2040.0,True,2155.0,True,-6.427221172022691,True,False,True,1767139200.0,1767139200.0
2025-12-31,1767225599,AAVE,True,False,1901.0,True,1902.0,True,-45.10607884441769,True,False,True,1767139200.0,1767139200.0
2025-12-31,1767225599,SHIB,True,False,1695.0,True,1696.0,True,-39.55890075266936,True,False,True,1767139200.0,1767139200.0
2025-12-31,1767225599,ZEC,True,False,0.0,False,0.0,False,,False,False,False,,
2025-12-31,1767225599,NEAR,True,False,0.0,False,0.0,False,,False,False,False,,
2025-12-31,1767225599,ALGO,True,False,0.0,False,0.0,False,,False,False,False,,
2025-12-31,1767225599,WLD,True,False,0.0,False,0.0,False,,False,False,False,,
2025-12-31,1767225599,RENDER,True,False,0.0,False,0.0,False,,False,False,False,,
2026-12-31,1790812800,BTC,True,False,2314.0,True,2441.0,True,24.47042559200845,True,True,True,1790812800.0,1790812800.0
2026-12-31,1790812800,ETH,True,False,2314.0,True,2441.0,True,30.528523611844438,True,True,True,1790812800.0,1790812800.0
2026-12-31,1790812800,SOL,True,False,2208.0,True,2208.0,True,46.71370219086519,True,True,True,1790812800.0,1790812800.0
2026-12-31,1790812800,XRP,True,False,2314.0,True,2441.0,True,14.134651958919742,True,True,True,1790812800.0,1790812800.0
2026-12-31,1790812800,ADA,True,False,2314.0,True,2435.0,True,1.3322567622123582,True,True,True,1790812800.0,1790812800.0
2026-12-31,1790812800,DOGE,True,False,2273.0,True,2274.0,True,3.9556618126494136,True,True,True,1790812800.0,1790812800.0
2026-12-31,1790812800,AVAX,True,False,2193.0,True,2193.0,True,23.89538119087369,True,True,True,1790812800.0,1790812800.0
2026-12-31,1790812800,LTC,True,False,2314.0,True,2441.0,True,26.06909430438844,True,True,True,1790812800.0,1790812800.0
2026-12-31,1790812800,HBAR,True,False,2023.0,True,2024.0,True,20.53979871912166,True,True,True,1790812800.0,1790812800.0
2026-12-31,1790812800,LINK,True,False,2314.0,True,2441.0,True,66.84313499827368,True,True,True,1790812800.0,1790812800.0
2026-12-31,1790812800,DOT,True,False,2231.0,True,2231.0,True,-0.03990422984836428,True,False,True,1790812800.0,1790812800.0
2026-12-31,1790812800,BCH,True,False,2314.0,True,2441.0,True,-30.10662431941925,True,False,True,1790812800.0,1790812800.0
2026-12-31,1790812800,XLM,True,False,2314.0,True,2441.0,True,41.15648359794897,True,True,True,1790812800.0,1790812800.0
2026-12-31,1790812800,XTZ,True,False,2314.0,True,2428.0,True,-7.931034482758614,True,False,True,1790812800.0,1790726400.0
2026-12-31,1790812800,AAVE,True,False,2175.0,True,2176.0,True,75.1244307952981,True,True,True,1790812800.0,1790812800.0
2026-12-31,1790812800,SHIB,True,False,1969.0,True,1970.0,True,-2.8223112892451496,True,False,True,1790812800.0,1790812800.0
2026-12-31,1790812800,ZEC,True,False,0.0,False,0.0,False,,False,False,False,,
2026-12-31,1790812800,NEAR,True,False,0.0,False,0.0,False,,False,False,False,,
2026-12-31,1790812800,ALGO,True,False,0.0,False,0.0,False,,False,False,False,,
2026-12-31,1790812800,WLD,True,False,0.0,False,0.0,False,,False,False,False,,
2026-12-31,1790812800,RENDER,True,False,0.0,False,0.0,False,,False,False,False,,
