trades,liq_trades,final,cagr,maxdd,sharpe,win,worst_month,liq_size,liq_cap,label,delta_cagr,delta_sharpe,delta_maxdd,dd_not_worse
529,0,61085.012687676695,72.65867192375673,-14.022449530804993,2.389001155377256,46.502835538752365,-6.054179110366542,0.0,0,baseline,0.0,0.0,0.0,True
576,51,61735.005396676635,69.75251463179812,-14.232087104058955,2.372054232748563,46.70138888888889,-6.264006996096539,0.05,1,F 0.050 cap1,-2.906157291958607,-0.016946922628692906,-0.20963757325396237,False
602,84,62908.73681240948,70.4269667126612,-13.949948972208649,2.3826018151009936,48.17275747508305,-5.90074469931563,0.05,2,F 0.050 cap2,-2.23170521109553,-0.006399340276262322,0.07250055859634408,True
618,103,64904.47824060291,71.55129520082988,-13.871366276649432,2.39048783194425,48.86731391585761,-5.895233338568461,0.05,3,F 0.050 cap3,-1.107376722926844,0.001486676566994305,0.15108325415556045,True
624,117,52975.74646004495,64.37091593842699,-13.871366276649432,2.3521279537459203,49.19871794871795,-6.266766561265835,0.05,5,F 0.050 cap5,-8.287755985329738,-0.03687320163133556,0.15108325415556045,True
580,55,63151.216500529794,70.56506090885341,-14.402148666552828,2.3903511169999785,46.37931034482759,-6.437865059286785,0.075,1,F 0.075 cap1,-2.093611014903317,0.0013499616227226063,-0.37969913574783476,False
612,94,67837.60150930076,73.15517256682114,-14.58205624554073,2.420753151340385,47.549019607843135,-6.622939084291978,0.075,2,F 0.075 cap2,0.4965006430644081,0.031751995963129165,-0.5596067147357378,False
632,120,65428.841321026055,71.84216818003293,-14.86330874509818,2.386798577866314,48.575949367088604,-6.59323689896798,0.075,3,F 0.075 cap3,-0.8165037437237999,-0.0022025775109417722,-0.8408592142931877,False
642,144,53273.18489506012,64.56478882855829,-15.398581236534259,2.2878013300990045,49.22118380062305,-7.348920860008478,0.075,5,F 0.075 cap5,-8.093883095198436,-0.10119982527825133,-1.3761317057292661,False
582,58,68078.85522425978,73.28464063369921,-14.571155472170528,2.4146912491711174,46.56357388316151,-6.003440201363064,0.1,1,F 0.100 cap1,0.6259687099424838,0.025690093793861557,-0.5487059413655349,False
615,98,71358.13895957357,75.00950983528996,-15.728162107820287,2.409297662930682,47.479674796747965,-7.09208869265926,0.1,2,F 0.100 cap2,2.350837911533233,0.020296507553426046,-1.7057125770152943,False
634,126,69819.0241828659,74.20792151423473,-16.407868433902262,2.414525967303545,48.738170347003155,-7.412511672616862,0.1,3,F 0.100 cap3,1.5492495904779986,0.025524811926289193,-2.3854189030972694,False
646,151,60588.42395579272,69.08381689554616,-16.119462773939464,2.3788994168070747,49.53560371517028,-7.002434494889698,0.1,5,F 0.100 cap5,-3.574855028210564,-0.010101738570181151,-2.0970132431344712,False
584,59,68582.69319313878,73.55385994093808,-15.105056732011779,2.404131113179512,46.57534246575342,-6.410809788945038,0.125,1,F 0.125 cap1,0.8951880171813542,0.015129957802256122,-1.0826072012067858,False
616,99,74514.52521950022,76.611605445147,-16.866063914572592,2.4336538496173126,47.4025974025974,-6.454544492090653,0.125,2,F 0.125 cap2,3.9529335213902783,0.04465269424005669,-2.8436143837675996,False
636,128,80470.99133464048,79.49440070980917,-16.182955794371445,2.4584596804954018,48.742138364779876,-6.6362848090424364,0.125,3,F 0.125 cap3,6.835728786052442,0.06945852511814588,-2.160506263566452,False
652,156,72173.83728886672,75.42881425262959,-13.519816177490462,2.439723490396983,49.693251533742334,-5.925571504223259,0.125,5,F 0.125 cap5,2.770142328872865,0.050722335019727005,0.5026333533145309,True
584,60,70397.66631771578,74.51090611818036,-15.438411367922445,2.4296847966365616,46.57534246575342,-6.393516697911695,0.15,1,F 0.150 cap1,1.8522341944236302,0.04068364125930568,-1.415961837117452,False
619,102,78369.45927108366,78.49714995891412,-17.26885929621017,2.441213256505444,47.65751211631664,-6.611642267455419,0.15,2,F 0.150 cap2,5.838478035157394,0.05221210112818797,-3.2464097654051773,False
641,132,89028.07999517603,83.35424395214297,-17.7204236889418,2.4447215546186736,48.985959438377535,-7.108127033775791,0.15,3,F 0.150 cap3,10.695572028386238,0.055720399241417695,-3.697974158136807,False
657,163,88629.38651342475,83.18106119604522,-16.301049754201014,2.4552285233014612,49.77168949771689,-5.804924150290258,0.15,5,F 0.150 cap5,10.522389272288493,0.06622736792420536,-2.2786002233960208,False
