exit,n,per_trade,win,payoff,t,worst,per_day
hold 3d (base),318,4.04,66.7,1.43,3.69,-27.8,1.348
hold 2d,331,3.5,68.6,1.27,3.53,-33.3,1.166
close stop 8%,318,3.34,63.8,1.27,2.94,-30.3,1.112
close stop 12%,318,3.86,66.4,1.34,3.52,-30.3,1.288
hard stop 15% (intraday),318,2.64,62.3,1.1,2.13,-15.1,0.879
hard stop 20%,318,3.03,65.1,1.06,2.43,-20.1,1.01
profit target +8%,318,3.95,68.2,1.36,4.1,-27.8,1.316
trail 10% from peak,318,3.14,61.3,1.37,2.82,-30.3,1.047
close8 + target8,318,3.21,65.4,1.19,3.19,-30.3,1.07
