1787500800,139.3
1787515200,141.61
1787529600,139.41
1787544000,139.89
1787558400,137.31
1787572800,134.59
1787587200,134.51
1787601600,132.29
1787616000,127.93
1787630400,129.76
1787644800,128.19
1787659200,129.35
1787673600,127.43
1787688000,126.53
1787702400,128.19
1787716800,127.3
1787731200,126.37
1787745600,123.26
1787760000,123.49
1787774400,126.97
1787788800,124.69
1787803200,126.69
1787817600,126.49
1787832000,127.94
1787846400,127.64
1787860800,128.01
1787875200,125.88
1787889600,125.68
1787904000,125.41
1787918400,123.15
1787932800,121.46
1787947200,122.15
1787961600,120.63
1787976000,121.73
1787990400,121.61
1788004800,123.13
1788019200,124.28
1788033600,126.68
1788048000,125.94
1788062400,124.05
1788076800,126.55
1788091200,125.87
1788105600,127.61
1788120000,122.32
1788134400,122.34
1788148800,123.53
1788163200,123.01
1788177600,123.68
1788192000,124.11
1788206400,124.05
1788220800,125.46
1788235200,126.93
1788249600,128.22
1788264000,127.11
1788278400,125.94
1788292800,127.86
1788307200,129.24
1788321600,131.4
1788336000,126.19
1788350400,127.12
1788364800,126.75
1788379200,127.12
1788393600,127.03
1788408000,127.5
1788422400,129.98
1788436800,134.16
1788451200,134.05
1788465600,132.65
1788480000,133.26
1788494400,133.7
1788508800,133.88
1788523200,131.24
1788537600,130.5
1788552000,130.28
1788566400,130.22
1788580800,129.81
1788595200,129.51
1788609600,131.9
1788624000,134.76
1788638400,134.37
1788652800,135.68
1788667200,134.69
1788681600,135.47
1788696000,133.6
1788710400,132.48
1788724800,136.79
1788739200,133.43
1788753600,132.52
1788768000,133.67
1788782400,130.52
1788796800,132.4
1788811200,132.07
1788825600,130.99
1788840000,131.07
1788854400,129.9
1788868800,130.9
1788883200,128.93
1788897600,128.74
1788912000,128.19
1788926400,129.75
1788940800,129.37
1788955200,128.81
1788969600,126
1788984000,125.73
1788998400,125.47
1789012800,124.07
1789027200,122.81
1789041600,122.14
1789056000,122.87
1789070400,120.55
1789084800,121.91
1789099200,122.8
1789113600,122.09
1789128000,125.73
1789142400,124.4
1789156800,125
1789171200,125.64
1789185600,126.22
1789200000,127.46
1789214400,126.01
1789228800,126.02
1789243200,125.46
1789257600,127.33
1789272000,126.48
1789286400,124
1789300800,125.44
1789315200,126.13
1789329600,124.28
1789344000,125.91
1789358400,126.29
1789372800,126.32
1789387200,126.33
1789401600,131.03
1789416000,128.14
1789430400,127.02
1789444800,126.39
1789459200,127.18
1789473600,125.05
1789488000,123.91
1789502400,122.13
1789516800,120.35
1789531200,119.38
1789545600,120.1
1789560000,115.91
1789574400,116.56
1789588800,119.45
1789603200,121.63
1789617600,123.36
1789632000,123.12
1789646400,126.11
1789660800,127.86
1789675200,128.55
1789689600,134.78
1789704000,134.18
1789718400,134.8
1789732800,138.06
1789747200,138.65
1789761600,139.49
1789776000,142.94
1789790400,142.24
1789804800,142.73
1789819200,142.48
1789833600,142.49
1789848000,141.03
1789862400,137.48
1789876800,136.59
1789891200,135.74
1789905600,135.93
1789920000,137.1
1789934400,137.46
1789948800,138.94
1789963200,138.63
1789977600,145.93
1789992000,143.01
1790006400,145.36
1790020800,145.81
1790035200,143.35
1790049600,141.55
1790064000,141.16
1790078400,143.15
1790092800,144.26
1790107200,147.98
1790121600,152.42
1790136000,149.77
1790150400,148.15
1790164800,138.83
1790179200,139.02
1790193600,138.88
1790208000,137.99
1790222400,140.05
1790236800,136.84
1790251200,143.67
1790265600,146.84
1790280000,146.85
1790294400,145.53
1790308800,143.68
1790323200,148.14
1790337600,149.27
1790352000,153.44
1790366400,153.52
1790380800,154.48
1790395200,154.03
1790409600,154.24
1790424000,154.96
1790438400,154.63
1790452800,155.57
1790467200,154.84
1790481600,157.23
1790496000,156.11
1790510400,153.48
1790524800,154.48
1790539200,154.5
1790553600,150.17
1790568000,146.89
1790582400,147.87
1790596800,145.83
1790611200,146.63
1790625600,149.38
1790640000,147.46
1790654400,163.8
1790668800,171.28
1790683200,169.95
1790697600,165.52
1790712000,165.21
1790726400,159.53
1790740800,159.21
1790755200,161.87
1790769600,159.94
1790784000,158.05
1790798400,159.9
