1787500800,0.2236
1787515200,0.227
1787529600,0.2182
1787544000,0.219
1787558400,0.2232
1787572800,0.2213
1787587200,0.2189
1787601600,0.2214
1787616000,0.2257
1787630400,0.2207
1787644800,0.2184
1787659200,0.2156
1787673600,0.2141
1787688000,0.209
1787702400,0.2112
1787716800,0.21
1787731200,0.2102
1787745600,0.2047
1787760000,0.2057
1787774400,0.2122
1787788800,0.2091
1787803200,0.211
1787817600,0.2113
1787832000,0.2144
1787846400,0.2136
1787860800,0.2136
1787875200,0.2099
1787889600,0.2093
1787904000,0.2092
1787918400,0.2043
1787932800,0.2018
1787947200,0.203
1787961600,0.2005
1787976000,0.2001
1787990400,0.1997
1788004800,0.2005
1788019200,0.2015
1788033600,0.2016
1788048000,0.2007
1788062400,0.2005
1788076800,0.201
1788091200,0.2032
1788105600,0.203
1788120000,0.1925
1788134400,0.1939
1788148800,0.1959
1788163200,0.1963
1788177600,0.1957
1788192000,0.1989
1788206400,0.1978
1788220800,0.2007
1788235200,0.2003
1788249600,0.1995
1788264000,0.1993
1788278400,0.1964
1788292800,0.1965
1788307200,0.1976
1788321600,0.1968
1788336000,0.1949
1788350400,0.1963
1788364800,0.1971
1788379200,0.201
1788393600,0.2047
1788408000,0.205
1788422400,0.2067
1788436800,0.2206
1788451200,0.2226
1788465600,0.2212
1788480000,0.2239
1788494400,0.22
1788508800,0.2212
1788523200,0.2129
1788537600,0.2134
1788552000,0.2112
1788566400,0.2102
1788580800,0.2136
1788595200,0.2134
1788609600,0.2172
1788624000,0.2193
1788638400,0.2181
1788652800,0.2227
1788667200,0.2189
1788681600,0.2206
1788696000,0.2173
1788710400,0.2189
1788724800,0.2234
1788739200,0.2192
1788753600,0.2165
1788768000,0.2193
1788782400,0.217
1788796800,0.2209
1788811200,0.2203
1788825600,0.2183
1788840000,0.2169
1788854400,0.2176
1788868800,0.2293
1788883200,0.2205
1788897600,0.2193
1788912000,0.2163
1788926400,0.2214
1788940800,0.2201
1788955200,0.2154
1788969600,0.2146
1788984000,0.2118
1788998400,0.2135
1789012800,0.2134
1789027200,0.2123
1789041600,0.2094
1789056000,0.209
1789070400,0.2046
1789084800,0.2077
1789099200,0.2076
1789113600,0.2022
1789128000,0.2081
1789142400,0.206
1789156800,0.2062
1789171200,0.2088
1789185600,0.2089
1789200000,0.2092
1789214400,0.2085
1789228800,0.2071
1789243200,0.2072
1789257600,0.2065
1789272000,0.2061
1789286400,0.2045
1789300800,0.2056
1789315200,0.208
1789329600,0.2033
1789344000,0.2071
1789358400,0.2106
1789372800,0.2097
1789387200,0.2089
1789401600,0.2124
1789416000,0.2084
1789430400,0.2051
1789444800,0.2034
1789459200,0.2044
1789473600,0.2018
1789488000,0.198
1789502400,0.1952
1789516800,0.1946
1789531200,0.1938
1789545600,0.1946
1789560000,0.191
1789574400,0.1943
1789588800,0.1962
1789603200,0.1959
1789617600,0.1986
1789632000,0.1984
1789646400,0.2022
1789660800,0.2016
1789675200,0.2025
1789689600,0.2165
1789704000,0.2144
1789718400,0.2142
1789732800,0.2201
1789747200,0.2224
1789761600,0.2246
1789776000,0.231
1789790400,0.2216
1789804800,0.2268
1789819200,0.2272
1789833600,0.2304
1789848000,0.2279
1789862400,0.2224
1789876800,0.2192
1789891200,0.2213
1789905600,0.2245
1789920000,0.2278
1789934400,0.2278
1789948800,0.2319
1789963200,0.2323
1789977600,0.2417
1789992000,0.2449
1790006400,0.2449
1790020800,0.2451
1790035200,0.2482
1790049600,0.2456
1790064000,0.2461
1790078400,0.2523
1790092800,0.2528
1790107200,0.2543
1790121600,0.2598
1790136000,0.2559
1790150400,0.2509
1790164800,0.2372
1790179200,0.2383
1790193600,0.2382
1790208000,0.2385
1790222400,0.2419
1790236800,0.2357
1790251200,0.2491
1790265600,0.248
1790280000,0.2476
1790294400,0.2474
1790308800,0.2492
1790323200,0.2551
1790337600,0.2541
1790352000,0.255
1790366400,0.2586
1790380800,0.2561
1790395200,0.2556
1790409600,0.257
1790424000,0.2603
1790438400,0.2542
1790452800,0.2537
1790467200,0.2515
1790481600,0.2579
1790496000,0.2566
1790510400,0.2542
1790524800,0.2552
1790539200,0.255
1790553600,0.2501
1790568000,0.2424
1790582400,0.2457
1790596800,0.2444
1790611200,0.2431
1790625600,0.2472
1790640000,0.2425
1790654400,0.2521
1790668800,0.2538
1790683200,0.2441
1790697600,0.2432
1790712000,0.2443
1790726400,0.2436
1790740800,0.2445
1790755200,0.2484
1790769600,0.247
1790784000,0.2427
