1787500800,272.4,3075.6290000000104,1375.4709999999995
1787515200,274.2,5886.683999999883,3613.5629999999996
1787529600,269,9534.92599999998,4902.82899999997
1787544000,266.5,5547.804000000017,2839.3580000000024
1787558400,274.5,11316.30200000003,6480.182999999985
1787572800,274.1,25686.75400000034,13336.730999999992
1787587200,270,16814.653000000053,7708.021000000014
1787601600,271,6399.759000000001,3241.134999999988
1787616000,276.3,10126.415999999997,5727.454999999995
1787630400,268.4,18817.99500000007,9951.878000000006
1787644800,269.7,3811.4439999999913,1818.2259999999887
1787659200,269,6334.288000000025,2778.6939999999886
1787673600,266.9,2028.221999999996,925.6649999999988
1787688000,265.9,3335.6369999999933,1310.1609999999985
1787702400,268,2624.2619999999947,1380.0819999999967
1787716800,264.9,3410.56599999999,1712.7169999999956
1787731200,266.4,3113.5320000000024,1412.8439999999957
1787745600,262,4766.097000000021,2192.3499999999985
1787760000,261.8,6083.996000000076,2819.787000000004
1787774400,268.9,1981.7169999999903,845.7689999999991
1787788800,266.2,1882.6559999999922,767.7650000000004
1787803200,268.9,4414.112999999994,2757.6019999999944
1787817600,268.3,11253.734000000093,3809.477999999969
1787832000,271.2,6609.555000000014,3437.536999999994
1787846400,269.4,5571.491,2610.2429999999963
1787860800,269.7,3457.4809999999907,1635.4529999999988
1787875200,264.2,5847.043000000009,3226.5219999999977
1787889600,263.1,4060.8489999999906,2572.6089999999945
1787904000,264.9,3495.9409999999903,2101.198000000002
1787918400,249.4,25699.43000000009,11255.739000000074
1787932800,247.7,10578.683000000048,4438.135999999989
1787947200,248.1,2498.8480000000027,1371.7769999999998
1787961600,246.9,2878.64600000001,1590.486
1787976000,245,2292.9750000000117,915.710999999998
1787990400,242.8,4624.363999999996,2484.7870000000003
1788004800,244.8,4361.6340000000055,2624.3850000000057
1788019200,247.1,3954.716999999994,1938.3829999999994
1788033600,247.2,1404.065999999997,719.650999999999
1788048000,245.4,1426.2859999999987,503.05599999999953
1788062400,245,1647.0579999999989,813.5319999999995
1788076800,246.4,1781.139999999997,881.4749999999996
1788091200,252.6,9941.171000000022,5192.846999999996
1788105600,251.6,4898.022000000008,2318.3389999999968
1788120000,243.4,8638.141999999989,3713.5719999999974
1788134400,244.8,3824.7180000000117,2035.5279999999939
1788148800,247.2,4779.841000000009,2938.4870000000033
1788163200,246.4,4133.350000000007,2283.8839999999977
1788177600,245.5,5482.368999999988,2562.6209999999983
1788192000,247.5,5598.930999999991,2443.888999999998
1788206400,247.2,1729.6199999999992,835.6419999999987
1788220800,247.7,1393.583999999992,648.811
1788235200,250.8,4276.524000000003,2686.6640000000025
1788249600,249,6945.438999999951,3590.459000000011
1788264000,248.7,6655.536999999996,2467.564999999999
1788278400,246.7,4999.774000000005,2536.4769999999953
1788292800,246,2724.2169999999965,1468.5589999999986
1788307200,248.9,5093.1309999999885,1741.3519999999999
1788321600,247.5,3757.3110000000183,1651.824999999997
1788336000,244.9,3049.5550000000017,1689.4929999999952
1788350400,242.9,3590.0889999999854,2131.0079999999966
1788364800,244.1,4461.762000000006,3248.220000000006
1788379200,244.6,2772.7500000000005,2129.742000000001
1788393600,247.5,5661.8489999999965,3095.2970000000028
1788408000,250.4,8182.95299999999,4930.4999999999845
1788422400,250,3678.710000000009,2214.837999999999
1788436800,258.6,13997.855000000029,8286.473999999987
1788451200,259.5,6216.322000000012,3045.569
1788465600,256.6,5309.572000000008,2344.1449999999977
1788480000,255.2,3953.704000000003,2321.6620000000007
1788494400,256.6,4593.568000000005,3109.880000000007
1788508800,259.9,5418.625000000022,3263.2190000000014
1788523200,251.5,12148.383999999976,5388.269000000016
1788537600,253.2,2271.9669999999987,1191.1769999999983
1788552000,248.2,4526.158000000005,1866.5129999999992
1788566400,247.4,7166.611,3671.267000000003
1788580800,252.3,4342.488000000008,2419.2219999999993
1788595200,252.5,3217.130999999994,1579.7529999999974
1788609600,252,11729.883999999987,6309.091999999993
1788624000,256.1,7280.612000000011,3336.7970000000014
1788638400,256.1,5956.049999999985,3355.546000000004
1788652800,262.5,9973.408000000027,5530.694000000003
1788667200,259.5,7279.84500000003,3414.9849999999988
1788681600,260.7,3300.7349999999947,1684.8500000000008
1788696000,255.5,8276.46099999999,3461.4960000000015
1788710400,256.4,2544.4339999999975,1193.0419999999983
1788724800,261,3352.440000000008,1575.375999999998
1788739200,255.3,4152.030000000018,1999.521999999996
1788753600,254.2,3108.89800000001,1257.4839999999988
1788768000,256.2,3053.098,1542.4269999999995
1788782400,259.7,10813.789999999999,5287.44500000001
1788796800,261.2,17846.98300000015,9798.738000000054
1788811200,259,6287.033000000005,2819.3770000000018
1788825600,259,5980.885999999983,2954.6300000000015
1788840000,257.6,7258.800000000006,2733.5570000000002
1788854400,255.5,11154.441000000112,6336.407000000049
1788868800,258.4,10041.538000000011,5611.741999999993
1788883200,256,5464.4300000000485,2579.9340000000016
1788897600,258.3,3088.9119999999966,1653.9589999999996
1788912000,257.8,5464.459000000004,2855.6810000000014
1788926400,259.3,8542.308000000057,3784.143999999997
1788940800,258.5,3315.3629999999985,1454.0749999999987
1788955200,257.7,5376.46800000001,2257.490000000001
1788969600,254.4,2930.2700000000004,1284.427999999999
1788984000,251.9,7847.8359999999975,3132.974
1788998400,251,6296.181000000029,2870.032999999995
1789012800,248,5638.081000000025,2256.056999999996
1789027200,245.2,26494.454000000063,13161.141000000038
1789041600,225.7,69946.98200000037,31042.099000000097
1789056000,226.9,19535.134999999744,10005.954999999985
1789070400,223.8,11749.431999999959,4817.771000000008
1789084800,227.7,11871.298000000008,4090.6890000000053
1789099200,227.4,9371.334999999986,4646.797999999997
1789113600,225,7276.289999999997,2925.389
1789128000,232.3,34126.23199999996,18575.55199999998
1789142400,228.7,19481.617000000027,10969.54099999995
1789156800,228.2,5907.756000000016,3097.5029999999997
1789171200,230.8,3789.8850000000043,2027.7349999999985
1789185600,231.8,2429.991000000002,1026.6110000000006
1789200000,231,2749.1680000000024,1223.7179999999992
1789214400,230.8,2181.3319999999994,1172.8420000000003
1789228800,225.4,18311.96400000003,5292.789000000009
1789243200,226.4,4699.99699999998,2558.043000000006
1789257600,224.9,5579.178000000006,2582.548999999998
1789272000,224.6,3521.690999999997,1461.956000000001
1789286400,223.6,6507.19300000001,1978.7799999999954
1789300800,223.7,10334.912999999988,3302.743999999997
1789315200,224,12196.174999999977,5156.644999999994
1789329600,220.8,7201.405000000027,2867.7589999999936
1789344000,223.9,5699.487000000001,2865.702000000001
1789358400,222,13838.235999999975,4403.7450000000035
1789372800,223.1,6935.994999999997,4314.968000000004
1789387200,223.2,9196.367000000026,3819.7190000000114
1789401600,226.5,6409.1570000000165,4061.287999999993
1789416000,223.4,5153.826000000009,2810.7270000000008
1789430400,221.9,2540.1149999999952,1446.3220000000015
1789444800,220.6,3309.342,1417.4399999999996
1789459200,221.9,2591.5159999999983,1197.7230000000002
1789473600,220.5,19077.95500000004,5580.2519999999895
1789488000,218.2,12915.093000000083,5742.4769999999935
1789502400,216.8,3903.0810000000006,1847.3909999999985
1789516800,219.8,3971.3979999999974,2133.8589999999995
1789531200,219.2,3378.7790000000014,1610.0899999999979
1789545600,219.2,2954.5519999999915,1685.827999999999
1789560000,216.5,5635.100000000023,2662.070999999994
1789574400,218.5,12052.18900000014,6141.647999999998
1789588800,221.2,4847.522999999989,2969.247999999996
1789603200,221,3505.127999999997,1791.1209999999987
1789617600,221.7,4099.059,2599.2629999999986
1789632000,223.9,7184.3030000000135,3792.6380000000026
1789646400,233,31523.310999999896,18070.763000000054
1789660800,231.7,5999.062999999981,2724.9529999999954
1789675200,233.9,5050.323000000009,2430.2529999999983
1789689600,248.7,15804.15000000001,7349.084999999996
1789704000,249.8,11266.015000000072,5482.9540000000125
1789718400,248.4,10515.364000000016,4892.204999999997
1789732800,251.7,13770.7620000002,6671.434000000016
1789747200,254.2,18409.324000000124,6967.1339999999955
1789761600,255.4,34380.774000000056,14961.184000000036
1789776000,248.5,15291.265000000023,7449.071999999997
1789790400,245.6,10243.541000000057,5385.069000000017
1789804800,251.7,7511.388999999998,4082.4560000000038
1789819200,254.8,8770.166999999994,4819.141000000002
1789833600,255.1,4461.000000000002,2016.8870000000013
1789848000,254.9,3830.789999999996,1841.8939999999986
1789862400,245.8,10351.812,5007.422999999988
1789876800,245.9,3139.498000000015,1759.0079999999957
1789891200,247.2,3228.7320000000013,1700.6919999999993
1789905600,248.8,8052.954999999997,4267.696000000002
1789920000,251.5,3914.317000000029,2116.5189999999934
1789934400,252.8,11478.75400000001,6594.156999999988
1789948800,254.8,16026.895000000102,8163.433999999999
1789963200,255.2,8829.360000000059,5595.755999999996
1789977600,267.3,24544.781000000155,13878.732000000015
1789992000,264,24746.66900000003,12454.919000000038
1790006400,267,9603.943000000048,5788.084000000039
1790020800,267.3,13140.955000000062,7060.982000000044
1790035200,265.4,13549.513000000083,6443.417000000013
1790049600,267.1,12778.704000000116,6962.105999999999
1790064000,270.5,16297.388000000048,9061.07699999999
1790078400,328.2,191554.7630000007,103173.40600000137
1790092800,336.3,76014.56399999963,41018.93900000012
1790107200,345.1,37718.5370000005,20611.575000000015
1790121600,340.3,37037.174999999894,20285.550000000174
1790136000,348.6,70784.95099999962,30573.78699999981
1790150400,347.5,59440.828999999765,30190.23299999976
1790164800,342.9,98279.37699999945,45157.69400000037
1790179200,345.6,30569.318999999734,15529.89399999991
1790193600,337.5,21887.122999999872,11331.705999999975
1790208000,339.4,21744.503999999633,12953.371999999974
1790222400,341.3,19149.513999999814,10264.45699999998
1790236800,334.4,28057.555999999524,13742.493000000077
1790251200,337.7,26817.75099999933,14609.214000000004
1790265600,337.3,14132.659999999982,7169.117999999973
1790280000,338.9,10852.996000000043,5891.708999999982
1790294400,339.3,15175.042999999994,9308.936999999978
1790308800,332.1,11995.746999999996,6188.714999999985
1790323200,336,16116.311000000023,8393.01299999997
1790337600,334,19402.788999999724,9543.967999999979
1790352000,339.8,15636.117000000022,8139.86499999998
1790366400,343.3,10260.09499999999,5925.145999999994
1790380800,337.6,5143.549999999975,2509.256999999994
1790395200,337.7,5979.519999999988,3017.1989999999937
1790409600,338,4641.476999999989,2691.3579999999947
1790424000,336.3,7698.105999999977,3820.9519999999893
1790438400,336.5,4962.603999999969,2476.9099999999958
1790452800,336.1,3471.6549999999866,1760.652000000004
1790467200,331.6,7896.803999999986,3464.571999999999
1790481600,345.8,19460.671999999973,11204.97400000003
1790496000,339.1,10938.952000000007,5833.88499999998
1790510400,331.3,12899.139000000028,5605.405000000003
1790524800,335,4672.380999999978,2254.2100000000037
1790539200,332.4,4757.4989999999625,2063.845000000004
1790553600,316.2,18693.345999999914,8059.905000000021
1790568000,307.3,20046.824,9216.846000000012
1790582400,310.1,10593.028999999986,5748.625000000017
1790596800,309.6,18011.88399999974,6249.864999999971
1790611200,307.1,8142.290999999976,4014.7359999999944
1790625600,310.4,2654.1329999999984,1542.7280000000026
1790640000,304.8,5534.514999999996,2700.4460000000163
1790654400,311.1,11885.800999999978,6792.661000000005
1790668800,313.3,6637.378000000046,3710.3399999999997
1790683200,307.2,10480.830000000076,4034.3949999999886
1790697600,307.3,6920.059999999984,3394.4840000000054
1790712000,307.7,24511.187999999995,12842.927999999987
1790726400,305.5,4348.915,2588.677000000007
1790740800,308.2,4982.143000000011,2712.5260000000035
1790755200,311.1,4833.549999999993,2505.522999999997
1790769600,307.5,22377.011000000006,8374.455000000047
1790784000,304.8,7997.304000000009,3233.744999999995
1790798400,306.2,4435.548000000006,2360.5919999999987
