1774972800,67803
1774987200,68241.5
1775001600,68134
1775016000,68651.9
1775030400,68669.9
1775044800,68877
1775059200,68143.8
1775073600,68086.5
1775088000,66538.4
1775102400,66887.9
1775116800,66180.6
1775131200,66810.6
1775145600,66943.2
1775160000,66868.5
1775174400,66550
1775188800,67008.8
1775203200,66983.4
1775217600,66806.1
1775232000,66857
1775246400,66930
1775260800,66799.1
1775275200,66982
1775289600,67128.9
1775304000,67357.3
1775318400,67262.7
1775332800,67271
1775347200,67113.5
1775361600,66787.4
1775376000,66972.7
1775390400,67272.2
1775404800,67329.1
1775419200,68997.9
1775433600,69092.4
1775448000,69089.7
1775462400,69583.6
1775476800,69922.5
1775491200,69704.8
1775505600,68817.9
1775520000,68746.3
1775534400,68592.1
1775548800,68310.8
1775563200,68138.4
1775577600,68975.9
1775592000,71890.2
1775606400,71259.6
1775620800,71612
1775635200,71650.2
1775649600,71274.8
1775664000,71283
1775678400,71038.1
1775692800,70961.2
1775707200,70945
1775721600,71109.9
1775736000,72108
1775750400,72055.9
1775764800,71750.4
1775779200,71837.3
1775793600,71461.2
1775808000,72092.7
1775822400,72421
1775836800,73187.3
1775851200,72917.4
1775865600,72835.1
1775880000,72707.7
1775894400,72868.2
1775908800,72817.3
1775923200,73635.9
1775937600,73013.4
1775952000,71563.6
1775966400,71628.1
1775980800,71435
1775995200,70856.2
1776009600,71055.2
1776024000,70711.1
1776038400,70944.8
1776052800,70780
1776067200,70883.9
1776081600,71823.6
1776096000,73272.2
1776110400,74385
1776124800,74408.8
1776139200,74513.4
1776153600,74342.4
1776168000,75268.1
1776182400,74176.4
1776196800,74106.9
1776211200,74296.8
1776225600,73705.1
1776240000,74155.1
1776254400,73797.5
1776268800,74957.8
1776283200,74776.2
1776297600,74851.9
1776312000,74667.7
1776326400,74528.4
1776340800,74659.5
1776355200,75309.4
1776369600,75106.8
1776384000,74582.8
1776398400,75047.4
1776412800,75542.2
1776427200,77736.2
1776441600,77348.8
1776456000,77030.6
1776470400,76964.3
1776484800,76951
1776499200,76002
1776513600,76124.8
1776528000,75604.2
1776542400,75653.8
1776556800,75473
1776571200,75205.6
1776585600,75557.4
1776600000,75807.6
1776614400,74917.9
1776628800,73758.4
1776643200,74593.9
1776657600,74795.5
1776672000,75148.7
1776686400,75668.1
1776700800,76252.5
1776715200,75790.1
1776729600,75669.1
1776744000,76050
1776758400,76408.3
1776772800,75799.9
1776787200,74988.6
1776801600,76288.2
1776816000,77488.3
1776830400,77979.8
1776844800,78263.2
1776859200,79234.3
1776873600,78791.3
1776888000,78139.8
1776902400,77704.3
1776916800,78009.1
1776931200,77649.9
1776945600,78329.2
1776960000,77670.5
1776974400,78216.8
1776988800,77690.1
1777003200,77620.5
1777017600,78194.8
1777032000,78007.3
1777046400,77596.1
1777060800,77395.4
1777075200,77629
1777089600,77449.9
1777104000,77638.7
1777118400,77289.3
1777132800,77285.6
1777147200,77585
1777161600,77349.3
1777176000,78061.5
1777190400,78050
1777204800,78007.9
1777219200,78183.1
1777233600,78613.5
1777248000,79065.1
1777262400,77556.7
1777276800,77804.3
1777291200,76760
1777305600,76844.4
1777320000,77331.2
1777334400,76770.6
1777348800,76828.4
1777363200,76198.8
1777377600,76027.8
1777392000,76293.6
1777406400,76298.1
1777420800,76955.7
1777435200,77003.8
1777449600,77552.5
1777464000,75889.1
1777478400,75518.5
1777492800,75749.9
1777507200,75882.1
1777521600,76129.9
1777536000,76032.9
1777550400,76423
1777564800,76366.7
1777579200,76305.4
1777593600,77082.6
1777608000,77100
1777622400,77429.5
1777636800,78395.4
1777651200,78316.9
1777665600,78192
1777680000,78377.7
1777694400,78181.6
1777708800,78105.7
1777723200,78449.8
1777737600,78443.8
1777752000,78652.9
1777766400,78162.4
1777780800,78316.6
1777795200,78620.5
1777809600,78625.2
1777824000,78729.1
1777838400,78529
1777852800,80278.7
1777867200,79663.5
1777881600,78753.5
1777896000,79976.7
1777910400,80018.4
1777924800,79826.1
1777939200,80836.9
1777953600,80815.8
1777968000,80973
1777982400,81488.7
1777996800,81554.4
1778011200,80861.9
1778025600,81535.9
1778040000,81333.3
1778054400,82485.4
1778068800,81656.4
1778083200,81416.5
1778097600,81390.1
1778112000,80797.3
1778126400,81480.1
1778140800,80827.9
1778155200,79861.6
1778169600,80103.1
1778184000,79969.4
1778198400,79540
1778212800,79635
1778227200,80181.9
1778241600,80119.1
1778256000,80147.7
1778270400,80155.2
1778284800,80340.6
1778299200,80181.7
1778313600,80310.4
1778328000,80488.3
1778342400,80896.9
1778356800,80634
1778371200,80735.1
1778385600,80695.9
1778400000,80782.1
1778414400,81381.4
1778428800,81398
1778443200,82177.7
1778457600,80693.4
1778472000,80708.9
1778486400,81167.1
1778500800,81403.4
1778515200,81917.1
1778529600,81699.1
1778544000,81028.3
1778558400,80809.2
1778572800,80742.7
1778587200,80301.6
1778601600,80799.5
1778616000,80461
1778630400,81217.1
1778644800,80981.9
1778659200,80460.1
1778673600,78794.7
1778688000,79604.8
1778702400,79288.3
1778716800,79005.3
1778731200,79699.9
1778745600,79216.6
1778760000,81245.5
1778774400,81373.7
1778788800,81048.9
1778803200,81022.7
1778817600,80782.8
1778832000,80582.1
1778846400,79118
1778860800,79104.2
1778875200,79074
1778889600,79041.7
1778904000,78334.3
1778918400,78042.5
1778932800,78194.1
1778947200,78223.8
1778961600,78104.2
1778976000,77990.2
1778990400,78137.2
1779004800,78371.5
1779019200,78006.9
1779033600,78369
1779048000,77430.4
1779062400,76900
1779076800,77039.4
1779091200,77255
1779105600,76393.5
1779120000,76898.5
1779134400,76963.2
1779148800,76749.9
1779163200,77200.4
1779177600,76677.1
1779192000,76487.9
1779206400,76780
1779220800,76799.9
1779235200,76689.6
1779249600,77249.9
1779264000,77351.2
1779278400,77423
1779292800,77630.6
1779307200,77510.3
1779321600,78039.1
1779336000,77846.2
1779350400,77157.4
1779364800,77224.3
1779379200,77657.1
1779393600,77586.2
1779408000,77740
1779422400,77366.9
1779436800,77394.8
1779451200,76756.5
1779465600,75827.1
1779480000,75513.1
1779494400,75599.1
1779508800,74573.1
1779523200,74763.3
1779537600,75486.9
1779552000,75949.5
1779566400,76715.2
1779580800,76702.8
1779595200,76771.3
1779609600,77289.5
1779624000,76343.7
1779638400,76738.5
1779652800,77030.3
1779667200,76989
1779681600,77377
1779696000,77318.2
1779710400,77587.2
1779724800,77403.3
1779739200,77281.5
1779753600,76629
1779768000,76685.1
1779782400,77153.9
1779796800,76478.2
1779811200,76028.3
1779825600,75905.5
1779840000,75635.6
1779854400,75935
1779868800,75737.9
1779883200,75300
1779897600,75039.9
1779912000,74418.1
1779926400,73224.5
1779940800,73467
1779955200,73479.1
1779969600,72899.1
1779984000,73393.5
1779998400,73591.4
1780012800,73269.2
1780027200,73488
1780041600,73447.6
1780056000,73775.4
1780070400,73489
1780084800,73428.2
1780099200,73492.4
1780113600,73513.9
1780128000,73567.9
1780142400,73888
1780156800,73980.1
1780171200,73856.8
1780185600,74107.6
1780200000,73833.3
1780214400,73913.6
1780228800,73613.5
1780243200,73521.9
1780257600,73653.2
1780272000,73731.3
1780286400,72776.1
1780300800,72452.8
1780315200,71099.4
1780329600,71571
1780344000,71391.5
1780358400,70920.7
1780372800,70079.4
1780387200,69430.2
1780401600,67274
1780416000,67286.7
1780430400,66730
1780444800,65818.4
1780459200,67186.7
1780473600,67040.1
1780488000,66046.5
1780502400,65428.6
1780516800,64117.7
1780531200,64336.2
1780545600,63561.7
1780560000,62520.7
1780574400,63864.8
1780588800,63600.3
1780603200,63853.4
1780617600,62699.7
1780632000,63075.6
1780646400,61929.5
1780660800,60400.8
1780675200,60267.7
1780689600,61022
1780704000,60662.6
1780718400,60975.2
1780732800,60773.5
1780747200,60754.1
1780761600,60563.9
1780776000,60849.7
1780790400,61671.1
1780804800,62366
1780819200,62598.8
1780833600,62071.6
1780848000,61303.8
1780862400,63298.5
1780876800,63101.6
1780891200,63259.9
1780905600,63450.1
1780920000,63745.4
1780934400,63348.2
1780948800,63057.9
1780963200,62841
1780977600,63170.8
1780992000,62679.4
1781006400,61100.7
1781020800,62068.8
1781035200,61695
1781049600,61518.2
1781064000,61654.3
1781078400,61003.1
1781092800,62604.8
1781107200,61908.7
1781121600,61483.7
1781136000,62657.5
1781150400,62693.3
1781164800,63078
1781179200,62721.1
1781193600,63567.6
1781208000,63597.9
1781222400,63490
1781236800,63066.5
1781251200,63729.4
1781265600,63557
1781280000,63555.1
1781294400,63547
1781308800,63494.4
1781323200,63823.9
1781337600,63936.1
1781352000,64265
1781366400,64264.2
1781380800,64418.2
1781395200,64515
1781409600,64392
1781424000,64511.7
1781438400,63995.2
1781452800,63777.3
1781467200,65702.1
1781481600,65894.7
