1781107200,0.922
1781121600,0.915
1781136000,0.947
1781150400,0.948
1781164800,0.953
1781179200,0.946
1781193600,0.963
1781208000,0.951
1781222400,0.953
1781236800,0.945
1781251200,0.966
1781265600,0.948
1781280000,0.957
1781294400,0.957
1781308800,0.967
1781323200,0.992
1781337600,0.984
1781352000,0.991
1781366400,0.978
1781380800,0.98
1781395200,0.977
1781409600,0.965
1781424000,0.967
1781438400,0.957
1781452800,0.951
1781467200,0.998
1781481600,1
1781496000,0.997
1781510400,1.021
1781524800,1.043
1781539200,1.019
1781553600,1.009
1781568000,1.01
1781582400,1.016
1781596800,1.021
1781611200,1.001
1781625600,1.01
1781640000,1.013
1781654400,1.025
1781668800,1.022
1781683200,1.005
1781697600,1.037
1781712000,0.996
1781726400,1.003
1781740800,0.981
1781755200,0.983
1781769600,0.972
1781784000,0.945
1781798400,0.963
1781812800,0.974
1781827200,0.966
1781841600,0.953
1781856000,0.949
1781870400,0.968
1781884800,0.951
1781899200,0.96
1781913600,0.955
1781928000,0.963
1781942400,0.963
1781956800,0.967
1781971200,0.957
1781985600,0.968
1782000000,0.97
1782014400,0.966
1782028800,0.963
1782043200,0.97
1782057600,0.963
1782072000,0.94
1782086400,0.949
1782100800,0.963
1782115200,0.969
1782129600,0.956
1782144000,0.944
1782158400,0.935
1782172800,0.937
1782187200,0.905
1782201600,0.904
1782216000,0.899
1782230400,0.903
1782244800,0.91
1782259200,0.905
1782273600,0.905
1782288000,0.906
1782302400,0.871
1782316800,0.867
1782331200,0.888
1782345600,0.881
1782360000,0.891
1782374400,0.875
1782388800,0.851
1782403200,0.841
1782417600,0.843
1782432000,0.832
1782446400,0.844
1782460800,0.828
1782475200,0.854
1782489600,0.854
1782504000,0.853
1782518400,0.852
1782532800,0.845
1782547200,0.842
1782561600,0.846
1782576000,0.828
1782590400,0.815
1782604800,0.817
1782619200,0.816
1782633600,0.811
1782648000,0.809
1782662400,0.808
1782676800,0.811
1782691200,0.824
1782705600,0.815
1782720000,0.816
1782734400,0.821
1782748800,0.831
1782763200,0.826
1782777600,0.816
1782792000,0.816
1782806400,0.811
1782820800,0.813
1782835200,0.823
1782849600,0.822
1782864000,0.836
1782878400,0.834
1782892800,0.833
1782907200,0.845
1782921600,0.833
1782936000,0.827
1782950400,0.847
1782964800,0.839
1782979200,0.85
1782993600,0.849
1783008000,0.843
1783022400,0.841
1783036800,0.852
1783051200,0.855
1783065600,0.869
1783080000,0.873
1783094400,0.883
1783108800,0.881
1783123200,0.882
1783137600,0.873
1783152000,0.871
1783166400,0.887
1783180800,0.891
1783195200,0.884
1783209600,0.87
1783224000,0.872
1783238400,0.868
1783252800,0.877
1783267200,0.882
1783281600,0.882
1783296000,0.872
1783310400,0.868
1783324800,0.86
1783339200,0.88
1783353600,0.889
1783368000,0.885
1783382400,0.859
1783396800,0.86
1783411200,0.865
1783425600,0.873
1783440000,0.865
1783454400,0.85
1783468800,0.833
1783483200,0.841
1783497600,0.833
1783512000,0.819
1783526400,0.825
1783540800,0.827
1783555200,0.825
1783569600,0.834
1783584000,0.832
1783598400,0.828
1783612800,0.825
1783627200,0.826
1783641600,0.844
1783656000,0.847
1783670400,0.885
1783684800,0.874
1783699200,0.874
1783713600,0.877
1783728000,0.884
1783742400,0.876
1783756800,0.88
1783771200,0.879
1783785600,0.88
1783800000,0.854
1783814400,0.857
1783828800,0.847
1783843200,0.849
1783857600,0.844
1783872000,0.844
1783886400,0.843
1783900800,0.828
1783915200,0.837
1783929600,0.831
1783944000,0.837
1783958400,0.84
1783972800,0.835
1783987200,0.834
1784001600,0.845
1784016000,0.836
1784030400,0.851
1784044800,0.85
1784059200,0.851
1784073600,0.854
1784088000,0.852
1784102400,0.851
1784116800,0.856
1784131200,0.84
1784145600,0.847
1784160000,0.85
1784174400,0.835
1784188800,0.839
1784203200,0.854
1784217600,0.857
1784232000,0.859
1784246400,0.859
1784260800,0.85
1784275200,0.853
1784289600,0.849
1784304000,0.852
1784318400,0.848
1784332800,0.852
1784347200,0.842
1784361600,0.837
1784376000,0.832
1784390400,0.834
1784404800,0.838
1784419200,0.836
1784433600,0.837
1784448000,0.829
1784462400,0.824
1784476800,0.816
1784491200,0.819
1784505600,0.813
1784520000,0.807
1784534400,0.815
1784548800,0.823
1784563200,0.824
1784577600,0.826
1784592000,0.837
1784606400,0.8555
1784620800,0.8568
1784635200,0.8557
1784649600,0.855
1784664000,0.8466
1784678400,0.8482
1784692800,0.84
1784707200,0.8379
1784721600,0.8444
1784736000,0.8411
1784750400,0.835
1784764800,0.8213
1784779200,0.8197
1784793600,0.8178
1784808000,0.8142
1784822400,0.8152
1784836800,0.8145
1784851200,0.8143
1784865600,0.8113
1784880000,0.8032
1784894400,0.7982
1784908800,0.8066
1784923200,0.8084
1784937600,0.8113
1784952000,0.8105
1784966400,0.8138
1784980800,0.8216
1784995200,0.8159
1785009600,0.8131
1785024000,0.8195
1785038400,0.8254
1785052800,0.824
1785067200,0.824
1785081600,0.8187
1785096000,0.8275
1785110400,0.817
1785124800,0.8143
1785139200,0.8067
1785153600,0.7915
1785168000,0.7926
1785182400,0.7584
1785196800,0.7609
1785211200,0.758
1785225600,0.7587
1785240000,0.7626
1785254400,0.763
1785268800,0.7606
1785283200,0.7578
1785297600,0.7651
1785312000,0.7607
1785326400,0.7587
1785340800,0.7596
1785355200,0.7632
1785369600,0.7657
1785384000,0.7658
1785398400,0.7669
1785412800,0.7679
1785427200,0.7756
1785441600,0.7683
1785456000,0.7684
1785470400,0.7708
1785484800,0.7584
1785499200,0.7568
1785513600,0.7612
1785528000,0.7585
1785542400,0.7642
1785556800,0.7606
1785571200,0.7663
1785585600,0.7765
1785600000,0.7704
1785614400,0.7807
1785628800,0.7907
1785643200,0.7942
1785657600,0.7937
1785672000,0.7933
1785686400,0.7969
1785700800,0.7981
1785715200,0.7886
1785729600,0.7932
1785744000,0.8055
1785758400,0.8253
1785772800,0.824
1785787200,0.8243
1785801600,0.8396
1785816000,0.8357
1785830400,0.8327
1785844800,0.8323
1785859200,0.8408
1785873600,0.8564
1785888000,0.846
1785902400,0.855
1785916800,0.8505
1785931200,0.8522
1785945600,0.8472
1785960000,0.8417
1785974400,0.84
1785988800,0.8332
1786003200,0.825
1786017600,0.8234
1786032000,0.8214
1786046400,0.8207
1786060800,0.8178
1786075200,0.8156
1786089600,0.8154
1786104000,0.8088
1786118400,0.8128
1786132800,0.8184
1786147200,0.8235
1786161600,0.8189
1786176000,0.8194
1786190400,0.8172
1786204800,0.8161
1786219200,0.8149
1786233600,0.8115
1786248000,0.8097
1786262400,0.8073
1786276800,0.8112
1786291200,0.8074
1786305600,0.7983
1786320000,0.7986
1786334400,0.8121
1786348800,0.8089
1786363200,0.8031
1786377600,0.8048
1786392000,0.8056
1786406400,0.8028
1786420800,0.807
1786435200,0.7996
1786449600,0.7817
1786464000,0.7863
1786478400,0.7898
1786492800,0.7947
1786507200,0.787
1786521600,0.7909
1786536000,0.7854
1786550400,0.7812
1786564800,0.7735
1786579200,0.776
1786593600,0.7737
1786608000,0.7699
1786622400,0.7702
1786636800,0.774
1786651200,0.7721
1786665600,0.7616
1786680000,0.7571
1786694400,0.757
1786708800,0.7631
1786723200,0.758
1786737600,0.7645
1786752000,0.7777
1786766400,0.7698
1786780800,0.7757
1786795200,0.7757
1786809600,0.7688
1786824000,0.7606
1786838400,0.7581
1786852800,0.7603
1786867200,0.7612
1786881600,0.7666
1786896000,0.7638
1786910400,0.758
1786924800,0.7649
1786939200,0.7608
1786953600,0.7586
1786968000,0.7569
1786982400,0.7599
1786996800,0.7608
1787011200,0.7305
1787025600,0.7362
1787040000,0.7392
1787054400,0.7489
1787068800,0.7466
1787083200,0.751
1787097600,0.7541
1787112000,0.7622
1787126400,0.7763
1787140800,0.7771
1787155200,0.779
1787169600,0.789
1787184000,0.783
1787198400,0.7902
1787212800,0.8191
1787227200,0.8367
1787241600,0.8325
1787256000,0.8483
1787270400,0.8499
1787284800,0.8695
1787299200,0.8824
1787313600,0.9009
1787328000,0.8924
1787342400,0.9403
1787356800,1.0012
1787371200,0.947
1787385600,0.9231
1787400000,0.9238
1787414400,0.934
1787428800,0.9207
1787443200,0.8896
1787457600,0.8913
1787472000,0.9182
1787486400,0.9268
