1761926400,3904.9,3802.64,3884.91
1761940800,3892.13,3838.68,3846.42
1761955200,3863.27,3828.8,3860
1761969600,3867.66,3851.3,3859.28
1761984000,3882,3859,3876.08
1761998400,3901.36,3855.66,3893.01
1762012800,3907.61,3860.44,3878.34
1762027200,3890,3862.44,3872.14
1762041600,3885.83,3860.01,3879.25
1762056000,3917,3874.08,3904.57
1762070400,3909.34,3851.24,3888.92
1762084800,3892.98,3837.04,3851.63
1762099200,3865.89,3838.23,3854.38
1762113600,3915,3842.41,3904.8
1762128000,3913.34,3726,3734.73
1762142400,3764.07,3682,3713.1
1762156800,3739.98,3650.13,3710
1762171200,3747.36,3578.4,3587.38
1762185600,3681.23,3562.27,3629.6
1762200000,3635,3556,3602.15
1762214400,3653.65,3565.95,3640.9
1762228800,3646.8,3470.58,3492.79
1762243200,3534.14,3460,3527.78
1762257600,3586.12,3471.38,3506
1762272000,3518.95,3225,3229.84
1762286400,3305.75,3055,3285.28
1762300800,3347.75,3165.41,3333.44
1762315200,3353.8,3301.51,3329.1
1762329600,3329.19,3272.24,3320.97
1762344000,3397.67,3311.26,3396.31
1762358400,3478.5,3368.05,3453.32
1762372800,3479,3413.62,3423.06
1762387200,3449.37,3373.7,3431.33
1762401600,3455,3357.94,3378.9
1762416000,3414.3,3365,3397.85
1762430400,3403.94,3275.19,3300.01
1762444800,3351.81,3245,3324.54
1762459200,3335.43,3285.97,3313.7
1762473600,3364,3273.04,3343.67
1762488000,3370,3318.15,3356.32
1762502400,3359.29,3224.05,3258.62
1762516800,3317.1,3192.92,3295.99
1762531200,3449,3271.76,3441.94
1762545600,3472.23,3428.35,3434.36
1762560000,3465.77,3404.93,3452.5
1762574400,3490,3414.49,3446.41
1762588800,3468.43,3405.03,3411.53
1762603200,3416.74,3367.81,3375.68
1762617600,3406.46,3353.31,3387.61
1762632000,3414.33,3378.4,3400.07
1762646400,3403,3356.74,3374.82
1762660800,3425.68,3368.62,3421.05
1762675200,3434,3380.71,3426.99
1762689600,3563.19,3423.22,3513.58
1762704000,3578.7,3500,3578.04
1762718400,3624.4,3560.07,3581.31
1762732800,3658,3548.88,3626.45
1762747200,3630.71,3587.56,3607.5
1762761600,3630.3,3585.42,3608.9
1762776000,3620.71,3506.66,3518.1
1762790400,3574.73,3505.55,3556.83
1762804800,3582.69,3527.06,3566.38
1762819200,3647.54,3551.11,3604.2
1762833600,3608.44,3528.8,3542.88
1762848000,3585.29,3541.22,3572.4
1762862400,3593,3466,3479.62
1762876800,3499.1,3443.04,3455.65
1762891200,3460.66,3403.02,3416.32
1762905600,3454.68,3408.14,3437.52
1762920000,3455.79,3422.17,3426.52
1762934400,3569,3426.33,3548.25
1762948800,3587.24,3416.27,3426.34
1762963200,3455,3370,3406.58
1762977600,3438.82,3390.01,3413.46
1762992000,3473,3375.09,3451.33
1763006400,3565,3432.02,3537.15
1763020800,3549,3475,3499.98
1763035200,3509.83,3365,3385.52
1763049600,3397.96,3173.38,3196.23
1763064000,3270.58,3152.49,3230.12
1763078400,3250,3183.17,3226.5
1763092800,3239.67,3104,3213.82
1763107200,3217.8,3115,3142.93
1763121600,3233.66,3068,3195.73
1763136000,3255.95,3153.17,3206.37
1763150400,3212.04,3088,3111.2
1763164800,3192.8,3109.16,3177.88
1763179200,3190.88,3157.12,3174.98
1763193600,3176.6,3132.66,3151.22
1763208000,3197.5,3146,3184.5
1763222400,3230.56,3160.71,3196.7
1763236800,3199.4,3151.33,3166.55
1763251200,3209.51,3130.01,3201.56
1763265600,3219.75,3185.76,3218.21
1763280000,3248.5,3158.35,3167.18
1763294400,3181.32,3095.84,3103.52
1763308800,3127.21,3025,3090.13
1763323200,3116.8,3001.01,3094.05
1763337600,3179.79,3067.77,3175.65
1763352000,3209.77,3165.3,3197.11
1763366400,3223.22,3178.2,3202.57
1763380800,3210.22,3093.43,3119.46
1763395200,3142.1,2969.99,2981
1763409600,3030.96,2958,3030.06
1763424000,3049,2943.31,3022.93
1763438400,3033.5,2956.63,3022.93
1763452800,3073.71,3022.94,3056.44
1763467200,3123.17,3020.01,3105.19
1763481600,3169.28,3097.88,3144.64
1763496000,3149.46,3095.99,3122.2
1763510400,3125.05,3068.19,3072.01
1763524800,3086.68,2990.15,3083.69
1763539200,3112.96,3051.38,3082.5
1763553600,3107.49,2966,2971.58
1763568000,2985.54,2873,2880.79
1763582400,3026.57,2873.63,3024.09
1763596800,3057,3003.41,3037.83
1763611200,3063,3005.69,3038.09
1763625600,3043.68,2990.47,3022.13
1763640000,3048,2950,2954.53
1763654400,2960.11,2788.01,2846.39
1763668800,2904.83,2818,2832.97
1763683200,2885.84,2768.86,2807.76
1763697600,2831.85,2642.65,2718.66
1763712000,2753.18,2661.92,2687.44
1763726400,2779.56,2620,2703.7
1763740800,2805.94,2673.58,2750.62
1763755200,2774.98,2707,2764.69
1763769600,2783.34,2737.7,2751.17
1763784000,2770,2725.24,2755.13
1763798400,2755.36,2702.87,2734
1763812800,2754.41,2709.25,2737.62
1763827200,2758,2733.91,2749.26
1763841600,2798,2732.34,2769.06
1763856000,2833,2766.87,2823.02
1763870400,2850.94,2775,2792.16
1763884800,2823.14,2792.02,2814.41
1763899200,2857,2808,2835.01
1763913600,2845.53,2785,2821.52
1763928000,2843.99,2793.19,2800.73
1763942400,2866.34,2761.38,2855.52
1763956800,2884.8,2800.99,2828.77
1763971200,2841.92,2786.01,2802.07
1763985600,2859.5,2782.2,2845.16
1764000000,2978.99,2841.29,2957.8
1764014400,2986.98,2944.7,2952.19
1764028800,2952.51,2902.5,2910.29
1764043200,2941.39,2900.01,2901.56
1764057600,2907.67,2863.39,2889.53
1764072000,2933.5,2855,2894.18
1764086400,2957,2870.03,2921.19
1764100800,2979.31,2905.59,2958.24
1764115200,2983.8,2920.26,2925.54
1764129600,2953.81,2918.56,2943.04
1764144000,2949.25,2900.97,2912.82
1764158400,2948.54,2887.09,2926.63
1764172800,3044.46,2924.74,3031.08
1764187200,3034.52,3006.66,3025.02
1764201600,3070,3002,3032.32
1764216000,3052.73,3015.26,3032.12
1764230400,3044,3016.06,3026.75
1764244800,3028.75,2983.81,3009.68
1764259200,3038,3003.01,3030.48
1764273600,3043.5,3002,3013.8
1764288000,3023.16,2992.1,3007.19
1764302400,3028,2998.4,3000.14
1764316800,3080,2999.7,3032.44
1764331200,3099,3024.34,3071.77
1764345600,3072.53,3009.36,3048.5
1764360000,3058.39,3018.2,3029.8
1764374400,3051.46,3016.02,3021.51
1764388800,3044.24,2989.12,3003.23
1764403200,3009.85,2982.3,2998.45
1764417600,3015,2985.4,3006
1764432000,3011.1,2960.01,2987.49
1764446400,2997.87,2980.8,2987.96
1764460800,3011.97,2974,3000.44
1764475200,3007.5,2984.2,3003.54
1764489600,3019.29,2996.69,3001.76
1764504000,3052.21,2998.38,3027.65
1764518400,3048.44,3027.05,3033.44
1764532800,3040,2988.28,2990.02
1764547200,2998.84,2812.5,2824.8
1764561600,2843.42,2805.55,2838.44
1764576000,2854.56,2827,2836.48
1764590400,2838.98,2718.07,2745.01
1764604800,2756.93,2718.63,2739.58
1764619200,2818,2738.97,2797.47
1764633600,2825.57,2781.38,2803.25
1764648000,2814.8,2796,2804.2
1764662400,2834.02,2780.6,2824.67
1764676800,3026.04,2815,3005.55
1764691200,3034.94,2985.13,3014.61
1764705600,3020,2970.04,2994.63
1764720000,3048,2983.76,3029.08
1764734400,3084.34,3028.05,3056.41
1764748800,3079.15,3041.95,3071.95
1764763200,3145.14,3030,3084.84
1764777600,3141.17,3062.72,3126.78
1764792000,3216.53,3115.6,3187.07
1764806400,3239.27,3172.75,3208.57
1764820800,3219.33,3170.06,3189.02
1764835200,3207.59,3173.45,3185.09
1764849600,3227.66,3138.15,3206.56
1764864000,3225,3064.81,3117.66
1764878400,3150.47,3104.05,3132.01
1764892800,3192.72,3131.05,3169.61
1764907200,3181.64,3150.43,3172.47
1764921600,3172.47,3106.01,3130
1764936000,3157,3081.09,3105.39
1764950400,3107.48,2978,3037.09
1764964800,3047.8,3005.12,3020.38
1764979200,3044.8,3011,3038.64
1764993600,3041,3022.98,3024.98
1765008000,3040.7,3012,3037.46
1765022400,3068.58,3025,3040.1
1765036800,3065.59,3023,3029.03
1765051200,3053.99,3024.35,3036.53
1765065600,3056.6,3030.65,3052.58
1765080000,3056.78,3029.16,3035.91
1765094400,3042.9,3023.25,3034.52
1765108800,3052.8,2903.75,3025.82
1765123200,3150,2997.59,3136.77
1765137600,3145.91,3010,3058.14
1765152000,3133.69,3038.76,3109.65
1765166400,3140.15,3107.15,3132.62
1765180800,3179.99,3123.81,3140.61
1765195200,3178,3087.34,3099.69
1765209600,3132.26,3066.17,3117.55
1765224000,3152,3111.65,3123.14
1765238400,3142.3,3089.01,3127.99
1765252800,3130,3094,3121.57
1765267200,3129.6,3090,3116.91
1765281600,3256,3097,3244.91
1765296000,3397.5,3244.3,3357.06
1765310400,3360.32,3283.51,3316.49
1765324800,3327.43,3286.58,3308
1765339200,3334.92,3305.22,3325.65
1765353600,3374.93,3295.56,3316.75
1765368000,3337.91,3302.61,3326.63
1765382400,3436.95,3319.48,3388.97
1765396800,3446.12,3316.9,3322.79
1765411200,3326.74,3165,3189.78
1765425600,3214,3179,3199.97
1765440000,3212,3175.2,3191.29
1765454400,3209.06,3142.92,3177.71
1765468800,3232.89,3153.78,3192.7
1765483200,3272.43,3190.77,3235.77
1765497600,3264.78,3183.33,3244.03
1765512000,3263.5,3230.53,3245
1765526400,3254.74,3225.02,3241.17
1765540800,3250.66,3050,3070
1765555200,3098.28,3041.1,3071.94
1765569600,3095,3065.79,3083.34
1765584000,3094.07,3077,3088.46
1765598400,3094.23,3082.18,3093.19
1765612800,3135,3090.91,3117.99
1765627200,3125.99,3092.64,3108.1
1765641600,3115.25,3094.39,3107.12
1765656000,3118.99,3075,3113.01
1765670400,3128.65,3101.27,3117.4
1765684800,3120.99,3103.01,3113.78
1765699200,3118.72,3048.32,3083.45
1765713600,3107.26,3068.85,3083.33
1765728000,3107,3072.67,3091.88
1765742400,3095.84,3022.51,3062.02
1765756800,3150,3055.25,3107.48
1765771200,3143.89,3102.08,3127.34
1765785600,3177,3123.9,3155.69
1765800000,3157.9,2985,3009.48
1765814400,3016.55,2890.51,2938.68
1765828800,2968.43,2915.18,2963.25
1765843200,2976.94,2920.91,2935.44
1765857600,2950.27,2870,2922.62
1765872000,2962.99,2918.25,2956.57
1765886400,2982.1,2885.46,2961.73
1765900800,2966.98,2910.01,2943.8
1765915200,2964.45,2936.46,2960.84
1765929600,2973.52,2936.52,2946.45
1765944000,2953.12,2912.36,2946.59
1765958400,2946.59,2905.29,2927.36
1765972800,3030,2882.49,2903.23
1765987200,2924.79,2789.52,2819.01
1766001600,2836.61,2804.48,2832
1766016000,2846.81,2820.12,2830.57
1766030400,2840,2821,2834.98
1766044800,2863.18,2830.26,2857.65
1766059200,2997.05,2852.58,2963.89
1766073600,2966.28,2772.97,2780.4
1766088000,2837.8,2778.06,2827.3
1766102400,2934.93,2806.15,2907.56
1766116800,2984,2905.79,2950.4
1766131200,2969.89,2936.64,2964
1766145600,3017.99,2941.49,2963.48
1766160000,3006.76,2933,2983.61
1766174400,3002,2973.33,2978.33
1766188800,2992.81,2969.23,2987.97
1766203200,2989.52,2973.12,2980.25
1766217600,2989.4,2973.62,2985.98
1766232000,2992.97,2965.28,2975.57
1766246400,2979.99,2972.63,2976.57
1766260800,2984.75,2971.28,2976.54
1766275200,2979.91,2960.13,2971.7
1766289600,2981.68,2970.6,2979.83
1766304000,3011.99,2976.27,2995.16
1766318400,3004,2943,2973.23
1766332800,2996.63,2965.93,2989.48
1766347200,3011.34,2969.45,3000.62
1766361600,3060.39,2966,3020.18
1766376000,3041.51,3018.4,3028.38
1766390400,3057,3023.57,3047.61
1766404800,3077.99,3020.4,3051.22
1766419200,3058.61,2972.6,2979.15
1766433600,3014.76,2961,3008.49
1766448000,3035,2970.08,2990.48
1766462400,2999,2945,2963.58
1766476800,2974.46,2951.19,2972.06
1766491200,2973,2899.3,2927.39
1766505600,2965.81,2907.28,2942.71
1766520000,2987.74,2939.19,2963.29
1766534400,2976.48,2919,2944.47
1766548800,2957.94,2916.11,2931.5
1766563200,2938.71,2912.18,2923.96
1766577600,2937.35,2886.75,2924.2
1766592000,2954.79,2920.04,2944.78
1766606400,2962.69,2939.86,2946.23
1766620800,2955.92,2934.66,2945.9
1766635200,2947.27,2936.55,2940.83
1766649600,2946,2910.14,2923.51
1766664000,2969.99,2918.52,2959.68
1766678400,2966.49,2941.52,2955.15
1766692800,2955.43,2888.88,2902.32
1766707200,2994,2892.72,2963.76
1766721600,2992.88,2950.79,2955.43
1766736000,2975.48,2953.55,2963.66
1766750400,2984.93,2893,2921.5
1766764800,2934.28,2905.5,2924.5
1766779200,2938,2920.23,2926.82
1766793600,2932.24,2920,2931.98
1766808000,2936.66,2926.35,2931.47
1766822400,2939.82,2914.63,2929.58
1766836800,2932.72,2924,2925.53
1766851200,2929.7,2915.74,2929.6
1766865600,2959.84,2927.06,2947.61
1766880000,2950.63,2939.5,2942.34
1766894400,2946.29,2927.76,2937.96
1766908800,2946.46,2930.01,2942.99
1766923200,2959.99,2936.2,2948
1766937600,2953.5,2922.84,2932.18
1766952000,2954.5,2927.1,2949.6
1766966400,3047.89,2943.1,3042.3
1766980800,3056,3001,3018.46
1766995200,3025,2955.36,2958.52
1767009600,2964.92,2908.58,2934.02
1767024000,2944.79,2911.1,2930.88
1767038400,2943.2,2924.5,2936.45
1767052800,2955.01,2917.48,2950.6
1767067200,2957.5,2935.88,2949.43
1767081600,3003,2948.81,2977.85
1767096000,3008.67,2956.79,2988.48
1767110400,2993.6,2941.27,2970.32
1767124800,2974.8,2953,2972.22
1767139200,2983.97,2960.9,2969.18
1767153600,2978.4,2967.13,2975.52
1767168000,3002.01,2962.21,3000.48
1767182400,3027.73,2966,2984.3
1767196800,2996.43,2957.59,2970.21
1767211200,2984.05,2962.2,2970.4
1767225600,2988.48,2970,2979.01
1767240000,2982.78,2972.1,2977.18
1767254400,2991.94,2976.57,2988
1767268800,2993.91,2976,2988.44
1767283200,3005,2979.47,2994.06
1767297600,3008.56,2985.9,3002.49
1767312000,3034.36,2990.67,3021.04
1767326400,3038.42,3007,3017
1767340800,3068.97,3014.27,3046.7
1767355200,3112.15,3017.64,3085.09
1767369600,3149,3077.9,3122.46
1767384000,3144,3109.85,3123.89
1767398400,3135,3117.09,3123.9
1767412800,3126.52,3074.52,3089.51
1767427200,3109.6,3082.63,3097
1767441600,3114.11,3092.19,3099.92
1767456000,3118.61,3096.75,3112
1767470400,3129.7,3105.76,3125.47
1767484800,3165.99,3124.76,3145.73
1767499200,3161.41,3132.24,3139.51
1767513600,3147.37,3122.58,3138.32
1767528000,3145.94,3115,3134.14
1767542400,3142.85,3117,3131.31
1767556800,3155,3129.37,3143.32
1767571200,3221,3141.5,3184.74
1767585600,3186.89,3131.47,3156
1767600000,3183.36,3151.78,3178.88
1767614400,3205,3132.58,3194.49
1767628800,3230.86,3157.01,3221.63
1767643200,3266,3218.55,3223.71
1767657600,3246,3201.91,3223.88
1767672000,3254.94,3210.02,3218.01
1767686400,3241.76,3212.8,3236.36
