1771300800,8588214.35
1771315200,8638828.34
1771329600,8713522.25
1771344000,8659319.73
1771358400,8597800.84
1771372800,8584480.65
1771387200,8620091.18
1771401600,8503795.96
1771416000,8601146.3
1771430400,8596073.78
1771444800,8583537.55
1771459200,8529299.01
1771473600,8515914.43
1771488000,8564054.34
1771502400,8468349.83
1771516800,8426856.63
1771531200,8375090.47
1771545600,8345291.77
1771560000,8333135.01
1771574400,8368988.76
1771588800,8565799.26
1771603200,8551929.9
1771617600,8633551.48
1771632000,8722124.29
1771646400,8610571.88
1771660800,8728096.27
1771675200,8791700.42
1771689600,8757376.47
1771704000,8660448.76
1771718400,8602722.76
1771732800,8565307.23
1771747200,8605331.97
1771761600,8667235.81
1771776000,8693621.98
1771790400,8626909.3
1771804800,8596873
1771819200,8646902.91
1771833600,8559123.47
1771848000,8400425.46
1771862400,8527692.86
1771876800,8513979.13
1771891200,8465431.44
1771905600,8480238.35
1771920000,8492171.16
1771934400,8498646.81
1771948800,8380125.38
1771963200,8355064.74
1771977600,8324186.27
1771992000,8373752.11
1772006400,8408204.23
1772020800,8983321.41
1772035200,9166639.41
1772049600,9180967.69
1772064000,9159391.73
1772078400,9093575.77
1772092800,9153553.86
1772107200,8895417.73
1772121600,8816758.7
1772136000,8813835.48
1772150400,8935621.02
1772164800,8855560.84
1772179200,8888948.92
1772193600,8877561.58
1772208000,8851845.62
1772222400,8794489.45
1772236800,8737342.62
1772251200,8685530.12
1772265600,8735091.35
1772280000,8549417.01
1772294400,8516204.9
1772308800,8479068.12
1772323200,8423786.66
1772337600,8520100.33
1772352000,8625039.28
1772366400,8579109.91
1772380800,8547888.63
1772395200,8408710.03
1772409600,8431552.67
1772424000,8473314.67
1772438400,8567801.78
1772452800,8605611.7
1772467200,8524521.81
1772481600,8409786.21
1772496000,8415161.84
1772510400,8406719.59
1772524800,8467801.2
1772539200,8566646.23
1772553600,8416997.71
1772568000,8401086.84
1772582400,8439909.76
1772596800,8484100.71
1772611200,8636695.51
1772625600,8742991.29
1772640000,8762226.92
1772654400,8678144.58
1772668800,8710226.43
1772683200,8701004.2
1772697600,8741816.07
1772712000,8670757.66
1772726400,8591184.91
1772740800,8566335.95
1772755200,8654696.86
1772769600,8726439.88
1772784000,8606612.06
1772798400,8590204.11
1772812800,8714800.64
1772827200,8700674.9
1772841600,8621307.44
1772856000,8637034.74
1772870400,8662601.13
1772884800,8643412.94
1772899200,8579221.5
1772913600,8604162.7
1772928000,8652116.2
1772942400,8621004.92
1772956800,8461272.59
1772971200,8529580.19
1772985600,8557743.66
1773000000,8598787.37
1773014400,8527830.51
1773028800,8467330.05
1773043200,8554979.46
1773057600,8368178.39
1773072000,8312784.28
1773086400,8518794.65
1773100800,8459983.73
1773115200,8504724.47
1773129600,8573783.8
1773144000,8637769.18
1773158400,8652611.93
1773172800,8649673.31
1773187200,8581302.87
1773201600,8572608.32
1773216000,8572068.94
1773230400,8736902.63
1773244800,8736885.21
1773259200,8700888.91
1773273600,8581635.72
1773288000,8533578.21
1773302400,8539854.5
1773316800,8569466.55
1773331200,8444415.18
1773345600,8506289.64
1773360000,8883946.42
1773374400,8963425.24
1773388800,8999370.28
1773403200,9288151.68
1773417600,9341265.34
1773432000,8912199.54
1773446400,8916738.66
1773460800,8696213.98
1773475200,8592246.58
1773489600,8561111.17
1773504000,8488430.38
1773518400,8626840.06
1773532800,8588756.72
1773547200,8568185.05
1773561600,8714512.84
1773576000,8609020.42
1773590400,8581473.75
1773604800,8914552.49
1773619200,9152961.1
1773633600,9589680.56
1773648000,9609509.13
1773662400,9504585.73
1773676800,9530729.4
1773691200,9429693.58
1773705600,9236940.72
1773720000,9116115.73
1773734400,9083885.18
1773748800,8965718.02
1773763200,8862494.16
1773777600,8839854.73
1773792000,8804587.57
1773806400,8774169.98
1773820800,8598562.31
1773835200,8613235.26
1773849600,8616798.54
1773864000,8630484.82
1773878400,8638596.44
1773892800,8620720.33
1773907200,8628747.89
1773921600,8632936.85
1773936000,8829811
1773950400,8835581.09
1773964800,8786200.9
1773979200,8706909.78
1773993600,8602489.89
1774008000,8590480.42
1774022400,8586276.33
1774036800,8548708.15
1774051200,8476731.23
1774065600,8474881.43
1774080000,8522509.31
1774094400,8594085.77
1774108800,8621999.14
1774123200,8530400.21
1774137600,8678852.9
1774152000,8721490.7
1774166400,8685293.77
1774180800,8709654.69
1774195200,8769580.78
1774209600,8608888.08
1774224000,8703579.28
1774238400,8698936.08
1774252800,8667501.81
1774267200,8921685.06
1774281600,8918390.85
1774296000,8902039.49
1774310400,8862509.98
1774324800,8875693.09
1774339200,8820206.23
1774353600,8648168
1774368000,8612159.59
1774382400,8683339.12
1774396800,8549956.13
1774411200,8612880.46
1774425600,8703758.43
1774440000,8627335.11
1774454400,8673569.17
1774468800,8684324.8
1774483200,8576321.73
1774497600,8472679.67
1774512000,8373357.98
1774526400,8295079.66
1774540800,8213404.58
1774555200,8200244.69
1774569600,8222197.43
1774584000,8357760.84
1774598400,8574444.8
1774612800,8784532.6
1774627200,8700266.95
1774641600,8806002.46
1774656000,8839659.87
1774670400,8891135.89
1774684800,8981035.34
1774699200,8944682.54
1774713600,8905512.34
1774728000,9072338.56
1774742400,8906935.2
1774756800,8923414.77
1774771200,9057089.42
1774785600,9272653.34
1774800000,9296656.56
1774814400,9104648.44
1774828800,9084384.31
1774843200,8961747.32
1774857600,8889868.39
1774872000,9041275.71
1774886400,8983316.85
1774900800,8971300.12
1774915200,8965210.77
1774929600,8985990.74
1774944000,8992075.55
1774958400,8921283.94
1774972800,8925443.05
1774987200,9017774.91
1775001600,8911903.14
1775016000,9242983.76
1775030400,9276712.63
1775044800,9317206.39
1775059200,9363872.93
1775073600,9318007.64
1775088000,9018509.05
1775102400,9032451.73
1775116800,8998404.78
1775131200,8975396.15
1775145600,8946342.33
1775160000,8871027.74
1775174400,8807051.68
1775188800,8839141.99
1775203200,8877846.29
1775217600,9022287.93
1775232000,8967621.48
1775246400,8994513.92
1775260800,9020432.79
1775275200,8986768.92
1775289600,8998495.03
1775304000,8959207.76
1775318400,9028413.03
1775332800,9052733.27
1775347200,9032255.72
1775361600,9015779.63
1775376000,9026505.29
1775390400,8942881.91
1775404800,8906079.15
1775419200,8995797.05
1775433600,9058358.95
1775448000,9336541.21
1775462400,9603572.94
1775476800,9637057.95
1775491200,9544871.18
1775505600,9326323.16
1775520000,9277551.81
1775534400,9210244.37
1775548800,9146917.71
1775563200,9098948.04
1775577600,9133297.16
1775592000,9314334.56
1775606400,9388739.37
1775620800,9382231.23
1775635200,9469873.57
1775649600,9459112.36
1775664000,9454223.7
1775678400,9319843.55
1775692800,9205135.54
1775707200,9282356.01
1775721600,9268442.02
1775736000,9167692.03
1775750400,9027506.41
1775764800,8989947.12
1775779200,8906603.87
1775793600,8898079.94
1775808000,8876575.12
1775822400,8966153.88
1775836800,8884019.26
1775851200,8921228.62
1775865600,8922876.93
1775880000,8880483.44
1775894400,8933705.87
1775908800,8931859.62
1775923200,8981659.12
1775937600,8979197.88
1775952000,8746302.81
1775966400,8799926.69
1775980800,8796480.61
1775995200,8978103.95
1776009600,9096823.31
1776024000,9001049.82
1776038400,8997096.68
1776052800,9125469.96
1776067200,9433061.66
1776081600,9159147.81
1776096000,8982236.67
1776110400,9307013.69
1776124800,9436999.59
1776139200,9216535.08
1776153600,9198863.08
1776168000,9185300.64
1776182400,9059841.34
1776196800,9050404.52
1776211200,9075011.31
1776225600,9033319.8
1776240000,9017274.9
1776254400,9048401.05
1776268800,9088648.24
1776283200,9105537.97
1776297600,9153229.33
1776312000,9254092.68
1776326400,9267568.79
1776340800,9249060.58
1776355200,9256393.59
1776369600,9469505.95
1776384000,9418298.52
1776398400,9443188.15
1776412800,9437113.66
1776427200,9365906.42
1776441600,9294065.09
1776456000,9392551.33
1776470400,9319379.44
1776484800,9339624.9
1776499200,9231294.23
1776513600,9256765.68
1776528000,9076825.14
1776542400,9057588.51
1776556800,8992429.57
1776571200,8928805.26
1776585600,8936124.4
1776600000,8940977.86
1776614400,8950048.54
1776628800,9022905.66
1776643200,9026556.87
1776657600,9085005.55
1776672000,8991839.56
1776686400,8903907.54
1776700800,8813227.19
1776715200,8819815.72
1776729600,8785850.43
1776744000,8804474.31
1776758400,8994687.48
1776772800,8907849.85
1776787200,8734768.33
1776801600,8757980.73
1776816000,8888077.39
1776830400,9186054.17
1776844800,9168667.07
1776859200,9259098.98
1776873600,9181707.26
1776888000,9156944.88
1776902400,9027679.76
1776916800,9060530.77
1776931200,9135579.54
1776945600,9059148.52
1776960000,9123994.82
1776974400,9210564
1776988800,9160428.92
1777003200,9143452.65
1777017600,9181048.75
1777032000,9125954.89
1777046400,9096772.19
1777060800,9138083.11
1777075200,9150174.33
1777089600,9100906.39
1777104000,9105433.3
1777118400,9076250.32
1777132800,9033623.51
1777147200,9056652.08
1777161600,9053813.62
1777176000,9086877.08
1777190400,9187755.09
1777204800,9341302.41
1777219200,9324631.17
1777233600,9303868.79
1777248000,9210072.72
1777262400,9039921.14
1777276800,9097136.55
1777291200,9026417.07
1777305600,9161607.79
1777320000,9125763.74
1777334400,9166902.57
1777348800,9204416.69
1777363200,9197606.92
1777377600,9223006.66
1777392000,9217255.82
1777406400,9248833.48
1777420800,9218781.02
1777435200,9177111.45
1777449600,9243543.43
1777464000,9411483.73
1777478400,9500441.2
1777492800,9444238.22
1777507200,9427895.44
1777521600,9440660.67
1777536000,9405074.39
1777550400,9465941.48
1777564800,9590822.25
1777579200,9597763.16
1777593600,9498813.46
1777608000,9488284.81
1777622400,9495825.02
1777636800,9375367.81
1777651200,9441222.41
1777665600,9509592.48
1777680000,9587760.46
1777694400,9646297.12
1777708800,9735752.47
1777723200,9707987.88
1777737600,9573977.67
1777752000,9538840.21
1777766400,9571493.42
1777780800,9753470.73
1777795200,9660407.03
1777809600,9644738.05
1777824000,9647313.74
1777838400,9592148.72
1777852800,9479510.73
1777867200,9558104.58
1777881600,9520277.05
1777896000,9526102.09
1777910400,9531980.4
1777924800,9564232.18
1777939200,9546974.35
1777953600,9616220.41
1777968000,9638423.51
1777982400,9565904
1777996800,9571674.56
1778011200,9628928.05
1778025600,9797436.56
1778040000,9971507.49
1778054400,9955930.74
1778068800,9757635.9
1778083200,9734228.77
1778097600,9696196.68
1778112000,9700334.06
1778126400,9833391.74
1778140800,9881492.01
1778155200,9772801.26
1778169600,9926675.43
1778184000,9959039.87
1778198400,9940169.86
1778212800,9868455.89
1778227200,9888904.14
1778241600,9988877.97
1778256000,10308168.89
1778270400,10253608.66
1778284800,10290066.41
1778299200,10216298.69
1778313600,10152054.99
1778328000,10056560.7
1778342400,10072369.4
1778356800,10007898.7
1778371200,9986378.03
1778385600,10071730.31
1778400000,10110058.92
1778414400,10262164.62
1778428800,10249717.5
1778443200,10086312.83
1778457600,10057515.15
1778472000,10006255.84
1778486400,10123498.97
1778500800,10050831.71
1778515200,10107088.85
1778529600,10067735.17
1778544000,10046088.24
1778558400,10036083.97
1778572800,9924582.03
1778587200,9968844.02
1778601600,10033070.6
1778616000,10081808.37
1778630400,10044265.36
1778644800,10119393.17
1778659200,10109611.75
1778673600,9839595.11
1778688000,9848891.99
1778702400,9881796.53
1778716800,9938882.9
1778731200,9991325.23
1778745600,10066291.18
1778760000,9997358.1
1778774400,10097508.39
1778788800,10034802.58
1778803200,10013063.57
1778817600,9999937.83
1778832000,10005205.66
1778846400,10055826.18
1778860800,10016434.26
1778875200,9911313.42
1778889600,9901451.83
1778904000,9948812.64
1778918400,9731672.32
1778932800,9655441.26
1778947200,9703339.44
1778961600,9651921.82
1778976000,9605140.54
1778990400,9602693.66
1779004800,9566383.1
1779019200,9481812.92
1779033600,9417485.05
1779048000,9170860.07
1779062400,9084983.95
1779076800,9136538.82
1779091200,9212098.2
1779105600,9148304.58
1779120000,9076241.18
1779134400,9114828.74
1779148800,9347539.24
1779163200,9526665.37
1779177600,9576225.07
1779192000,9276041.1
1779206400,9126511.57
1779220800,9000350
1779235200,8986236.8
1779249600,8994381.04
1779264000,8993192.46
1779278400,9256841.93
1779292800,9271562.77
1779307200,9339248.97
1779321600,9275721.63
1779336000,9252512.04
1779350400,9139818.12
1779364800,9300507.78
1779379200,9390008.92
1779393600,9244141.26
1779408000,9276197.52
1779422400,9297523.18
1779436800,9355348.12
1779451200,9535140.33
1779465600,9373943.53
1779480000,9282381.18
1779494400,9281927.21
1779508800,9345067.56
1779523200,9614762.51
1779537600,9155509.46
1779552000,9084856.22
1779566400,8902419.33
1779580800,8839832.14
1779595200,8838972.09
1779609600,8865841.27
1779624000,8706723.81
1779638400,8716554.88
1779652800,8731131.77
1779667200,8711180.78
1779681600,8674648.9
1779696000,8829757.48
1779710400,8764656.89
1779724800,8799364.78
1779739200,8740791.41
1779753600,8752840.99
1779768000,8828437.78
1779782400,8938284.36
1779796800,9228985.88
1779811200,9625635
1779825600,9573412.79
1779840000,9485786.93
1779854400,9295300.75
1779868800,9051236.85
1779883200,9084643.3
1779897600,9104703.7
1779912000,9170900.25
1779926400,9312635.25
1779940800,9524937.66
1779955200,9518779.23
1779969600,9379223
1779984000,9379048.37
1779998400,9380538.09
1780012800,9358134.44
1780027200,9348570.54
1780041600,9232837.01
1780056000,9106395.97
1780070400,8947828.73
1780084800,9041568.86
1780099200,9216271.26
1780113600,8894132.91
1780128000,8890854.9
1780142400,8970096.19
1780156800,8994512.25
1780171200,8937362.22
1780185600,8979748.62
1780200000,9087491
1780214400,9073009.04
1780228800,8792642.21
1780243200,8899442.32
1780257600,8939712.82
1780272000,8848184.34
1780286400,8748189.86
1780300800,8813519.83
1780315200,8893192.41
1780329600,8839825.74
1780344000,8895467.85
1780358400,9139062.86
1780372800,9072472.47
1780387200,9208797.13
1780401600,9209870.71
1780416000,9104493.87
1780430400,9044706.74
1780444800,9140360.54
1780459200,8926879.5
1780473600,8976188.54
1780488000,9164490.53
1780502400,9171852.74
1780516800,9101183.59
1780531200,8950403.74
1780545600,8854969.64
1780560000,8754371.41
1780574400,8743148.9
1780588800,8667655.37
1780603200,8463670.42
1780617600,8378183.74
1780632000,8368333.68
1780646400,8378674.37
1780660800,8403053.39
1780675200,8705144.97
1780689600,8533171.76
1780704000,8508761.63
