1761926400,188.02,188.96,184.22,188.3
1761940800,188.29,188.76,186.42,187.13
1761955200,187.12,187.4,185.37,187.12
1761969600,187.12,187.47,184.81,185.71
1761984000,185.7,186.66,185.15,186.09
1761998400,186.1,186.55,183.58,186.28
1762012800,186.29,187,184.77,186.18
1762027200,186.18,186.87,184.86,186.29
1762041600,186.28,186.3,184.55,185.18
1762056000,185.18,188.27,184.91,187.64
1762070400,187.64,187.85,184.29,186.04
1762084800,186.05,186.41,183.26,183.67
1762099200,183.68,184.56,181.91,183.93
1762113600,183.92,188.03,183.48,187.65
1762128000,187.64,189.1,176.5,177.42
1762142400,177.42,178.62,174.09,176.38
1762156800,176.37,176.83,173.1,175.2
1762171200,175.2,176.83,164,166.73
1762185600,166.74,170.9,165.53,166.64
1762200000,166.65,167.14,163.12,165.95
1762214400,165.96,168.28,164.1,167.53
1762228800,167.53,168,155.81,157
1762243200,157.01,162.27,156.32,161.63
1762257600,161.64,165.24,159.24,161.39
1762272000,161.39,162.3,152.15,154.55
1762286400,154.55,155.87,145.67,154.94
1762300800,154.95,157.34,147.2,156.84
1762315200,156.84,158.48,155.6,156.41
1762329600,156.41,157.55,153.61,157.37
1762344000,157.37,160.43,156.66,160.36
1762358400,160.37,163.82,158.41,162.41
1762372800,162.4,163.88,161.02,162.28
1762387200,162.29,162.87,159.62,162.37
1762401600,162.38,162.69,158.13,158.74
1762416000,158.74,159.85,157.59,158.79
1762430400,158.78,161.48,155.31,155.83
1762444800,155.84,158.58,153.75,156.8
1762459200,156.8,157.72,153.34,155.2
1762473600,155.2,158.52,154.11,156.79
1762488000,156.79,158.2,155.18,157.69
1762502400,157.69,158.1,151.58,153.77
1762516800,153.78,156.21,149.69,155.31
1762531200,155.31,164.4,154.29,164.08
1762545600,164.08,164.32,161.5,161.72
1762560000,161.72,164.82,160.55,162.42
1762574400,162.43,163.63,159.48,160.96
1762588800,160.95,162.29,159.03,159.29
1762603200,159.3,159.62,155.82,156.61
1762617600,156.62,158.07,155.7,157.24
1762632000,157.23,158.35,157.1,157.94
1762646400,157.94,158.25,155.01,155.82
1762660800,155.81,159.48,155.78,159.17
1762675200,159.17,159.82,157.17,158.97
1762689600,158.97,163.93,158.51,162.45
1762704000,162.44,166.24,161.15,166.08
1762718400,166.09,166.55,163.85,164.45
1762732800,164.46,168.68,163.35,167.99
1762747200,168,168.84,166.22,167.27
1762761600,167.27,169.72,166.01,168.2
1762776000,168.21,170.4,165.06,166.17
1762790400,166.17,168.39,165.12,167.13
1762804800,167.12,168.34,164.71,167.24
1762819200,167.24,171.87,165.91,169.84
1762833600,169.84,170,163.16,163.88
1762848000,163.87,164.87,162.38,163.56
1762862400,163.57,164.27,160,160.81
1762876800,160.82,161.17,157.32,157.5
1762891200,157.51,157.79,153.8,154.5
1762905600,154.51,155.48,153.44,154.45
1762920000,154.45,156.47,154.08,154.91
1762934400,154.91,161,154.91,159.91
1762948800,159.91,160.98,155.15,155.66
1762963200,155.65,156.17,151.06,152.95
1762977600,152.96,154.6,152.45,153.32
1762992000,153.32,155.77,150.29,154.27
1763006400,154.27,157.159,153.31,155.22
1763020800,155.23,156.44,153.79,156.19
1763035200,156.19,156.86,152.15,153.05
1763049600,153.05,153.32,141.93,142.64
1763064000,142.65,146.1,140.94,144.62
1763078400,144.63,145.6,142.62,144.2
1763092800,144.21,144.42,138.48,142.77
1763107200,142.78,143.13,139.74,140.69
1763121600,140.69,143.72,135.67,142.16
1763136000,142.17,144.2,140.5,143.07
1763150400,143.08,143.17,137.13,138.83
1763164800,138.84,143.3,138.66,142.46
1763179200,142.46,143.51,141.75,142.67
1763193600,142.66,142.76,139.85,140.11
1763208000,140.12,142.19,139.9,141.64
1763222400,141.63,144.64,140.71,141.7
1763236800,141.69,141.9,138.51,139.55
1763251200,139.54,141.42,137.28,141.32
1763265600,141.32,142.44,140.63,142.22
1763280000,142.23,143.33,139.45,139.87
1763294400,139.87,140.79,137.03,137.36
1763308800,137.36,138.47,134.3,136.79
1763323200,136.78,138.12,134.74,137.12
1763337600,137.12,140.6,136.02,140.21
1763352000,140.22,141.8,139.61,141.26
1763366400,141.25,142.74,140.86,141.8
1763380800,141.8,143.3,136.69,137.06
1763395200,137.06,137.11,129.3,129.58
1763409600,129.59,131.88,128.7,130.9
1763424000,130.9,135.19,128.9,134.45
1763438400,134.46,137.76,132.43,136.83
1763452800,136.84,139.06,136.36,137.79
1763467200,137.79,142.08,136.75,139.63
1763481600,139.64,142.07,138.67,141.38
1763496000,141.38,142.06,139.58,140.61
1763510400,140.61,142.75,139.2,139.7
1763524800,139.7,141.05,137.04,140.49
1763539200,140.49,140.96,138.3,138.49
1763553600,138.49,139.13,134.29,134.51
1763568000,134.51,135.37,130.44,131.64
1763582400,131.64,136.98,131.26,136.96
1763596800,136.95,144.4,136.26,143.12
1763611200,143.12,144.78,142.13,143.74
1763625600,143.73,143.91,141.04,142.05
1763640000,142.05,143.44,138.24,138.51
1763654400,138.52,138.7,131.03,133.82
1763668800,133.83,136.59,132.53,133.6
1763683200,133.61,134.99,131,132.55
1763697600,132.55,133.05,121.02,127.43
1763712000,127.44,129.33,123.71,124.24
1763726400,124.24,129.5,121.55,125.34
1763740800,125.34,130.54,123.5,128.05
1763755200,128.04,129.28,125,128.61
1763769600,128.6,129.87,126.74,127.07
1763784000,127.06,128.32,125.23,127.65
1763798400,127.65,127.67,125.17,126.61
1763812800,126.61,127.79,125,127.06
1763827200,127.06,128.55,126.7,127.12
1763841600,127.13,128.84,126.01,127.5
1763856000,127.5,130.74,127.48,129.86
1763870400,129.86,131.84,128.01,128.78
1763884800,128.78,131.12,128.73,129.66
1763899200,129.66,133.12,129.57,132.82
1763913600,132.82,133.38,130.75,132.3
1763928000,132.3,133.5,130.4,130.51
1763942400,130.52,134.37,129.22,133.37
1763956800,133.37,133.87,130.1,130.2
1763971200,130.2,130.65,128.34,129.56
1763985600,129.55,132.55,128.43,131.89
1764000000,131.88,137.94,131.77,137.19
1764014400,137.19,139.78,137.19,138.38
1764028800,138.38,138.95,137.17,137.73
1764043200,137.73,138.91,136.23,136.28
1764057600,136.27,136.75,134.66,136.18
1764072000,136.19,136.9,133,134.75
1764086400,134.75,137.94,134.12,136.61
1764100800,136.61,140.45,135.89,138.9
1764115200,138.9,140.62,137.84,138.11
1764129600,138.11,139.9,137.66,139.84
1764144000,139.84,139.89,136.07,136.77
1764158400,136.76,138.27,135.42,136.59
1764172800,136.6,144.7,136.37,143.94
1764187200,143.95,144.16,142.43,142.95
1764201600,142.95,144.02,142,142.45
1764216000,142.46,144.22,142.22,143.67
1764230400,143.67,143.83,141.41,141.98
1764244800,141.98,142.48,140.62,142.07
1764259200,142.07,143.14,141.33,142.62
1764273600,142.62,142.81,140.34,140.77
1764288000,140.77,141.37,138.5,139.58
1764302400,139.58,140.46,138.87,138.88
1764316800,138.88,142.57,138.84,140.89
1764331200,140.9,143.56,140.34,141.59
1764345600,141.59,141.64,135.87,137.43
1764360000,137.43,138.22,136.54,137.28
1764374400,137.27,137.81,136.64,136.77
1764388800,136.77,137.68,136.21,137.22
1764403200,137.23,137.42,136.34,137.27
1764417600,137.27,137.61,136.39,137.49
1764432000,137.5,137.99,134.61,135.63
1764446400,135.63,136.45,135.26,135.84
1764460800,135.85,136.77,135.18,136.35
1764475200,136.36,136.93,135.44,136.44
1764489600,136.44,137.04,136.05,136.37
1764504000,136.37,140.15,136.12,138.29
1764518400,138.28,139.79,137.32,137.58
1764532800,137.58,137.89,133.16,133.38
1764547200,133.37,133.66,126.45,126.89
1764561600,126.89,127.37,125.73,127.33
1764576000,127.32,127.93,126.78,127.05
1764590400,127.05,127.66,123.05,125.05
1764604800,125.06,125.28,123.19,123.8
1764619200,123.79,127.32,123.75,126.57
1764633600,126.57,128.48,125.95,127.21
1764648000,127.2,127.8,126.36,127.18
1764662400,127.17,128.78,125.89,128.23
1764676800,128.23,141.5,128.09,137.79
1764691200,137.79,140.86,137.32,140.23
1764705600,140.23,140.37,138.16,138.65
1764720000,138.65,140.62,137.71,140.29
1764734400,140.29,144.22,140.13,141.82
1764748800,141.83,142.64,140.66,141.66
1764763200,141.65,143.47,138.61,140.92
1764777600,140.93,142.35,139.79,141.23
1764792000,141.22,146.04,140.67,144.62
1764806400,144.62,146.87,143.59,144.58
1764820800,144.59,144.85,142.56,143.38
1764835200,143.39,144.15,142.63,142.99
1764849600,142.99,144.22,141.38,143.14
1764864000,143.13,143.8,137.7,139.6
1764878400,139.6,140.45,138.43,138.96
1764892800,138.95,140.21,138.21,138.47
1764907200,138.47,140.72,137.71,139.62
1764921600,139.62,139.62,136.05,136.95
1764936000,136.95,137.17,134.32,134.96
1764950400,134.95,135.16,130.5,132.4
1764964800,132.41,133.29,131.88,133.22
1764979200,133.22,134.07,132.71,133.65
1764993600,133.65,133.67,132.46,132.65
1765008000,132.66,133.22,131.79,133.14
1765022400,133.13,133.93,132.13,132.8
1765036800,132.81,133.49,131.67,132.01
1765051200,132.01,132.87,131.22,132.14
1765065600,132.13,133.53,131.85,133.43
1765080000,133.42,133.46,131.83,132.02
1765094400,132.02,132.53,131.46,132.36
1765108800,132.36,133,127.55,131.93
1765123200,131.92,136.22,130.39,135.66
1765137600,135.66,136.33,129.69,132.16
1765152000,132.17,134.66,131.41,134.24
1765166400,134.23,135.97,133.98,135.79
1765180800,135.78,139.3,135.59,138.33
1765195200,138.33,139.28,135.15,135.45
1765209600,135.46,136.47,132.85,133.57
1765224000,133.58,135,132.36,133.19
1765238400,133.18,134.36,132.4,134.11
1765252800,134.11,134.22,131.64,133.14
1765267200,133.15,133.37,131.91,132.87
1765281600,132.88,138.46,131.52,138.42
1765296000,138.43,144.9,138.41,142.08
1765310400,142.08,142.3,136.65,137.82
1765324800,137.82,138.56,137.1,138.07
1765339200,138.07,140.18,137.94,139.13
1765353600,139.14,139.8,136.25,137.14
1765368000,137.14,138.1,135.6,136.09
1765382400,136.08,139.58,135.65,138.6
1765396800,138.61,142.57,135.26,136.18
1765411200,136.18,136.35,128.91,129.28
1765425600,129.29,131.44,128.92,130.93
1765440000,130.93,131.32,130.06,130.83
1765454400,130.84,132.75,129.68,131.08
1765468800,131.08,135.51,130.02,133.82
1765483200,133.81,137.76,133.74,136.36
1765497600,136.36,137.93,135.31,137.02
1765512000,137.01,140.09,136.5,139.06
1765526400,139.05,139.12,137.17,138.66
1765540800,138.66,139.82,132.7,133.42
1765555200,133.43,133.9,130.24,131.17
1765569600,131.16,132.98,130.9,132.19
1765584000,132.2,133.01,132.2,132.81
1765598400,132.8,132.94,132.19,132.85
1765612800,132.85,134.2,132.85,133.23
1765627200,133.23,133.62,132.54,133.21
1765641600,133.21,133.77,132.06,132.68
1765656000,132.69,133.18,131.51,133.04
1765670400,133.04,133.58,132.62,132.86
1765684800,132.86,133.32,132.02,133.18
1765699200,133.18,133.43,130.02,131.37
1765713600,131.38,131.83,130.24,130.6
1765728000,130.59,131.53,129.2,130.21
1765742400,130.22,130.76,127.73,129.31
1765756800,129.3,133.2,129.2,131.09
1765771200,131.1,132.65,130.8,132.28
1765785600,132.29,132.99,132,132.21
1765800000,132.22,135.4,126.34,126.78
1765814400,126.79,127.22,123.53,124.93
1765828800,124.93,127.79,123.8,127.73
1765843200,127.72,127.96,124.85,126.43
1765857600,126.42,127.4,124.76,125.49
1765872000,125.49,129,125.35,128.57
1765886400,128.57,130.1,126.05,129.69
1765900800,129.69,129.8,126.68,127.67
1765915200,127.68,129.46,127.41,129.09
1765929600,129.09,129.77,128.12,128.19
1765944000,128.2,128.52,126.92,128.2
1765958400,128.2,128.2,125.9,127.54
1765972800,127.53,133.96,126.51,126.69
1765987200,126.69,127.91,121.24,122.31
1766001600,122.32,123.68,121.87,123.17
1766016000,123.17,124.1,122.88,123.58
1766030400,123.58,124.1,122.13,122.76
1766044800,122.76,124.07,122.38,123.99
1766059200,124,129,123.56,127.36
1766073600,127.36,127.46,117.28,117.47
1766088000,117.48,120.15,116.71,119.54
1766102400,119.55,122.47,117.55,121.52
1766116800,121.52,125.3,121.29,124.37
1766131200,124.37,125.73,123.81,125.31
1766145600,125.32,127.6,124.6,125.02
1766160000,125.02,126.95,123.55,126.22
1766174400,126.22,127.86,126.05,126.22
1766188800,126.23,126.44,125.2,126.15
1766203200,126.16,126.62,125.81,126.12
1766217600,126.13,126.87,125.82,126.42
1766232000,126.43,126.6,125.36,126.5
1766246400,126.51,126.65,125.69,125.99
1766260800,126,126.49,125.55,125.74
1766275200,125.75,126.05,124.62,125.16
1766289600,125.17,125.5,125.02,125.25
1766304000,125.24,126.56,124.71,125.42
1766318400,125.43,126,123.3,124.98
1766332800,124.98,126.3,124.3,125.61
1766347200,125.61,126.27,124.63,125.96
1766361600,125.97,128.51,124.4,125.97
1766376000,125.98,126.68,125.47,126.23
1766390400,126.23,127.41,125.38,126.93
1766404800,126.93,128.74,126.24,128.02
1766419200,128.03,128.33,124.56,124.58
1766433600,124.58,125.98,124.11,125.87
1766448000,125.87,126.87,124.81,125.58
1766462400,125.58,126.02,123.58,124.13
1766476800,124.13,125.16,123.84,124.79
1766491200,124.79,124.87,122.04,123.28
1766505600,123.29,124.86,122.7,123.91
1766520000,123.92,125.6,123.4,123.95
1766534400,123.96,124.25,121.68,122.66
1766548800,122.66,123.01,120.51,121.24
1766563200,121.25,122.17,121.01,121.98
1766577600,121.98,122.89,120.61,122.67
1766592000,122.67,123.43,121.71,122.82
1766606400,122.82,123.36,122.41,122.49
1766620800,122.48,123.11,122.03,122.64
1766635200,122.63,122.8,122.04,122.24
1766649600,122.25,122.63,121.22,121.59
1766664000,121.58,124.06,121.52,123.63
1766678400,123.63,124.42,122.72,123.42
1766692800,123.41,123.48,119.58,119.95
1766707200,119.95,124.33,119.15,122.61
1766721600,122.61,123.94,121.72,122.66
1766736000,122.66,124.13,122.24,123.8
1766750400,123.8,125.12,120.37,121.49
1766764800,121.5,122.35,121.1,122.08
1766779200,122.08,122.6,121.74,122.22
1766793600,122.22,123.78,121.82,123.63
1766808000,123.63,123.7,122.71,123.11
1766822400,123.1,123.29,122.45,122.95
1766836800,122.95,123.63,122.69,123.27
1766851200,123.27,123.42,122.7,123.21
1766865600,123.21,125.04,123.2,124.67
1766880000,124.68,124.85,123.85,124.08
1766894400,124.07,124.27,123.55,124.18
1766908800,124.18,124.79,123.92,124.57
1766923200,124.58,124.98,124.23,124.4
1766937600,124.39,124.72,123.01,123.22
1766952000,123.22,125.6,123.03,125.21
1766966400,125.22,130.21,124.94,128.52
1766980800,128.53,129.12,127.2,127.83
1766995200,127.82,128.48,124.95,125.02
1767009600,125.03,125.38,122.15,123.36
1767024000,123.35,123.94,122.52,122.99
1767038400,122.98,123.55,122.8,123.19
1767052800,123.19,123.86,122.5,123.72
1767067200,123.72,124.29,123.12,123.94
1767081600,123.94,125.1,123.91,124.24
1767096000,124.24,125.31,123.48,125.1
1767110400,125.11,126.49,123.7,124.67
1767124800,124.66,125.08,123.45,124.92
1767139200,124.93,126.06,124.34,125.76
1767153600,125.76,126.04,125.3,125.9
1767168000,125.9,126.82,125.36,126.69
1767182400,126.68,127.4,124.93,125.54
1767196800,125.54,125.7,124.24,124.3
1767211200,124.31,125.12,123.42,124.59
1767225600,124.58,125.75,124.52,125.14
1767240000,125.13,125.26,124.14,124.19
1767254400,124.19,125.22,124.08,125.16
1767268800,125.16,125.22,124.34,124.9
1767283200,124.9,125.75,124.2,125.7
1767297600,125.7,127.21,125.25,126.83
1767312000,126.84,127.99,125.81,127.51
1767326400,127.51,127.69,126.71,127.1
1767340800,127.1,129.98,127.09,128.19
1767355200,128.18,129.59,126.76,128.94
1767369600,128.93,132.3,128.62,131.59
1767384000,131.6,133.29,130.76,132.24
1767398400,132.23,133.13,132.02,132.77
1767412800,132.78,132.85,129.52,130.05
1767427200,130.05,131.43,129.74,130.63
1767441600,130.64,132.12,130.43,131.41
1767456000,131.41,132.07,131.41,131.73
1767470400,131.73,133.99,131.27,133.31
1767484800,133.3,135,133.26,134.56
1767499200,134.55,134.97,133.52,133.75
1767513600,133.76,134.82,133.1,134.32
1767528000,134.33,135.32,133.67,134.83
1767542400,134.83,135.5,133.03,133.51
1767556800,133.51,134.81,133.32,134.04
1767571200,134.05,137.75,133.93,136.58
1767585600,136.58,136.74,134.54,135.34
1767600000,135.34,135.97,134.63,135.68
1767614400,135.69,136.47,133.09,136.08
1767628800,136.08,138.78,134.25,138.2
1767643200,138.2,139.83,137.69,137.84
1767657600,137.84,138.57,136.81,138.31
1767672000,138.32,140.09,137.26,137.51
1767686400,137.52,139.64,137.3,139.44
