1787500800,27851,12408
1787515200,35888,16884
1787529600,42195,21366
1787544000,41313,21226
1787558400,45163,22730
1787572800,62104,28895
1787587200,49999,22692
1787601600,23265,9330
1787616000,57747,29895
1787630400,35290,17502
1787644800,25140,12326
1787659200,50661,23775
1787673600,15492,7773
1787688000,42147,21175
1787702400,17888,8742
1787716800,20904,10588
1787731200,28197,15056
1787745600,53918,27455
1787760000,23375,12435
1787774400,25448,13814
1787788800,16540,7536
1787803200,12118,5863
1787817600,43643,20758
1787832000,38918,18972
1787846400,29506,14282
1787860800,16269,7673
1787875200,27527,14180
1787889600,14151,7187
1787904000,16992,8690
1787918400,51245,25438
1787932800,34076,16635
1787947200,11917,6483
1787961600,9062,4495
1787976000,7844,3950
1787990400,5718,2652
1788004800,8565,4762
1788019200,11890,6322
1788033600,7300,3978
1788048000,8670,4010
1788062400,8022,3830
1788076800,9066,4612
1788091200,14128,7077
1788105600,20887,10299
1788120000,34121,14884
1788134400,22185,11962
1788148800,17987,9245
1788163200,14487,6354
1788177600,19143,8375
1788192000,12695,6041
1788206400,9255,4552
1788220800,13410,7482
1788235200,15095,8542
1788249600,19086,10465
1788264000,20906,9880
1788278400,24857,12398
1788292800,16410,8565
1788307200,21334,10777
1788321600,14928,8353
1788336000,29566,15492
1788350400,21887,10657
1788364800,14466,7293
1788379200,14332,7984
1788393600,25803,14179
1788408000,22490,11125
1788422400,18607,9960
1788436800,72129,37829
1788451200,40131,20275
1788465600,33611,15840
1788480000,19152,9948
1788494400,20421,11268
1788508800,25994,12251
1788523200,70280,32929
1788537600,15053,7564
1788552000,10045,5324
1788566400,8829,4431
1788580800,9239,5054
1788595200,11486,5872
1788609600,16281,8183
1788624000,15501,7137
1788638400,12783,6240
1788652800,12140,6172
1788667200,12033,5668
1788681600,10314,5411
1788696000,16339,7078
1788710400,7011,3392
1788724800,12934,6416
1788739200,26218,14537
1788753600,20876,10799
1788768000,17240,9286
1788782400,28741,14351
1788796800,9992,4767
1788811200,13468,6070
1788825600,15356,6853
1788840000,16298,7811
1788854400,15079,7120
1788868800,32917,17683
1788883200,35697,17893
1788897600,16842,9312
1788912000,18212,9507
1788926400,22362,11603
1788940800,22164,11672
1788955200,33160,16920
1788969600,19788,10840
1788984000,25773,13986
1788998400,21739,11477
1789012800,16945,9151
1789027200,23977,11839
1789041600,41969,19514
1789056000,25120,12128
1789070400,12724,6115
1789084800,15025,8028
1789099200,15145,7907
1789113600,23536,10822
1789128000,82425,38431
1789142400,24683,12296
1789156800,13364,6723
1789171200,8359,4508
1789185600,9400,3749
1789200000,9677,4464
1789214400,9022,4796
1789228800,7429,3279
1789243200,4659,2236
1789257600,6767,3110
1789272000,5578,2577
1789286400,13624,5915
1789300800,10647,4864
1789315200,6896,2840
1789329600,16065,7368
1789344000,22939,11261
1789358400,25630,14816
1789372800,36419,18767
1789387200,35231,17661
1789401600,66311,31314
1789416000,48743,23409
1789430400,22641,11734
1789444800,24551,11743
1789459200,21611,10889
1789473600,69176,35971
1789488000,121646,60688
1789502400,49522,23963
1789516800,30817,15057
1789531200,23022,11994
1789545600,19144,9942
1789560000,30674,15837
1789574400,62318,33682
1789588800,28932,14380
1789603200,22516,12394
1789617600,20397,10523
1789632000,19876,9208
1789646400,28786,14121
1789660800,15748,7154
1789675200,13696,6119
1789689600,20620,10874
1789704000,29419,14134
1789718400,28667,14008
1789732800,69393,33880
1789747200,35331,17386
1789761600,28331,12783
1789776000,33660,17084
1789790400,30271,14365
1789804800,24243,11720
1789819200,43424,20059
1789833600,25807,12525
1789848000,25532,10215
1789862400,27962,12807
1789876800,16088,8036
1789891200,17510,8734
1789905600,21208,10637
1789920000,22888,11878
1789934400,20276,9897
1789948800,32385,17485
1789963200,34202,19342
1789977600,82465,45298
1789992000,60979,30273
1790006400,46171,23512
1790020800,77744,40477
1790035200,42977,23209
1790049600,44587,24588
1790064000,46770,23405
1790078400,78763,37683
1790092800,57841,27921
1790107200,37378,16688
1790121600,45064,24665
1790136000,70756,33478
1790150400,58146,26562
1790164800,79292,37290
1790179200,40895,22127
1790193600,24228,13368
1790208000,25186,13058
1790222400,23892,12807
1790236800,37215,19257
1790251200,50174,27383
1790265600,37139,17153
1790280000,23262,9966
1790294400,38467,20072
1790308800,19390,9713
1790323200,72009,39159
1790337600,150426,80660
1790352000,40851,17426
1790366400,20829,10129
1790380800,17804,8186
1790395200,17967,8354
1790409600,18669,7718
1790424000,17378,7637
1790438400,21688,8305
1790452800,23917,11778
1790467200,15284,6110
1790481600,19440,8463
1790496000,19227,9259
1790510400,23988,10901
1790524800,11987,6121
1790539200,23900,11451
1790553600,35643,17533
1790568000,25906,12432
1790582400,27723,14274
1790596800,55354,27859
1790611200,28287,16604
1790625600,16078,6827
1790640000,22698,10995
1790654400,16537,8361
1790668800,14929,6981
1790683200,75921,38059
1790697600,38304,17402
1790712000,20627,9900
1790726400,17334,8275
1790740800,20550,9484
1790755200,23257,12246
1790769600,57826,25342
1790784000,17875,8847
1790798400,13408,7826
