t,symbol,o,h,l,c
1790647200,1000SHIBUSDT_PERP.A,4738851202,4739510640,4706382454,4709543729
1790647200,AAVEUSDT_PERP.A,414124.2,414271.8,410559.4,410638.7
1790647200,ADAUSDT_PERP.A,383701722,383705094,377640847,377641024
1790647200,AVAXUSDT_PERP.A,10505821,10524102,10495133,10518942
1790647200,BCHUSDT_PERP.A,376385.94,376507.658,374649.122,375771.935
1790647200,BTCUSDT_PERP.A,93036.985,93087.425,92980.871,93032.725
1790647200,DOGEUSDT_PERP.A,3047708297,3060267066,3047708297,3056344668
1790647200,DOTUSDT_PERP.A,31342434.4,31641514.4,31319926.6,31634639.6
1790647200,ETHUSDT_PERP.A,2255393.681,2259334.659,2254390.607,2259114.054
1790647200,HBARUSDT_PERP.A,513251936,514580650,508857072,514580650
1790647200,LINKUSDT_PERP.A,10461073.16,10474091.7,10424850.17,10454052.6
1790647200,LTCUSDT_PERP.A,1560162.983,1566211.533,1526597.669,1533991.724
1790647200,SOLUSDT_PERP.A,8200740.94,8236928.15,8194926.97,8236458.31
1790647200,XLMUSDT_PERP.A,270919430,271731143,270138954,270436958
1790647200,XRPUSDT_PERP.A,312502297.1,313537340,312103164.3,313160498
1790647200,XTZUSDT_PERP.A,14312128.3,14354294.4,14311845,14342740.3
1790650800,1000SHIBUSDT_PERP.A,4709538689,4712849712,4701846660,4702070412
1790650800,AAVEUSDT_PERP.A,410632.3,411380,408970.8,408970.8
1790650800,ADAUSDT_PERP.A,377625846,377630102,375978396,376213739
1790650800,AVAXUSDT_PERP.A,10518663,10551371,10509286,10545669
1790650800,BCHUSDT_PERP.A,375772.26,376072.153,375486.094,375670.078
1790650800,BTCUSDT_PERP.A,93037.244,93125.083,92970.213,92970.213
1790650800,DOGEUSDT_PERP.A,3056460936,3059428029,3050828273,3051234647
1790650800,DOTUSDT_PERP.A,31634323.3,31634323.3,31405370.5,31568720.7
1790650800,ETHUSDT_PERP.A,2259130.736,2269143.977,2258871.751,2267650.687
1790650800,HBARUSDT_PERP.A,514569871,516641333,514411069,515171233
1790650800,LINKUSDT_PERP.A,10453804.21,10453889.77,10344369.02,10347151.59
1790650800,LTCUSDT_PERP.A,1534046.959,1534304.335,1515678.685,1518002.539
1790650800,SOLUSDT_PERP.A,8236497.1,8242650.55,8230140.54,8237103.94
1790650800,XLMUSDT_PERP.A,270438909,272503604,270165155,272493350
1790650800,XRPUSDT_PERP.A,313157130.6,313957122.2,312451498.3,312573262.1
1790650800,XTZUSDT_PERP.A,14342757.1,14351785,14311591.2,14312525
1790654400,1000SHIBUSDT_PERP.A,4702150100,4703352711,4693585642,4702476444
1790654400,AAVEUSDT_PERP.A,408968.7,411134.5,408814.3,410848.9
1790654400,ADAUSDT_PERP.A,376205147,376292592,375651926,375762847
1790654400,AVAXUSDT_PERP.A,10545660,10554763,10525530,10533660
1790654400,BCHUSDT_PERP.A,375672.442,375952.943,375442.294,375442.819
1790654400,BTCUSDT_PERP.A,92970.142,92970.142,92870.628,92950.383
1790654400,DOGEUSDT_PERP.A,3051229427,3056231432,3050399044,3054049269
1790654400,DOTUSDT_PERP.A,31563846.3,31634058.8,31397999.8,31627472.5
1790654400,ETHUSDT_PERP.A,2267659.32,2267687.227,2265223.03,2266557.153
1790654400,HBARUSDT_PERP.A,515211309,527120400,515169522,526308831
1790654400,LINKUSDT_PERP.A,10346924.28,10350813.87,10291210.18,10299047.04
1790654400,LTCUSDT_PERP.A,1517974.709,1518040.947,1498621.463,1498649.37
1790654400,SOLUSDT_PERP.A,8237038.94,8249051.62,8232723.24,8243443.92
1790654400,XLMUSDT_PERP.A,272491530,273757069,272381306,273073013
1790654400,XRPUSDT_PERP.A,312566209.3,314173354.4,312519765.8,313921730.8
1790654400,XTZUSDT_PERP.A,14312507.9,14380404.6,14304050.1,14380404.6
1790658000,1000SHIBUSDT_PERP.A,4702253323,4705312350,4663133896,4663133896
1790658000,AAVEUSDT_PERP.A,410842.6,425307.1,410839.8,425193
1790658000,ADAUSDT_PERP.A,375774103,376271435,375021392,376240758
1790658000,AVAXUSDT_PERP.A,10533472,10583829,10533407,10569052
1790658000,BCHUSDT_PERP.A,375437.195,375589.201,375136.533,375475.135
1790658000,BTCUSDT_PERP.A,92950.469,93017.972,92932.855,92932.855
1790658000,DOGEUSDT_PERP.A,3054027274,3055373186,3049068943,3050420426
1790658000,DOTUSDT_PERP.A,31624129.2,31677540.2,31606329,31671335.4
1790658000,ETHUSDT_PERP.A,2266574.144,2269743.337,2266189.97,2266747.088
1790658000,HBARUSDT_PERP.A,526360948,528279066,517714108,519268541
1790658000,LINKUSDT_PERP.A,10300074.75,10319105.36,10275365.71,10291935.1
1790658000,LTCUSDT_PERP.A,1498773.217,1499797.954,1496170.775,1496732.528
1790658000,SOLUSDT_PERP.A,8243637.58,8248359.65,8228952.54,8240669.24
1790658000,XLMUSDT_PERP.A,273085393,273243057,269721830,270328131
1790658000,XRPUSDT_PERP.A,313918642.6,314645920.4,313567507.8,314338535.4
1790658000,XTZUSDT_PERP.A,14380328.6,14381877.6,14332847.5,14332847.5
1790661600,1000SHIBUSDT_PERP.A,4663142545,4665022446,4642242677,4649564892
1790661600,AAVEUSDT_PERP.A,425115,441886.6,425115,441886.6
1790661600,ADAUSDT_PERP.A,376259225,378945135,376040555,378933183
1790661600,AVAXUSDT_PERP.A,10567198,10630316,10547860,10630316
1790661600,BCHUSDT_PERP.A,375476.569,375739.892,374531.485,374657.626
1790661600,BTCUSDT_PERP.A,92931.523,93100.727,92707.793,92948.4
1790661600,DOGEUSDT_PERP.A,3050451960,3056119547,3047881494,3050758541
1790661600,DOTUSDT_PERP.A,31671308.9,31842224.5,31661930,31810800.4
1790661600,ETHUSDT_PERP.A,2266810.038,2294016.848,2266644.763,2293989.449
1790661600,HBARUSDT_PERP.A,519435084,521827636,517984734,520387747
1790661600,LINKUSDT_PERP.A,10290101.37,10290101.37,10233664.64,10248596.92
1790661600,LTCUSDT_PERP.A,1496729.35,1500232.028,1495339.756,1498038.539
1790661600,SOLUSDT_PERP.A,8240550.44,8280350.42,8229550.48,8251084.61
1790661600,XLMUSDT_PERP.A,270327343,270830231,269828325,270817553
1790661600,XRPUSDT_PERP.A,314330605.8,315671900.6,314286255.4,315212535.6
1790661600,XTZUSDT_PERP.A,14330640.5,14339331.1,14247210.8,14248090.8
1790665200,1000SHIBUSDT_PERP.A,4649859448,4673168114,4645523057,4663538909
1790665200,AAVEUSDT_PERP.A,441891.2,464512.6,441816.5,457911
1790665200,ADAUSDT_PERP.A,379047805,385168505,378869011,385120368
1790665200,AVAXUSDT_PERP.A,10632452,11023655,10632452,10944323
1790665200,BCHUSDT_PERP.A,374673.487,374796.474,374015.568,374069.933
1790665200,BTCUSDT_PERP.A,92946.349,93081.256,92716.326,92763.899
1790665200,DOGEUSDT_PERP.A,3050551530,3063186881,3047619817,3054133812
1790665200,DOTUSDT_PERP.A,31802039.1,32257644.4,31740058.7,32174084.4
1790665200,ETHUSDT_PERP.A,2294750.237,2327666.755,2293795.91,2327666.746
1790665200,HBARUSDT_PERP.A,520408224,520433011,513565808,513588319
1790665200,LINKUSDT_PERP.A,10250698.36,10264416.87,10202064.4,10209560.91
1790665200,LTCUSDT_PERP.A,1498023.494,1503507.118,1497890.88,1501500.763
1790665200,SOLUSDT_PERP.A,8251093.94,8257055.24,8218451.85,8231933.07
1790665200,XLMUSDT_PERP.A,270820162,274875806,270736595,274602063
1790665200,XRPUSDT_PERP.A,315235719.7,317739096.6,315079490,317692759.4
1790665200,XTZUSDT_PERP.A,14248090.8,14261544.2,14232559.5,14245488.2
1790668800,1000SHIBUSDT_PERP.A,4663517124,4678377889,4656537002,4671353689
1790668800,AAVEUSDT_PERP.A,457919.8,469688.4,456626.3,469688.4
1790668800,ADAUSDT_PERP.A,385211398,392219827,385211398,392219827
1790668800,AVAXUSDT_PERP.A,10944242,11086006,10923579,11076521
1790668800,BCHUSDT_PERP.A,374078.517,374367.712,372326.646,372326.646
1790668800,BTCUSDT_PERP.A,92763.578,93035.902,92763.578,93033.43
1790668800,DOGEUSDT_PERP.A,3054142783,3060114909,3051901635,3058603059
1790668800,DOTUSDT_PERP.A,32174113.9,32174113.9,31788039.9,31802956.9
1790668800,ETHUSDT_PERP.A,2327654.498,2336061.25,2327487.744,2331265.537
1790668800,HBARUSDT_PERP.A,513596069,513987645,510001293,510113572
1790668800,LINKUSDT_PERP.A,10209131.58,10319794.76,10180807.99,10305425.22
1790668800,LTCUSDT_PERP.A,1501818.792,1509561.068,1501338.371,1507832.763
1790668800,SOLUSDT_PERP.A,8231814.2,8263169.03,8222621.3,8251098.24
1790668800,XLMUSDT_PERP.A,274605087,276033833,274388467,275724136
1790668800,XRPUSDT_PERP.A,317693323.8,318588576,317657669.1,317764976.9
1790668800,XTZUSDT_PERP.A,14245488.2,14254846.4,14224119.6,14236035.8
1790672400,1000SHIBUSDT_PERP.A,4671223326,4703818625,4665642706,4703812551
1790672400,AAVEUSDT_PERP.A,469683.8,472734.8,468385,469452.6
1790672400,ADAUSDT_PERP.A,392218597,395181808,391319222,395151846
1790672400,AVAXUSDT_PERP.A,11075997,11130111,11046888,11123864
1790672400,BCHUSDT_PERP.A,372326.4,372330.356,371757.444,371953.915
1790672400,BTCUSDT_PERP.A,93032.899,93536.386,92994.298,93527.098
1790672400,DOGEUSDT_PERP.A,3058790981,3061138208,3045780134,3047276385
1790672400,DOTUSDT_PERP.A,31801302.8,31932697,31783030.1,31871407.3
1790672400,ETHUSDT_PERP.A,2331178.951,2331383.306,2321096.633,2323289.71
1790672400,HBARUSDT_PERP.A,510034915,510588071,504578650,504586780
1790672400,LINKUSDT_PERP.A,10305622.8,10343070.51,10290802.97,10305767.78
1790672400,LTCUSDT_PERP.A,1507725.602,1510421.543,1507530.881,1509415.401
1790672400,SOLUSDT_PERP.A,8250871.56,8294620.27,8240197.09,8286494.84
1790672400,XLMUSDT_PERP.A,275725490,277339677,275517173,277222306
1790672400,XRPUSDT_PERP.A,317768887.8,318824742.5,317665438.3,318374672.7
1790672400,XTZUSDT_PERP.A,14236162,14291510.8,14216923,14262127.3
1790676000,1000SHIBUSDT_PERP.A,4702925729,4711161444,4698047402,4711089470
1790676000,AAVEUSDT_PERP.A,469558.6,480421,469185.2,477681
1790676000,ADAUSDT_PERP.A,395166617,395733864,393341423,393863640
1790676000,AVAXUSDT_PERP.A,11125882,11177553,11068109,11141589
1790676000,BCHUSDT_PERP.A,371938.699,372391.841,371567.833,372278.753
1790676000,BTCUSDT_PERP.A,93527.403,93649.398,93325.143,93325.402
1790676000,DOGEUSDT_PERP.A,3047286229,3051405791,3047286229,3049713213
1790676000,DOTUSDT_PERP.A,31871854.7,31984748.8,31842648,31957811
1790676000,ETHUSDT_PERP.A,2323391.518,2327792.307,2323272.691,2326848.819
1790676000,HBARUSDT_PERP.A,504504798,504716989,499166940,499366961
1790676000,LINKUSDT_PERP.A,10305825.02,10452814.33,10305773.49,10385692.87
1790676000,LTCUSDT_PERP.A,1509409.165,1512120.992,1508601.055,1511473.186
1790676000,SOLUSDT_PERP.A,8286487.9,8288773.76,8264775.88,8272019.89
1790676000,XLMUSDT_PERP.A,277226550,278089399,275629277,278069730
1790676000,XRPUSDT_PERP.A,318400568.5,318418173.6,317098635.1,317539571.3
1790676000,XTZUSDT_PERP.A,14262127.3,14290499.2,14201669.1,14287120.3
1790679600,1000SHIBUSDT_PERP.A,4711138875,4752784090,4709471534,4752662871
1790679600,AAVEUSDT_PERP.A,477616.7,491754,475003.9,483659.8
1790679600,ADAUSDT_PERP.A,393847904,394951102,392844211,394885617
1790679600,AVAXUSDT_PERP.A,11142253,11526174,11130176,11526174
1790679600,BCHUSDT_PERP.A,372297.656,372414.118,371806.712,372375.602
1790679600,BTCUSDT_PERP.A,93326.618,93328.976,93074.236,93164.89
1790679600,DOGEUSDT_PERP.A,3049636027,3052466534,3042050117,3048698834
1790679600,DOTUSDT_PERP.A,31957841.8,31969404.5,31687002,31687002
1790679600,ETHUSDT_PERP.A,2326896.609,2330649.524,2318291.525,2321476.031
1790679600,HBARUSDT_PERP.A,499558379,499900989,493237435,493683199
1790679600,LINKUSDT_PERP.A,10385238.56,10455700.63,10384847.64,10454833.01
1790679600,LTCUSDT_PERP.A,1511483.188,1511543.178,1508300.488,1511316.88
1790679600,SOLUSDT_PERP.A,8272129.95,8285899.6,8267120.66,8284779.36
1790679600,XLMUSDT_PERP.A,278112882,283236160,278020629,282182173
1790679600,XRPUSDT_PERP.A,317539601.3,317549827.4,316477925.5,317220058.2
1790679600,XTZUSDT_PERP.A,14287617.9,14294889,14133722.8,14133722.8
1790683200,1000SHIBUSDT_PERP.A,4752152285,4760497916,4730912434,4733257333
1790683200,AAVEUSDT_PERP.A,483655.4,483678.4,477781.7,482108.1
1790683200,ADAUSDT_PERP.A,394895544,396160503,394435605,396088627
1790683200,AVAXUSDT_PERP.A,11527970,11565774,11464847,11473930
1790683200,BCHUSDT_PERP.A,372372.148,372487.797,371340.628,371807.23
1790683200,BTCUSDT_PERP.A,93164.991,93268.38,93043.042,93115.564
1790683200,DOGEUSDT_PERP.A,3048784126,3054023221,3044545126,3044545126
1790683200,DOTUSDT_PERP.A,31679160.6,31679160.6,31536461.5,31586077.6
1790683200,ETHUSDT_PERP.A,2321514.518,2334512.607,2320118.441,2334512.607
1790683200,HBARUSDT_PERP.A,493657475,494587286,477507650,477507650
1790683200,LINKUSDT_PERP.A,10453940.69,10487948.29,10451229.91,10453869.13
1790683200,LTCUSDT_PERP.A,1511279.608,1518112.097,1510093.881,1510231.279
1790683200,SOLUSDT_PERP.A,8285174.12,8315113.03,8283846.05,8294691.19
1790683200,XLMUSDT_PERP.A,282190621,284736355,281671838,283673115
1790683200,XRPUSDT_PERP.A,317207255.7,323282592.5,316379621.6,322882855.2
1790683200,XTZUSDT_PERP.A,14133603.1,14187158.4,14131647.8,14159591
1790686800,1000SHIBUSDT_PERP.A,4733321038,4754885690,4714666703,4754542274
1790686800,AAVEUSDT_PERP.A,482026,489512,482026,486114.7
1790686800,ADAUSDT_PERP.A,396085129,396289101,395216008,395983404
1790686800,AVAXUSDT_PERP.A,11474409,11529153,11429524,11444774
1790686800,BCHUSDT_PERP.A,371930.896,372011.18,370617.883,370929.413
1790686800,BTCUSDT_PERP.A,93110.821,93176.049,92953.291,93132.862
1790686800,DOGEUSDT_PERP.A,3044473210,3045941229,3037306338,3038306677
1790686800,DOTUSDT_PERP.A,31582518.7,31667397.2,31549495.3,31569247.5
1790686800,ETHUSDT_PERP.A,2334831.346,2339627.462,2334014.752,2338443.304
1790686800,HBARUSDT_PERP.A,477467240,477770976,470828472,471554877
1790686800,LINKUSDT_PERP.A,10453946.38,10458956.68,10354126.1,10354567.6
1790686800,LTCUSDT_PERP.A,1510178.892,1511281.993,1489658.277,1492159.834
1790686800,SOLUSDT_PERP.A,8294857.26,8391163.87,8266946.71,8356124.58
1790686800,XLMUSDT_PERP.A,283687095,283687095,279698534,281004762
1790686800,XRPUSDT_PERP.A,322907564,326634108.7,322473025.7,325822739.4
1790686800,XTZUSDT_PERP.A,14159673.1,14188010.2,14086789.9,14096166.1
1790690400,1000SHIBUSDT_PERP.A,4754959081,4805133832,4754521621,4794134620
1790690400,AAVEUSDT_PERP.A,486120,503722.2,485322.1,503476.3
1790690400,ADAUSDT_PERP.A,395968398,398876726,395069931,398336348
1790690400,AVAXUSDT_PERP.A,11445137,11450771,11332984,11388015
1790690400,BCHUSDT_PERP.A,370935.808,370973.263,370407.827,370666.818
1790690400,BTCUSDT_PERP.A,93137.623,93166.426,92986.773,93046.424
1790690400,DOGEUSDT_PERP.A,3038019953,3072145236,3034876134,3068794319
1790690400,DOTUSDT_PERP.A,31568405.7,31569912,31434692.4,31508275.5
1790690400,ETHUSDT_PERP.A,2338500.42,2338624.413,2327076.642,2328370.143
1790690400,HBARUSDT_PERP.A,471640766,471875610,466311575,470373126
1790690400,LINKUSDT_PERP.A,10354703.69,10354703.69,10275965.46,10295284.51
1790690400,LTCUSDT_PERP.A,1492136.651,1493271.696,1487706.646,1493220.66
1790690400,SOLUSDT_PERP.A,8356340.55,8356990.04,8324010.97,8349630.42
1790690400,XLMUSDT_PERP.A,281035481,281035481,273481102,273525232
1790690400,XRPUSDT_PERP.A,325867695.1,326436533.7,323971269.1,324286654.2
1790690400,XTZUSDT_PERP.A,14096166.1,14100125.7,14043814.7,14066636.9
1790694000,1000SHIBUSDT_PERP.A,4794013113,4795861267,4763374238,4766167648
1790694000,AAVEUSDT_PERP.A,503493.4,506191.5,500248.6,500248.6
1790694000,ADAUSDT_PERP.A,398329241,399260307,395518995,395532245
1790694000,AVAXUSDT_PERP.A,11388286,11404341,11126496,11128656
1790694000,BCHUSDT_PERP.A,370665.308,370667.576,369236.921,370288.497
1790694000,BTCUSDT_PERP.A,93051.311,93710.924,92863.536,93107.016
1790694000,DOGEUSDT_PERP.A,3068808731,3068808731,3032767657,3038508095
1790694000,DOTUSDT_PERP.A,31508809.7,31508809.7,31198534.7,31198534.7
1790694000,ETHUSDT_PERP.A,2328063.909,2328081.93,2279256.295,2281511.191
1790694000,HBARUSDT_PERP.A,470418105,470603789,466288919,466661469
1790694000,LINKUSDT_PERP.A,10295223.77,10295880.75,10098366.72,10116706.82
1790694000,LTCUSDT_PERP.A,1493213.699,1493213.699,1472442.804,1472483.661
1790694000,SOLUSDT_PERP.A,8349614.29,8349720.24,8238166.44,8269024.65
1790694000,XLMUSDT_PERP.A,273529596,273532208,264889602,264973662
1790694000,XRPUSDT_PERP.A,324291335.1,324336028.6,321022569.5,323537467.7
1790694000,XTZUSDT_PERP.A,14066634.8,14070708,13993458.5,14011518.4
1790697600,1000SHIBUSDT_PERP.A,4766167648,4799530893,4764569899,4799165997
1790697600,AAVEUSDT_PERP.A,500334.7,501841.7,498108.7,499249.1
1790697600,ADAUSDT_PERP.A,395546810,397146527,393832974,394109697
1790697600,AVAXUSDT_PERP.A,11128175,11167636,10875208,10879145
1790697600,BCHUSDT_PERP.A,370296.858,370908.382,370288.794,370662.191
1790697600,BTCUSDT_PERP.A,93109.585,93490.535,93097.466,93386.052
1790697600,DOGEUSDT_PERP.A,3038521844,3043061009,3028808474,3035202468
1790697600,DOTUSDT_PERP.A,31194586,31322503.5,31145061.6,31147677.4
1790697600,ETHUSDT_PERP.A,2281503.81,2285462.383,2278865.254,2285363.731
1790697600,HBARUSDT_PERP.A,466661469,510454011,460570317,505270499
1790697600,LINKUSDT_PERP.A,10115770.71,10120706.77,10007558.24,10013302.9
1790697600,LTCUSDT_PERP.A,1472475.389,1473346.451,1469889.833,1471262.608
1790697600,SOLUSDT_PERP.A,8268978.56,8306256.53,8266525.4,8305092.72
1790697600,XLMUSDT_PERP.A,264973324,265510640,262347864,262347864
1790697600,XRPUSDT_PERP.A,323537137.8,324181813.6,318132998.7,318339094.6
1790697600,XTZUSDT_PERP.A,14012191,14092740.6,14000389.7,14032939.2
1790701200,1000SHIBUSDT_PERP.A,4799118789,4808577893,4785649063,4785654254
1790701200,AAVEUSDT_PERP.A,499382.5,502864.4,499287.3,502774.3
1790701200,ADAUSDT_PERP.A,394144462,394150813,388126973,388323093
1790701200,AVAXUSDT_PERP.A,10879240,10882188,10815282,10835457
1790701200,BCHUSDT_PERP.A,370466.07,370466.57,367406.926,368920.198
1790701200,BTCUSDT_PERP.A,93385.772,93471.712,93259.422,93299.623
1790701200,DOGEUSDT_PERP.A,3035169460,3039133896,3023016853,3027940634
1790701200,DOTUSDT_PERP.A,31147106.4,31200201,31042338.3,31106617.9
1790701200,ETHUSDT_PERP.A,2285434.491,2290039.315,2284879.6,2289125.378
1790701200,HBARUSDT_PERP.A,505220843,506490273,483835272,494311808
1790701200,LINKUSDT_PERP.A,10013008.5,10013740.49,9834598.34,9835163.24
1790701200,LTCUSDT_PERP.A,1471484.779,1471661.326,1457628.524,1459712.405
1790701200,SOLUSDT_PERP.A,8305213.74,8307355.27,8289735.93,8294064.95
1790701200,XLMUSDT_PERP.A,262349372,262371372,260198172,260226849
1790701200,XRPUSDT_PERP.A,318358219.5,318549972.1,316250297,316587988.4
1790701200,XTZUSDT_PERP.A,14032876.9,14042759.7,13990692.8,13992570.1
1790704800,1000SHIBUSDT_PERP.A,4787074563,4789274106,4759171545,4764207125
1790704800,AAVEUSDT_PERP.A,502221.7,502221.7,496360.1,496360.1
1790704800,ADAUSDT_PERP.A,388226427,388226427,385354215,386077927
1790704800,AVAXUSDT_PERP.A,10837777,10965918,10837385,10923426
1790704800,BCHUSDT_PERP.A,368912.271,369216.616,368524.216,368894.988
1790704800,BTCUSDT_PERP.A,93298.01,93387.719,93134.524,93134.957
1790704800,DOGEUSDT_PERP.A,3028317565,3043708167,3017204219,3043708167
1790704800,DOTUSDT_PERP.A,31104014.4,31182791,31030635.5,31177260.4
1790704800,ETHUSDT_PERP.A,2289212.609,2289792.217,2279615.027,2282049.448
1790704800,HBARUSDT_PERP.A,493956218,493956218,485128993,485741311
1790704800,LINKUSDT_PERP.A,9836146.36,9837772.65,9790815.18,9818442.15
1790704800,LTCUSDT_PERP.A,1459738.289,1460622.026,1457026.909,1457485.892
1790704800,SOLUSDT_PERP.A,8293869.64,8293869.64,8217018.56,8217019.68
1790704800,XLMUSDT_PERP.A,260234587,261200819,260000260,261017224
1790704800,XRPUSDT_PERP.A,316713024.5,316891008.4,313858254.2,313872534.3
1790704800,XTZUSDT_PERP.A,13993449.3,14017084.2,13987465.8,14017084.2
1790708400,1000SHIBUSDT_PERP.A,4765286473,4769159794,4760293074,4762146259
1790708400,AAVEUSDT_PERP.A,496358.6,497024,493393.8,493665.1
1790708400,ADAUSDT_PERP.A,386064701,387736019,385647018,387229247
1790708400,AVAXUSDT_PERP.A,10923331,10924311,10845037,10852640
1790708400,BCHUSDT_PERP.A,368942.274,369201.399,368334.916,368378.587
1790708400,BTCUSDT_PERP.A,93137.401,93190.419,92539.663,92539.663
1790708400,DOGEUSDT_PERP.A,3043703042,3052088525,3043509244,3050524075
1790708400,DOTUSDT_PERP.A,31178688.7,31244586.5,31178203.4,31231962.7
1790708400,ETHUSDT_PERP.A,2282220.962,2283045.443,2272448.423,2277205.505
1790708400,HBARUSDT_PERP.A,485712901,488122719,481862161,483495765
1790708400,LINKUSDT_PERP.A,9818175.18,9821412.16,9764289.76,9764625.03
1790708400,LTCUSDT_PERP.A,1457560.703,1459788.659,1452388.35,1452438.529
1790708400,SOLUSDT_PERP.A,8219820.85,8224358.64,8189979.03,8195216.64
1790708400,XLMUSDT_PERP.A,261033945,261516022,260556170,260817293
1790708400,XRPUSDT_PERP.A,313880725.3,314090238.5,312723026.7,312957909.2
1790708400,XTZUSDT_PERP.A,14017067.9,14056396.9,14017067.9,14056377.5
1790712000,1000SHIBUSDT_PERP.A,4762248364,4778552852,4748567787,4769812554
1790712000,AAVEUSDT_PERP.A,493747.4,494910.8,493412.9,493419.7
1790712000,ADAUSDT_PERP.A,387240835,387907791,386962729,387876915
1790712000,AVAXUSDT_PERP.A,10852784,10880005,10824595,10828638
1790712000,BCHUSDT_PERP.A,368382.768,368666.043,368279.519,368489.212
1790712000,BTCUSDT_PERP.A,92542.623,92603.664,92528.51,92574.622
1790712000,DOGEUSDT_PERP.A,3051477861,3052344454,3040252987,3040358420
1790712000,DOTUSDT_PERP.A,31232785.4,31234819.1,31001521.6,31058318.2
1790712000,ETHUSDT_PERP.A,2277262.221,2278304.221,2275756.398,2276274.81
1790712000,HBARUSDT_PERP.A,483290172,484932630,478063981,478248515
1790712000,LINKUSDT_PERP.A,9764484.03,9765749.29,9733594.43,9735838.92
1790712000,LTCUSDT_PERP.A,1452562.369,1454652.875,1452112.775,1452887.89
1790712000,SOLUSDT_PERP.A,8193187.28,8197695.28,8188479.17,8188479.17
1790712000,XLMUSDT_PERP.A,260705242,263471622,260081486,263442110
1790712000,XRPUSDT_PERP.A,312971152.2,313096231.2,311791079.2,311791079.2
1790712000,XTZUSDT_PERP.A,14056409.7,14069584.1,14052549,14059412.9
1790715600,1000SHIBUSDT_PERP.A,4769689184,4773489148,4747015242,4747266070
1790715600,AAVEUSDT_PERP.A,493405.7,502111.2,493373.4,502100.2
1790715600,ADAUSDT_PERP.A,387885745,388228239,387455831,387551525
1790715600,AVAXUSDT_PERP.A,10827790,10838100,10723937,10754053
1790715600,BCHUSDT_PERP.A,368507.372,371305.176,367423.147,370931.297
1790715600,BTCUSDT_PERP.A,92574.069,92688.704,92423.132,92688.704
1790715600,DOGEUSDT_PERP.A,3040306148,3040840843,3029902611,3030271792
1790715600,DOTUSDT_PERP.A,31057539.6,31064787.1,31029367.9,31049313.2
1790715600,ETHUSDT_PERP.A,2276278.086,2276672.822,2265972.121,2266199.086
1790715600,HBARUSDT_PERP.A,478232733,479399533,476134733,476830097
1790715600,LINKUSDT_PERP.A,9735517.07,9744449.51,9715350.41,9716796.62
1790715600,LTCUSDT_PERP.A,1452884.083,1452923.235,1449343.875,1449439.179
1790715600,SOLUSDT_PERP.A,8188130.7,8188833.79,8126418.51,8129783.11
1790715600,XLMUSDT_PERP.A,263442152,264033992,263045110,263073845
1790715600,XRPUSDT_PERP.A,311790466.1,311919277.9,310323072,310414464.9
1790715600,XTZUSDT_PERP.A,14059498.8,14060226.3,14007752.9,14014623.1
1790719200,1000SHIBUSDT_PERP.A,4747267458,4747846677,4738761379,4746142410
1790719200,AAVEUSDT_PERP.A,502046.1,502157.7,497547.8,497667.2
1790719200,ADAUSDT_PERP.A,387547988,388122867,387488072,387695003
1790719200,AVAXUSDT_PERP.A,10754067,10791319,10735696,10766089
1790719200,BCHUSDT_PERP.A,370967.211,371431.453,370308.55,370597.185
1790719200,BTCUSDT_PERP.A,92688.675,92778.731,92611.869,92750.262
1790719200,DOGEUSDT_PERP.A,3030244993,3047526106,3030150486,3047427739
1790719200,DOTUSDT_PERP.A,31049385.3,31120499.9,31048214.8,31092692.3
1790719200,ETHUSDT_PERP.A,2266201.759,2266319.453,2257792.949,2257792.949
1790719200,HBARUSDT_PERP.A,476850594,476954765,472302696,476134768
1790719200,LINKUSDT_PERP.A,9716164.41,9728299.96,9712390.44,9726909.87
1790719200,LTCUSDT_PERP.A,1449561.975,1452439.892,1449379.751,1452433.041
1790719200,SOLUSDT_PERP.A,8129778.18,8182419.6,8129778.18,8174843.55
1790719200,XLMUSDT_PERP.A,263060259,263800979,262442791,262488374
1790719200,XRPUSDT_PERP.A,310407501.6,311744316.5,310397411.3,310674026.7
1790719200,XTZUSDT_PERP.A,14014623.1,14019331.6,13979797.6,13980313.7
1790722800,1000SHIBUSDT_PERP.A,4746405318,4752264247,4729765013,4730176912
1790722800,AAVEUSDT_PERP.A,497723.9,497727.6,494269.8,495048.9
1790722800,ADAUSDT_PERP.A,387692292,389328967,387189870,387191013
1790722800,AVAXUSDT_PERP.A,10765977,10804812,10761806,10777979
1790722800,BCHUSDT_PERP.A,370595.674,371158.289,370595.674,370829.171
1790722800,BTCUSDT_PERP.A,92748.499,92748.499,92426.335,92467.475
1790722800,DOGEUSDT_PERP.A,3047408123,3050938854,3043818282,3044749483
1790722800,DOTUSDT_PERP.A,31092694.4,31132982.9,31081483.9,31087707.6
1790722800,ETHUSDT_PERP.A,2257779.359,2259210.053,2255478.743,2258971.227
1790722800,HBARUSDT_PERP.A,476133020,476251180,471579017,475180673
1790722800,LINKUSDT_PERP.A,9726898.25,9734122.41,9673614.41,9673614.41
1790722800,LTCUSDT_PERP.A,1452475.237,1454914.555,1452216.913,1454914.555
1790722800,SOLUSDT_PERP.A,8174647.74,8184968.4,8148403.67,8149246.1
1790722800,XLMUSDT_PERP.A,262487317,263159047,261560563,261693911
1790722800,XRPUSDT_PERP.A,310665490.9,312382448.3,310649710.7,312355624.5
1790722800,XTZUSDT_PERP.A,13980313.7,14011796,13974739.5,14006491.9
