n,avg,win,t,train,test,worst,param,value,is_default
1987,0.9866824731761352,49.92450931051837,3.5024166486098824,0.8227121233804275,1.1309515605082148,-35.540185173377225,OI drop 24h,-0.04,False
1314,1.3325274311795896,51.82648401826484,3.619139389056777,0.8979080369615147,1.7738127670267767,-33.31872848402463,OI drop 24h,-0.06,False
855,1.7996644456280437,51.81286549707602,3.6328450287035694,0.8581984699097404,3.05153201007091,-33.31872848402463,OI drop 24h,-0.08,True
564,1.4822435025698462,50.35460992907801,2.329069028447836,0.73613586418774,2.6147283108284,-27.546549752577278,OI drop 24h,-0.1,False
398,1.770414818883543,51.256281407035175,2.123506747322406,0.3843337215502151,3.920617546798065,-25.051906520620648,OI drop 24h,-0.12,False
246,1.8138078583580401,50.0,1.8143186023469124,0.11670551844342797,4.2502419107107015,-24.77777606106311,OI drop 24h,-0.15,False
634,2.01530078011381,53.31230283911672,3.464881916336402,0.7919406827309372,3.4850320082196227,-33.31872848402463,crowd pct below,0.2,False
738,2.0375704796376426,53.387533875338754,3.7638291169965674,0.837888185046446,3.596036264200037,-33.31872848402463,crowd pct below,0.25,False
855,1.7996644456280437,51.81286549707602,3.6328450287035694,0.8581984699097404,3.05153201007091,-33.31872848402463,crowd pct below,0.3,True
954,1.5514044431303353,50.62893081761006,3.3511816597831032,0.7652549553827848,2.607973902093259,-33.31872848402463,crowd pct below,0.35,False
1052,1.5375737353865953,50.85551330798479,3.5331201423962044,0.8843660992019862,2.3913275756629706,-33.31872848402463,crowd pct below,0.4,False
1219,1.346779762905099,50.61525840853158,3.412271709468062,0.8115549603956662,2.0425720061673616,-33.31872848402463,crowd pct below,0.5,False
1023,1.1430141784901435,51.31964809384164,3.804747822609127,0.8182764070353538,1.5784748971915321,-26.29865411837543,hold (bars),9.0,False
955,1.4269097542266242,51.09947643979058,3.5798597098210156,0.886058430231383,2.1582579731265925,-35.15431013659449,hold (bars),12.0,False
906,1.411017674978864,51.10375275938189,3.3082822660693942,0.6643797461117339,2.412322804389822,-33.68636200160384,hold (bars),15.0,False
855,1.7996644456280437,51.81286549707602,3.6328450287035694,0.8581984699097404,3.05153201007091,-33.31872848402463,hold (bars),18.0,True
823,1.7746513834875373,51.76184690157959,3.3202516228844123,1.0350191718019324,2.754559596144454,-27.368184295478226,hold (bars),21.0,False
790,1.6069733810900433,51.01265822784811,3.2036291188621693,1.114116509422245,2.2492679048087196,-27.057418078754953,hold (bars),24.0,False
748,1.850797573945426,49.465240641711226,2.962691190021413,0.9361936897571816,3.0155970495529467,-32.56008560100271,hold (bars),30.0,False
