t,o,h,l,c,v,bv,sv,sbv,oi,fund,liq_l,liq_s,ls
1790647200,0.09264,0.09286,0.09175,0.09224,296437325,138167186,45477702,19508180,3056344668,0.002853,752236,205,2.5855
1790650800,0.09224,0.09339,0.0921,0.09308,197846543,105695140,26556936,13452629,3051234647,0.002853,0,131769,2.5881
1790654400,0.09308,0.09342,0.09263,0.09304,118274793,54028483,17982436,7582106,3054049269,0.002853,1384,0,2.5511
1790658000,0.09304,0.09387,0.09258,0.09381,161145416,83011827,25449680,13651552,3050420426,0.002853,132663,213041,2.5511
1790661600,0.09381,0.09483,0.09378,0.09471,206624530,94450890,27960844,15556700,3050758541,0.002853,5030,494658,2.5411
1790665200,0.09471,0.09526,0.09442,0.09502,238139268,123603975,31059769,15072672,3054133812,0.002853,13,12546,2.4686
1790668800,0.09503,0.09549,0.09439,0.09496,245546585,114566635,41145101,13092939,3058603059,0.01,26076,584783,2.4614
1790672400,0.09497,0.09589,0.0947,0.09552,193875624,105113348,41328371,19296336,3047276385,0.01,211,154949,2.4566
1790676000,0.09553,0.09559,0.09481,0.09498,115868581,50540205,18529370,7128499,3049713213,0.01,0,42,2.4578
1790679600,0.09499,0.09601,0.09482,0.09571,196780513,101838065,22671280,11200510,3048698834,0.01,0,1438295,2.488
1790683200,0.09571,0.09635,0.0955,0.09586,256347196,118370499,35812800,17808764,3044545126,0.01,9648,2724277,2.3772
1790686800,0.09586,0.0963,0.09544,0.09579,233421444,122906869,25985292,11078265,3038306677,0.01,8490,8340,2.4002
1790690400,0.09579,0.09605,0.09508,0.09548,337714361,182960748,33089809,15476754,3068794319,0.01,103773,1730,2.3887
1790694000,0.09548,0.09548,0.0932,0.09369,564716074,259023406,59274719,25382542,3038508095,0.01,2742422,0,2.3818
1790697600,0.09369,0.09429,0.0928,0.09329,353962052,165885699,37027471,14491342,3035202468,0.01,2839212,7754,2.4868
1790701200,0.09328,0.09366,0.09268,0.0932,224466611,100537791,30062170,17874918,3027940634,0.01,21647,0,2.4758
1790704800,0.0932,0.09431,0.0932,0.09412,247209885,129207742,27363241,12309267,3043708167,0.01,0,169873,2.465
1790708400,0.09412,0.09437,0.09349,0.09363,140459105,69591718,20405253,10072548,3050524075,0.01,17382,1210,2.4614
1790712000,0.09363,0.09427,0.09335,0.094,99025341,47580089,10370391,5395282,3040358420,0.01,,,2.4674
1790715600,0.09399,0.0942,0.09366,0.09407,91746291,43640720,15077796,8997812,3030271792,0.01,114,0,2.4795
1790719200,0.09407,0.09445,0.09378,0.09398,105687612,49916793,16090518,9015550,3047427739,0.01,253,56815,2.459
1790722800,0.09399,0.09445,0.09358,0.09385,93018880,48143598,9606673,4632405,3044749483,0.01,218423,10660,2.4698
1790726400,0.09385,0.09394,0.09324,0.0936,104924906,55817849,14473517,4663394,3046833268,0.008708,71583,0,2.4819
1790730000,0.09359,0.0943,0.0935,0.09393,131695172,61897340,15615019,9514446,3049178241,0.008708,0,1154,2.4783
1790733600,0.09393,0.09437,0.09362,0.09386,102826253,56762314,13555081,6836396,3044699617,0.008708,1709,0,2.4734
1790737200,0.09386,0.09396,0.09304,0.09335,177022728,74511476,23130406,11952329,3040874397,0.008708,98902,0,2.4771
1790740800,0.09334,0.0939,0.0933,0.09333,106236734,54660652,21152590,9421233,3049260714,0.008708,,,2.488
1790744400,0.09334,0.09413,0.09326,0.09391,130468082,76156273,22367740,14377063,3046369551,0.008708,0,7253,2.4843
1790748000,0.09392,0.09411,0.09281,0.09298,218863639,95031091,22261898,11951880,3049406327,0.008708,658004,0,2.4614
1790751600,0.09298,0.09408,0.09286,0.09374,192608723,88677143,22010412,9971064,3034955170,0.008708,0,7353,2.5014
1790755200,0.09373,0.09379,0.09327,0.09359,122965574,62104356,19221909,10547519,3039043499,0.008316,119510,0,2.459
1790758800,0.09359,0.09468,0.09352,0.09423,206889262,113906502,31760432,17266261,3055045192,0.008316,0,275796,2.4758
1790762400,0.09423,0.09544,0.09417,0.09537,449081054,280992117,46963793,23935465,3039503151,0.008316,0,269438,2.6179
1790766000,0.09536,0.09664,0.09495,0.0958,453470742,244847193,93398353,41085031,3019153964,0.008316,0,1059304,2.4626
1790769600,0.0958,0.09781,0.09551,0.09729,586710860,310628736,101374489,61759622,3012772357,0.008316,210,3195795,2.3921
1790773200,0.0973,0.09815,0.09556,0.09623,704745460,320892728,129718191,57877052,3042330674,0.008316,1319939,216480,2.4037
1790776800,0.09624,0.09655,0.09417,0.09473,727835894,339509729,95446344,42709431,3035752030,0.008316,4677310,71171,2.5125
1790780400,0.09473,0.09561,0.09407,0.09534,348143847,157554208,49550768,24380595,3014567279,0.008316,87360,69470,2.5984
1790784000,0.09533,0.09578,0.09482,0.09521,222349635,94214312,27724303,15134329,3036148862,0.01,52092,9581,2.6193
1790787600,0.09521,0.09547,0.09418,0.09437,195534394,96894793,22796243,9797066,3018012696,0.01,257643,57,2.6603
1790791200,0.09438,0.0945,0.09365,0.09412,257477374,117483556,21447465,12368020,3006706377,0.01,1601625,0,2.6765
1790794800,0.09413,0.09438,0.0935,0.09399,168881833,82979441,19345098,10419936,2982841920,0.01,447647,0,2.6523
1790798400,0.09399,0.09472,0.09392,0.09437,127639495,62042197,12378732,6764091,2978871154,0.01,100,1860,2.6643
1790802000,0.09438,0.09462,0.0941,0.09423,66981569,37019143,12430425,6558768,2970609747,0.01,75031,0,2.6443
1790805600,0.09424,0.09481,0.09391,0.09444,71697628,32277920,10885745,5319916,2965433715,0.01,4333,846160,2.639
1790809200,0.09444,0.09478,0.09432,0.0945,91195248,47742153,12287319,7659391,2972412215,0.01,,,2.6684
1790812800,0.0945,0.09465,0.09417,0.09449,101992457,47377796,12783521,6480133,2975457484,0.004793,98,0,2.6657
1790816400,0.0945,0.09535,0.09449,0.09469,124453959,66602726,23238699,9824055,2971317076,0.004793,53681,83192,2.6738
1790820000,0.09469,0.09536,0.09453,0.09521,117989016,58517689,12362813,6199692,2978694818,0.004793,,,2.6724
1790823600,0.09521,0.09576,0.09482,0.09573,148267089,89293900,25137015,13439625,2983233978,0.004793,0,422711,2.6738
1790827200,0.09573,0.09608,0.09536,0.09573,119178615,52648030,17312167,9860824,2980060118,0.004793,0,35479,2.8153
1790830800,0.09573,0.09607,0.09566,0.09582,91017459,45295698,10393063,5948176,2977988718,0.004793,10000,0,2.758
1790834400,0.09582,0.09594,0.09542,0.09575,113262439,47138463,15250938,7894581,2979835447,0.004793,0,162,2.7538
1790838000,0.09575,0.09598,0.09403,0.09424,391077214,174960976,54110571,20572809,2974572597,0.004793,1446329,0,2.7481
1790841600,0.09424,0.09449,0.09376,0.09441,246501654,112549500,34775890,15923456,3009504378,0.01,772629,13517,2.8926
1790845200,0.09441,0.09474,0.09422,0.09434,151362337,70525456,12958806,7339785,3011130297,0.01,,,2.9185
1790848800,0.09434,0.09496,0.09341,0.09475,312320358,148726739,35362563,20343554,3014773140,0.01,597452,14669,2.9324
1790852400,0.09475,0.09508,0.09439,0.09493,147896943,76899259,18206617,8333733,3014036183,0.01,1201,181373,2.8775
1790856000,0.09494,0.09506,0.09425,0.09447,191382197,96022718,19665386,9571857,2994308372,0.01,,,2.8565
1790859600,0.09447,0.0949,0.09368,0.09465,366828154,177501643,31062747,16375448,2998389156,0.01,137109,10626,2.8625
1790863200,0.09464,0.09487,0.09378,0.09412,293038563,148412025,41691859,17608508,2992751417,0.01,26949,23133,2.8447
1790866800,0.09412,0.09485,0.09353,0.09428,319791004,161285679,43506936,23086677,2969309999,0.01,139975,14922,2.7951
1790870400,0.09428,0.09463,0.09356,0.09375,204631435,115300926,23469920,13157696,2963184395,0.007267,1208,0,2.7879
1790874000,0.09375,0.09528,0.09375,0.0949,304086850,151749589,35530508,20868303,2954920763,0.007267,55,166193,2.7965
1790877600,0.09489,0.09545,0.09466,0.09496,190534197,93902490,17817272,10087633,2964977144,0.007267,99,11296,2.7453
1790881200,0.09497,0.09519,0.09424,0.09481,149547552,62851622,13821580,6157649,2967980014,0.007267,50216,0,2.7566
1790884800,0.09481,0.095,0.09447,0.09455,91923136,40079210,9454752,4879966,2972475414,0.007267,,,2.7864
1790888400,0.09455,0.09462,0.09373,0.09396,187457194,97369669,19789446,8913158,2966477279,0.007267,265620,0,2.8052
1790892000,0.09396,0.09439,0.0938,0.09415,96062704,47029467,10723831,6658069,2981574107,0.007267,,,2.8285
1790895600,0.09414,0.09437,0.09399,0.09433,77739823,32078586,4923450,2704759,2987734668,0.007267,,,2.8432
1790899200,0.09433,0.09449,0.09396,0.09403,74034733,31591930,9257882,4993310,2989017581,0.01,,,2.8402
1790902800,0.09403,0.0941,0.09311,0.09382,303491172,118751612,50318973,13208620,3049042756,0.01,1410602,1780,2.8521
1790906400,0.09382,0.0943,0.09357,0.09427,163797062,74916465,20044292,13452784,3044947328,0.01,10353,67996,2.8521
1790910000,0.09427,0.09486,0.09414,0.09476,254669221,169263537,26391626,16184563,3019883105,0.01,3601,45292,2.8314
1790913600,0.09477,0.09704,0.09464,0.09673,550504768,265864282,92281605,44803814,3019216122,0.01,86335,1254973,2.7566
1790917200,0.09673,0.09677,0.09547,0.09581,227530505,106330504,47715502,21239548,3023842338,0.01,182241,0,2.5971
1790920800,0.09581,0.09625,0.09571,0.09584,151243026,82871792,25751131,13172964,3019876449,0.01,7574,0,2.6232
1790924400,0.09584,0.09656,0.09538,0.09644,186237206,84073660,30655129,13922947,3005049737,0.01,529859,2531,2.6284
1790928000,0.09644,0.09799,0.0963,0.0971,551665917,340128431,73010015,37069589,3116370699,0.01,0,589979,2.6284
1790931600,0.0971,0.09747,0.09655,0.09694,391029852,144407480,41831914,18651508,3030820753,0.01,11802,0,2.4305
1790935200,0.09694,0.09703,0.09632,0.09659,135243399,58102141,27843402,10900783,3040855995,0.01,2077,113358,2.4855
1790938800,0.09659,0.09694,0.09648,0.09649,109495067,59789910,15161292,7147655,3031618335,0.01,57,1088,2.4916
1790942400,0.0965,0.09759,0.09612,0.09713,377087553,185571302,70871229,42388930,3028229770,0.01,42866,55637,2.5051
1790946000,0.09713,0.09773,0.09647,0.09659,234758872,106351844,39823630,19189891,3043786520,0.01,23116,180314,2.5186
1790949600,0.09659,0.09703,0.09456,0.09538,530185873,239321885,91061702,34512826,3042599335,0.01,10410823,0,2.5186
1790953200,0.09539,0.09552,0.0947,0.09507,285164521,141677013,34184180,17060558,3016082535,0.01,230015,0,2.6075
1790956800,0.09507,0.09549,0.09465,0.09496,188773397,91119238,27973102,15472119,3027160905,0.01,276594,0,2.6417
1790960400,0.09496,0.09516,0.09411,0.09446,194070329,82267020,24170132,12503805,3020419706,0.01,430658,0,2.6523
1790964000,0.09446,0.0946,0.09014,0.09104,1078094470,441472754,195827122,97487435,2977189437,0.01,46320470,0,2.6805
1790967600,0.09103,0.09162,0.09058,0.09143,283716231,147668133,61097502,35750561,2986911083,0.01,28892,5838,3
1790971200,0.09142,0.09177,0.09113,0.09124,203162121,105774927,51475751,31266430,2987213509,0.01,,,2.9339
1790974800,0.09124,0.09213,0.09122,0.09208,144883659,80345822,23377386,14945298,2988865611,0.01,553,21174,2.8941
1790978400,0.09208,0.0925,0.09177,0.09239,159795747,86833724,26194945,17126415,2982602212,0.01,0,10709,2.8805
1790982000,0.09239,0.09301,0.09229,0.09289,130234936,59979073,19863623,12170780,2975533232,0.01,0,971,2.8212
1790985600,0.0929,0.09351,0.09277,0.09327,245775436,115471297,31073900,13193036,2956276186,-0.004537,824,172922,2.7566
1790989200,0.09326,0.09362,0.09307,0.09313,116744939,67634211,14620297,8412059,2959702943,-0.004537,,,2.7147
1790992800,0.09312,0.09335,0.09295,0.093,92948172,49504429,9264544,5639737,2958194967,-0.004537,282,2883,2.6887
1790996400,0.09299,0.0933,0.09287,0.09327,76161820,40413424,9519826,4252707,2955105561,-0.004537,14,0,2.6792
1791000000,0.09326,0.09328,0.09274,0.09291,90525890,39797406,14956270,5385979,2952560738,-0.004537,4303,0,2.667
1791003600,0.09291,0.09322,0.09284,0.09296,66368397,35308505,8373869,4668865,2953377141,-0.004537,,,2.6496
1791007200,0.09296,0.09309,0.09278,0.09293,56796397,25276699,9984248,6682506,2954814803,-0.004537,,,2.6751
1791010800,0.09293,0.09293,0.09252,0.09262,72957224,32227701,7708448,3766437,2953277250,-0.004537,4412,0,2.6711
1791014400,0.09263,0.09273,0.09238,0.09248,112963427,54689585,20855502,10907222,2956734257,0.01,58757,0,2.6563
1791018000,0.09247,0.09284,0.09247,0.09272,93159589,45489116,12610172,5077278,2967044010,0.01,,,2.6576
1791021600,0.09272,0.09292,0.09271,0.09282,79588181,43408561,11627163,5017321,2977159894,0.01,,,2.6724
1791025200,0.09283,0.09288,0.09259,0.09272,79126697,37746268,7355472,4234246,2981506717,0.01,99,0,2.6846
1791028800,0.09271,0.09296,0.09251,0.09269,94834230,46180987,13755066,7701578,2983110975,0.01,,,2.6724
1791032400,0.09269,0.09287,0.09246,0.09285,60447939,34277329,8825118,4186108,2983729570,0.01,58364,22817,2.6778
1791036000,0.09285,0.09345,0.09263,0.0933,119697376,61135984,27168107,8239063,2982535993,0.01,165,52355,2.667
1791039600,0.09329,0.0933,0.09296,0.09308,106591106,52304421,14951796,8083828,2986026979,0.01,,,2.5829
1791043200,0.09308,0.09324,0.09287,0.09305,61046206,33112337,9870299,4763134,2989653214,0.003081,130,0,2.5714
1791046800,0.09304,0.09339,0.09303,0.09321,82837940,37705382,13190217,6918139,2983422192,0.003081,356126,0,2.5549
1791050400,0.09322,0.09329,0.09302,0.09314,64774255,30025987,7871102,3640693,2983887421,0.003081,54811,0,2.5524
1791054000,0.09313,0.09317,0.09299,0.09309,46556313,22253126,6250519,3782530,2979572522,0.003081,,,2.5499
1791057600,0.09309,0.09329,0.09308,0.09313,56139303,22182918,11610543,6242576,2974945450,0.003081,54,306,2.5524
1791061200,0.09314,0.09315,0.09278,0.09291,72305891,30784187,11902763,4396739,2976379265,0.003081,,,2.5575
1791064800,0.0929,0.09304,0.09265,0.09289,83913036,42657237,9961821,4148749,2982097951,0.003081,0,35650,2.5323
1791068400,0.09288,0.09291,0.09269,0.09276,63066016,28085834,6793918,3599864,2970186934,0.003081,,,2.5336
1791072000,0.09276,0.09312,0.09274,0.09284,90772046,43261858,11310944,6733164,2971301051,0.01,,,2.5051
1791075600,0.09285,0.09291,0.0926,0.09274,73363249,35694697,10855360,6768693,2976552500,0.01,9406,0,2.4892
1791079200,0.09274,0.09296,0.09261,0.0927,85958260,46154377,19003857,12054466,2998781202,0.01,,,2.4843
1791082800,0.09269,0.09285,0.09246,0.0926,77237408,36572857,13979103,7685859,3002662304,0.01,17612,0,2.4807
1791086400,0.0926,0.09269,0.09256,0.09268,33902793,16462571,6524718,3294333,3006790744,0.01,,,2.4868
1791090000,0.09268,0.09289,0.09264,0.09274,46001074,19873560,8519635,5576059,3009954709,0.01,,,2.488
1791093600,0.09274,0.09322,0.09269,0.09299,93974282,54139378,15935867,9077193,3017214289,0.01,107486,105,2.5002
1791097200,0.09299,0.09345,0.09292,0.09342,78239414,37557403,10140394,5664665,3021371229,0.01,0,10817,2.4843
1791100800,0.09343,0.0935,0.09305,0.09311,100791540,42261319,12941134,5290650,3022134956,-0.003261,3374,158,2.4819
1791104400,0.09311,0.0935,0.093,0.09336,72357831,35190977,9072434,5030917,3018982675,-0.003261,0,586929,2.4916
1791108000,0.09337,0.09359,0.09324,0.09331,85819418,39689274,20115184,14707702,3017767025,-0.003261,80,692,2.4807
1791111600,0.09331,0.09377,0.09327,0.09344,129980289,80807457,14905423,6822575,3040080848,-0.003261,0,1467,2.4819
1791115200,0.09344,0.09378,0.09333,0.09336,141444830,51190259,15051044,5650748,3046662629,-0.003261,0,146,2.4247
1791118800,0.09335,0.09376,0.09335,0.09353,65026883,31474318,9915712,5523220,3039710029,-0.003261,,,2.4141
1791122400,0.09353,0.09407,0.09335,0.09395,139475568,70720062,20480763,9962710,3033509796,-0.003261,11424,473669,2.391
1791126000,0.09395,0.09455,0.09394,0.09414,249639708,134313872,30367336,16612012,3039323632,-0.003261,0,140989,2.3956
1791129600,0.09414,0.09474,0.09401,0.09451,445000140,337741432,24966845,10984217,3083389791,0.01,0,43174,2.3829
1791133200,0.09451,0.09622,0.09451,0.09543,436234932,225555129,84972738,43522677,3102301678,0.01,0,1422365,2.3704
1791136800,0.09542,0.09568,0.09505,0.09509,155529384,61588456,26494488,11438345,3087080845,0.01,51185,0,2.3014
1791140400,0.09509,0.09575,0.09505,0.0954,112049546,58080947,27303564,13110915,3076393114,0.01,84000,111,2.3523
1791144000,0.09539,0.09583,0.09524,0.09583,154151166,77197643,30202241,16879276,3088673634,0.01,1011,0,2.3546
1791147600,0.09583,0.0976,0.09582,0.09632,469707535,241461637,81754754,43517879,3097455903,0.01,4286,1290004,2.3422
1791151200,0.09633,0.09709,0.09619,0.09633,334971653,160121426,43705478,16372971,3108620290,0.01,258,78714,2.3367
1791154800,0.09634,0.09649,0.0957,0.0959,208199966,88081863,43882715,22201261,3098746731,0.01,33732,0,2.3434
1791158400,0.09589,0.0964,0.09551,0.09635,208598003,116633513,25392613,9719718,3117734679,0.01,104012,68318,2.3647
1791162000,0.09634,0.09693,0.09602,0.09613,188931335,95976801,26769594,13227981,3121091206,0.01,2919,208965,2.3795
1791165600,0.09614,0.09682,0.09609,0.09618,141811781,79087512,21152118,9899726,3118202301,0.01,0,43420,2.3738
1791169200,0.09618,0.09643,0.09567,0.09584,184075054,79591927,42919788,18012458,3108042948,0.01,9700,0,2.3864
1791172800,0.09584,0.09596,0.09467,0.09518,312739145,133431687,35766847,15959150,3097290962,0.01,1796035,6,2.3738
1791176400,0.09517,0.09541,0.09485,0.09525,96966809,55292724,12559988,5767818,3100107535,0.01,,,2.4294
1791180000,0.09525,0.09627,0.09525,0.09602,147155160,86181450,16710458,8892716,3105389331,0.01,0,176327,2.4507
1791183600,0.09602,0.09677,0.09592,0.09655,209926436,112282971,29929153,14803489,3120598866,0.01,0,87285,2.4447
1791187200,0.09655,0.09718,0.09625,0.0967,271599356,156215642,46868585,26661474,3159116697,0.01,76453,150046,2.3289
1791190800,0.0967,0.09686,0.09607,0.09619,150759078,61168698,25573317,10499248,3157698854,0.01,78779,0,2.3014
1791194400,0.09619,0.09647,0.09592,0.09624,120423315,63195478,19099736,8876366,3148418708,0.01,,,2.2938
1791198000,0.09624,0.09648,0.09597,0.09627,100056324,50743715,14448225,6557919,3149088504,0.01,,,2.319
1791201600,0.09626,0.09627,0.09546,0.09558,159361050,65940220,30648423,14136120,3137690438,0.01,13432,0,2.33
1791205200,0.09558,0.09632,0.09558,0.09607,175409045,105558890,23461015,14048392,3149192939,0.01,53,15093,2.4831
1791208800,0.09608,0.0965,0.09377,0.09458,700332120,246600365,63722046,29382006,3064836607,0.01,4744101,1483,2.4904
1791212400,0.09457,0.09498,0.09423,0.09452,231428010,113256292,17955178,8685960,3049808963,0.01,2952,2176,2.6193
1791216000,0.09452,0.09476,0.09365,0.09446,360633493,151790504,24465427,11214642,3081047147,0.01,356704,0,2.601
1791219600,0.09446,0.09466,0.09415,0.09463,91584098,43018874,10486236,5208913,3069182484,0.01,0,1355,2.5997
1791223200,0.09464,0.09491,0.09459,0.09483,104422411,57876570,17700697,7633242,3057901039,0.01,62,769,2.6062
1791226800,0.09484,0.09551,0.09469,0.09544,182038029,118638472,16082798,8105702,3020467161,0.01,6530,75533,2.6873
1791230400,0.09544,0.09593,0.09536,0.0956,94091970,38930825,9236159,4274451,3017930562,0.01,0,75649,2.6114
1791234000,0.0956,0.09575,0.09545,0.09571,52214314,23460726,8651850,5335485,3010994162,0.01,,,2.655
1791237600,0.0957,0.09606,0.09559,0.09563,87583835,40083371,10431481,4845872,3010940601,0.01,0,7884,2.6443
1791241200,0.09562,0.09574,0.09534,0.09538,81485057,28545855,12533643,6539867,3012802357,0.01,52926,0,2.6403
1791244800,0.09539,0.09548,0.0951,0.09528,98286912,41077425,9766574,5461114,3017054210,0.01,38506,0,2.6311
1791248400,0.09528,0.09554,0.09469,0.09491,135972454,59216667,15662445,8783724,3018271727,0.01,25519,0,2.5855
