t,symbol,r,l,s
1790647200,1000SHIBUSDT_PERP.A,1.5056,60.09,39.91
1790647200,AAVEUSDT_PERP.A,1.784,64.08,35.92
1790647200,ADAUSDT_PERP.A,2.283,69.54,30.46
1790647200,AVAXUSDT_PERP.A,2.3456,70.11,29.89
1790647200,BCHUSDT_PERP.A,1.8433,64.83,35.17
1790647200,BTCUSDT_PERP.A,1.3866,58.1,41.9
1790647200,DOGEUSDT_PERP.A,2.5855,72.11,27.89
1790647200,DOTUSDT_PERP.A,1.8401,64.79,35.21
1790647200,ETHUSDT_PERP.A,2.6738,72.78,27.22
1790647200,HBARUSDT_PERP.A,1.3458,57.37,42.63
1790647200,LINKUSDT_PERP.A,1.8225,64.57,35.43
1790647200,LTCUSDT_PERP.A,2.3344,70.01,29.99
1790647200,SOLUSDT_PERP.A,1.8736,65.2,34.8
1790647200,XLMUSDT_PERP.A,1.8523,64.94,35.06
1790647200,XRPUSDT_PERP.A,2.6684,72.74,27.26
1790647200,XTZUSDT_PERP.A,1.129,53.03,46.97
1790650800,1000SHIBUSDT_PERP.A,1.4624,59.39,40.61
1790650800,AAVEUSDT_PERP.A,1.8217,64.56,35.44
1790650800,ADAUSDT_PERP.A,2.308,69.77,30.23
1790650800,AVAXUSDT_PERP.A,2.3602,70.24,29.76
1790650800,BCHUSDT_PERP.A,1.8297,64.66,35.34
1790650800,BTCUSDT_PERP.A,1.3929,58.21,41.79
1790650800,DOGEUSDT_PERP.A,2.5881,72.13,27.87
1790650800,DOTUSDT_PERP.A,1.8329,64.7,35.3
1790650800,ETHUSDT_PERP.A,2.7161,73.09,26.91
1790650800,HBARUSDT_PERP.A,1.3364,57.2,42.8
1790650800,LINKUSDT_PERP.A,1.8217,64.56,35.44
1790650800,LTCUSDT_PERP.A,2.758,73.39,26.61
1790650800,SOLUSDT_PERP.A,1.8571,65,35
1790650800,XLMUSDT_PERP.A,1.7832,64.07,35.93
1790650800,XRPUSDT_PERP.A,2.6563,72.65,27.35
1790650800,XTZUSDT_PERP.A,1.1204,52.84,47.16
1790654400,1000SHIBUSDT_PERP.A,1.4528,59.23,40.77
1790654400,AAVEUSDT_PERP.A,1.8571,65,35
1790654400,ADAUSDT_PERP.A,2.2765,69.48,30.52
1790654400,AVAXUSDT_PERP.A,2.3704,70.33,29.67
1790654400,BCHUSDT_PERP.A,1.809,64.4,35.6
1790654400,BTCUSDT_PERP.A,1.3952,58.25,41.75
1790654400,DOGEUSDT_PERP.A,2.5511,71.84,28.16
1790654400,DOTUSDT_PERP.A,1.8153,64.48,35.52
1790654400,ETHUSDT_PERP.A,2.7286,73.18,26.82
1790654400,HBARUSDT_PERP.A,1.3935,58.22,41.78
1790654400,LINKUSDT_PERP.A,1.8555,64.98,35.02
1790654400,LTCUSDT_PERP.A,2.7665,73.45,26.55
1790654400,SOLUSDT_PERP.A,1.8409,64.8,35.2
1790654400,XLMUSDT_PERP.A,1.7693,63.89,36.11
1790654400,XRPUSDT_PERP.A,2.5778,72.05,27.95
1790654400,XTZUSDT_PERP.A,1.1231,52.9,47.1
1790658000,1000SHIBUSDT_PERP.A,1.4414,59.04,40.96
1790658000,AAVEUSDT_PERP.A,1.8433,64.83,35.17
1790658000,ADAUSDT_PERP.A,2.2531,69.26,30.74
1790658000,AVAXUSDT_PERP.A,2.3807,70.42,29.58
1790658000,BCHUSDT_PERP.A,1.7933,64.2,35.8
1790658000,BTCUSDT_PERP.A,1.4015,58.36,41.64
1790658000,DOGEUSDT_PERP.A,2.5511,71.84,28.16
1790658000,DOTUSDT_PERP.A,1.8193,64.53,35.47
1790658000,ETHUSDT_PERP.A,2.7439,73.29,26.71
1790658000,HBARUSDT_PERP.A,1.4795,59.67,40.33
1790658000,LINKUSDT_PERP.A,1.9197,65.75,34.25
1790658000,LTCUSDT_PERP.A,2.7495,73.33,26.67
1790658000,SOLUSDT_PERP.A,1.8369,64.75,35.25
1790658000,XLMUSDT_PERP.A,1.764,63.82,36.18
1790658000,XRPUSDT_PERP.A,2.5088,71.5,28.5
1790658000,XTZUSDT_PERP.A,1.1336,53.13,46.87
1790661600,1000SHIBUSDT_PERP.A,1.448,59.15,40.85
1790661600,AAVEUSDT_PERP.A,1.7941,64.21,35.79
1790661600,ADAUSDT_PERP.A,2.2394,69.13,30.87
1790661600,AVAXUSDT_PERP.A,2.3807,70.42,29.58
1790661600,BCHUSDT_PERP.A,1.8201,64.54,35.46
1790661600,BTCUSDT_PERP.A,1.4166,58.62,41.38
1790661600,DOGEUSDT_PERP.A,2.5411,71.76,28.24
1790661600,DOTUSDT_PERP.A,1.8153,64.48,35.52
1790661600,ETHUSDT_PERP.A,2.7566,73.38,26.62
1790661600,HBARUSDT_PERP.A,1.5227,60.36,39.64
1790661600,LINKUSDT_PERP.A,1.9638,66.26,33.74
1790661600,LTCUSDT_PERP.A,2.427,70.82,29.18
1790661600,SOLUSDT_PERP.A,1.8409,64.8,35.2
1790661600,XLMUSDT_PERP.A,1.7871,64.12,35.88
1790661600,XRPUSDT_PERP.A,2.4928,71.37,28.63
1790661600,XTZUSDT_PERP.A,1.1272,52.99,47.01
1790665200,1000SHIBUSDT_PERP.A,1.4408,59.03,40.97
1790665200,AAVEUSDT_PERP.A,1.8571,65,35
1790665200,ADAUSDT_PERP.A,2.2082,68.83,31.17
1790665200,AVAXUSDT_PERP.A,2.391,70.51,29.49
1790665200,BCHUSDT_PERP.A,1.8169,64.5,35.5
1790665200,BTCUSDT_PERP.A,1.3321,57.12,42.88
1790665200,DOGEUSDT_PERP.A,2.4686,71.17,28.83
1790665200,DOTUSDT_PERP.A,1.8129,64.45,35.55
1790665200,ETHUSDT_PERP.A,2.5386,71.74,28.26
1790665200,HBARUSDT_PERP.A,1.495,59.92,40.08
1790665200,LINKUSDT_PERP.A,2.013,66.81,33.19
1790665200,LTCUSDT_PERP.A,2.4282,70.83,29.17
1790665200,SOLUSDT_PERP.A,1.8225,64.57,35.43
1790665200,XLMUSDT_PERP.A,1.7579,63.74,36.26
1790665200,XRPUSDT_PERP.A,2.459,71.09,28.91
1790665200,XTZUSDT_PERP.A,1.1418,53.31,46.69
1790668800,1000SHIBUSDT_PERP.A,1.4504,59.19,40.81
1790668800,AAVEUSDT_PERP.A,1.8217,64.56,35.44
1790668800,ADAUSDT_PERP.A,2.2031,68.78,31.22
1790668800,AVAXUSDT_PERP.A,2.4364,70.9,29.1
1790668800,BCHUSDT_PERP.A,1.8329,64.7,35.3
1790668800,BTCUSDT_PERP.A,1.2952,56.43,43.57
1790668800,DOGEUSDT_PERP.A,2.4614,71.11,28.89
1790668800,DOTUSDT_PERP.A,1.7747,63.96,36.04
1790668800,ETHUSDT_PERP.A,2.391,70.51,29.49
1790668800,HBARUSDT_PERP.A,1.5088,60.14,39.86
1790668800,LINKUSDT_PERP.A,2.013,66.81,33.19
1790668800,LTCUSDT_PERP.A,2.4614,71.11,28.89
1790668800,SOLUSDT_PERP.A,1.8409,64.8,35.2
1790668800,XLMUSDT_PERP.A,1.7824,64.06,35.94
1790668800,XRPUSDT_PERP.A,2.471,71.19,28.81
1790668800,XTZUSDT_PERP.A,1.157,53.64,46.36
1790672400,1000SHIBUSDT_PERP.A,1.4486,59.16,40.84
1790672400,AAVEUSDT_PERP.A,1.8098,64.41,35.59
1790672400,ADAUSDT_PERP.A,2.2206,68.95,31.05
1790672400,AVAXUSDT_PERP.A,2.4518,71.03,28.97
1790672400,BCHUSDT_PERP.A,1.891,65.41,34.59
1790672400,BTCUSDT_PERP.A,1.2584,55.72,44.28
1790672400,DOGEUSDT_PERP.A,2.4566,71.07,28.93
1790672400,DOTUSDT_PERP.A,1.8074,64.38,35.62
1790672400,ETHUSDT_PERP.A,2.3389,70.05,29.95
1790672400,HBARUSDT_PERP.A,1.5674,61.05,38.95
1790672400,LINKUSDT_PERP.A,1.9112,65.65,34.35
1790672400,LTCUSDT_PERP.A,2.4722,71.2,28.8
1790672400,SOLUSDT_PERP.A,1.7778,64,36
1790672400,XLMUSDT_PERP.A,1.8241,64.59,35.41
1790672400,XRPUSDT_PERP.A,2.42,70.76,29.24
1790672400,XTZUSDT_PERP.A,1.1772,54.07,45.93
1790676000,1000SHIBUSDT_PERP.A,1.445,59.1,40.9
1790676000,AAVEUSDT_PERP.A,1.8193,64.53,35.47
1790676000,ADAUSDT_PERP.A,2.23,69.04,30.96
1790676000,AVAXUSDT_PERP.A,2.5002,71.43,28.57
1790676000,BCHUSDT_PERP.A,1.9095,65.63,34.37
1790676000,BTCUSDT_PERP.A,1.2381,55.32,44.68
1790676000,DOGEUSDT_PERP.A,2.4578,71.08,28.92
1790676000,DOTUSDT_PERP.A,1.9104,65.64,34.36
1790676000,ETHUSDT_PERP.A,2.3058,69.75,30.25
1790676000,HBARUSDT_PERP.A,1.642,62.15,37.85
1790676000,LINKUSDT_PERP.A,1.8736,65.2,34.8
1790676000,LTCUSDT_PERP.A,2.4376,70.91,29.09
1790676000,SOLUSDT_PERP.A,1.7427,63.54,36.46
1790676000,XLMUSDT_PERP.A,1.8353,64.73,35.27
1790676000,XRPUSDT_PERP.A,2.4072,70.65,29.35
1790676000,XTZUSDT_PERP.A,1.1692,53.9,46.1
1790679600,1000SHIBUSDT_PERP.A,1.46,59.35,40.65
1790679600,AAVEUSDT_PERP.A,1.7871,64.12,35.88
1790679600,ADAUSDT_PERP.A,2.23,69.04,30.96
1790679600,AVAXUSDT_PERP.A,2.5063,71.48,28.52
1790679600,BCHUSDT_PERP.A,1.8506,64.92,35.08
1790679600,BTCUSDT_PERP.A,1.2202,54.96,45.04
1790679600,DOGEUSDT_PERP.A,2.488,71.33,28.67
1790679600,DOTUSDT_PERP.A,1.8986,65.5,34.5
1790679600,ETHUSDT_PERP.A,2.2873,69.58,30.42
1790679600,HBARUSDT_PERP.A,1.6589,62.39,37.61
1790679600,LINKUSDT_PERP.A,1.8217,64.56,35.44
1790679600,LTCUSDT_PERP.A,2.4048,70.63,29.37
1790679600,SOLUSDT_PERP.A,1.7412,63.52,36.48
1790679600,XLMUSDT_PERP.A,1.8604,65.04,34.96
1790679600,XRPUSDT_PERP.A,2.4083,70.66,29.34
1790679600,XTZUSDT_PERP.A,1.1529,53.55,46.45
1790683200,1000SHIBUSDT_PERP.A,1.4814,59.7,40.3
1790683200,AAVEUSDT_PERP.A,1.7739,63.95,36.05
1790683200,ADAUSDT_PERP.A,2.2394,69.13,30.87
1790683200,AVAXUSDT_PERP.A,2.4758,71.23,28.77
1790683200,BCHUSDT_PERP.A,1.8994,65.51,34.49
1790683200,BTCUSDT_PERP.A,1.2401,55.36,44.64
1790683200,DOGEUSDT_PERP.A,2.3772,70.39,29.61
1790683200,DOTUSDT_PERP.A,1.7315,63.39,36.61
1790683200,ETHUSDT_PERP.A,2.2916,69.62,30.38
1790683200,HBARUSDT_PERP.A,1.686,62.77,37.23
1790683200,LINKUSDT_PERP.A,1.8588,65.02,34.98
1790683200,LTCUSDT_PERP.A,2.3795,70.41,29.59
1790683200,SOLUSDT_PERP.A,1.7518,63.66,36.34
1790683200,XLMUSDT_PERP.A,1.9163,65.71,34.29
1790683200,XRPUSDT_PERP.A,2.4412,70.94,29.06
1790683200,XTZUSDT_PERP.A,1.1556,53.61,46.39
1790686800,1000SHIBUSDT_PERP.A,1.471,59.53,40.47
1790686800,AAVEUSDT_PERP.A,1.7601,63.77,36.23
1790686800,ADAUSDT_PERP.A,2.2701,69.42,30.58
1790686800,AVAXUSDT_PERP.A,2.4698,71.18,28.82
1790686800,BCHUSDT_PERP.A,1.8827,65.31,34.69
1790686800,BTCUSDT_PERP.A,1.2297,55.15,44.85
1790686800,DOGEUSDT_PERP.A,2.4002,70.59,29.41
1790686800,DOTUSDT_PERP.A,1.8539,64.96,35.04
1790686800,ETHUSDT_PERP.A,2.2394,69.13,30.87
1790686800,HBARUSDT_PERP.A,1.7678,63.87,36.13
1790686800,LINKUSDT_PERP.A,1.8297,64.66,35.34
1790686800,LTCUSDT_PERP.A,2.3322,69.99,30.01
1790686800,SOLUSDT_PERP.A,1.7495,63.63,36.37
1790686800,XLMUSDT_PERP.A,1.9438,66.03,33.97
1790686800,XRPUSDT_PERP.A,2.3311,69.98,30.02
1790686800,XTZUSDT_PERP.A,1.1547,53.59,46.41
1790690400,1000SHIBUSDT_PERP.A,1.4691,59.5,40.5
1790690400,AAVEUSDT_PERP.A,1.6638,62.46,37.54
1790690400,ADAUSDT_PERP.A,2.2949,69.65,30.35
1790690400,AVAXUSDT_PERP.A,2.5002,71.43,28.57
1790690400,BCHUSDT_PERP.A,1.896,65.47,34.53
1790690400,BTCUSDT_PERP.A,1.2207,54.97,45.03
1790690400,DOGEUSDT_PERP.A,2.3887,70.49,29.51
1790690400,DOTUSDT_PERP.A,1.8711,65.17,34.83
1790690400,ETHUSDT_PERP.A,2.2289,69.03,30.97
1790690400,HBARUSDT_PERP.A,1.8297,64.66,35.34
1790690400,LINKUSDT_PERP.A,1.8385,64.77,35.23
1790690400,LTCUSDT_PERP.A,2.3245,69.92,30.08
1790690400,SOLUSDT_PERP.A,1.7278,63.34,36.66
1790690400,XLMUSDT_PERP.A,1.9121,65.66,34.34
1790690400,XRPUSDT_PERP.A,2.3367,70.03,29.97
1790690400,XTZUSDT_PERP.A,1.1964,54.47,45.53
1790694000,1000SHIBUSDT_PERP.A,1.4777,59.64,40.36
1790694000,AAVEUSDT_PERP.A,1.5927,61.43,38.57
1790694000,ADAUSDT_PERP.A,2.2605,69.33,30.67
1790694000,AVAXUSDT_PERP.A,2.4965,71.4,28.6
1790694000,BCHUSDT_PERP.A,1.8547,64.97,35.03
1790694000,BTCUSDT_PERP.A,1.2406,55.37,44.63
1790694000,DOGEUSDT_PERP.A,2.3818,70.43,29.57
1790694000,DOTUSDT_PERP.A,1.8514,64.93,35.07
1790694000,ETHUSDT_PERP.A,2.2733,69.45,30.55
1790694000,HBARUSDT_PERP.A,1.8514,64.93,35.07
1790694000,LINKUSDT_PERP.A,1.849,64.9,35.1
1790694000,LTCUSDT_PERP.A,2.3124,69.81,30.19
1790694000,SOLUSDT_PERP.A,1.7005,62.97,37.03
1790694000,XLMUSDT_PERP.A,1.924,65.8,34.2
1790694000,XRPUSDT_PERP.A,2.3102,69.79,30.21
1790694000,XTZUSDT_PERP.A,1.2202,54.96,45.04
1790697600,1000SHIBUSDT_PERP.A,1.4988,59.98,40.02
1790697600,AAVEUSDT_PERP.A,1.5615,60.96,39.04
1790697600,ADAUSDT_PERP.A,2.3933,70.53,29.47
1790697600,AVAXUSDT_PERP.A,2.775,73.51,26.49
1790697600,BCHUSDT_PERP.A,1.8273,64.63,35.37
1790697600,BTCUSDT_PERP.A,1.3838,58.05,41.95
1790697600,DOGEUSDT_PERP.A,2.4868,71.32,28.68
1790697600,DOTUSDT_PERP.A,1.8893,65.39,34.61
1790697600,ETHUSDT_PERP.A,2.5932,72.17,27.83
1790697600,HBARUSDT_PERP.A,1.8474,64.88,35.12
1790697600,LINKUSDT_PERP.A,1.9172,65.72,34.28
1790697600,LTCUSDT_PERP.A,2.3356,70.02,29.98
1790697600,SOLUSDT_PERP.A,1.7925,64.19,35.81
1790697600,XLMUSDT_PERP.A,1.8794,65.27,34.73
1790697600,XRPUSDT_PERP.A,2.4235,70.79,29.21
1790697600,XTZUSDT_PERP.A,1.2095,54.74,45.26
1790701200,1000SHIBUSDT_PERP.A,1.5126,60.2,39.8
1790701200,AAVEUSDT_PERP.A,1.5387,60.61,39.39
1790701200,ADAUSDT_PERP.A,2.3501,70.15,29.85
1790701200,AVAXUSDT_PERP.A,2.7369,73.24,26.76
1790701200,BCHUSDT_PERP.A,1.8169,64.5,35.5
1790701200,BTCUSDT_PERP.A,1.4172,58.63,41.37
1790701200,DOGEUSDT_PERP.A,2.4758,71.23,28.77
1790701200,DOTUSDT_PERP.A,1.8653,65.1,34.9
1790701200,ETHUSDT_PERP.A,2.6751,72.79,27.21
1790701200,HBARUSDT_PERP.A,1.8612,65.05,34.95
1790701200,LINKUSDT_PERP.A,1.9682,66.31,33.69
1790701200,LTCUSDT_PERP.A,2.2852,69.56,30.44
1790701200,SOLUSDT_PERP.A,1.8114,64.43,35.57
1790701200,XLMUSDT_PERP.A,1.9121,65.66,34.34
1790701200,XRPUSDT_PERP.A,2.5249,71.63,28.37
1790701200,XTZUSDT_PERP.A,1.2031,54.61,45.39
1790704800,1000SHIBUSDT_PERP.A,1.5195,60.31,39.69
1790704800,AAVEUSDT_PERP.A,1.5419,60.66,39.34
1790704800,ADAUSDT_PERP.A,2.3523,70.17,29.83
1790704800,AVAXUSDT_PERP.A,2.7651,73.44,26.56
1790704800,BCHUSDT_PERP.A,1.8241,64.59,35.41
1790704800,BTCUSDT_PERP.A,1.4319,58.88,41.12
1790704800,DOGEUSDT_PERP.A,2.465,71.14,28.86
1790704800,DOTUSDT_PERP.A,1.8694,65.15,34.85
1790704800,ETHUSDT_PERP.A,2.7078,73.03,26.97
1790704800,HBARUSDT_PERP.A,1.8794,65.27,34.73
1790704800,LINKUSDT_PERP.A,1.9771,66.41,33.59
1790704800,LTCUSDT_PERP.A,2.5984,72.21,27.79
1790704800,SOLUSDT_PERP.A,1.8273,64.63,35.37
1790704800,XLMUSDT_PERP.A,1.9036,65.56,34.44
1790704800,XRPUSDT_PERP.A,2.5676,71.97,28.03
1790704800,XTZUSDT_PERP.A,1.1988,54.52,45.48
1790708400,1000SHIBUSDT_PERP.A,1.5038,60.06,39.94
1790708400,AAVEUSDT_PERP.A,1.5947,61.46,38.54
1790708400,ADAUSDT_PERP.A,2.33,69.97,30.03
1790708400,AVAXUSDT_PERP.A,2.8402,73.96,26.04
1790708400,BCHUSDT_PERP.A,1.8177,64.51,35.49
1790708400,BTCUSDT_PERP.A,1.4096,58.5,41.5
1790708400,DOGEUSDT_PERP.A,2.4614,71.11,28.89
1790708400,DOTUSDT_PERP.A,1.8177,64.51,35.49
1790708400,ETHUSDT_PERP.A,2.712,73.06,26.94
1790708400,HBARUSDT_PERP.A,1.9525,66.13,33.87
1790708400,LINKUSDT_PERP.A,2.0139,66.82,33.18
1790708400,LTCUSDT_PERP.A,2.5842,72.1,27.9
1790708400,SOLUSDT_PERP.A,1.8043,64.34,35.66
1790708400,XLMUSDT_PERP.A,1.9078,65.61,34.39
1790708400,XRPUSDT_PERP.A,2.5842,72.1,27.9
1790708400,XTZUSDT_PERP.A,1.1954,54.45,45.55
1790712000,1000SHIBUSDT_PERP.A,1.5151,60.24,39.76
1790712000,AAVEUSDT_PERP.A,1.6261,61.92,38.08
1790712000,ADAUSDT_PERP.A,2.3069,69.76,30.24
1790712000,AVAXUSDT_PERP.A,2.7965,73.66,26.34
1790712000,BCHUSDT_PERP.A,1.809,64.4,35.6
1790712000,BTCUSDT_PERP.A,1.3901,58.16,41.84
1790712000,DOGEUSDT_PERP.A,2.4674,71.16,28.84
1790712000,DOTUSDT_PERP.A,1.805,64.35,35.65
1790712000,ETHUSDT_PERP.A,2.6819,72.84,27.16
1790712000,HBARUSDT_PERP.A,1.9709,66.34,33.66
1790712000,LINKUSDT_PERP.A,2.0039,66.71,33.29
1790712000,LTCUSDT_PERP.A,2.5625,71.93,28.07
1790712000,SOLUSDT_PERP.A,1.7816,64.05,35.95
1790712000,XLMUSDT_PERP.A,1.9394,65.98,34.02
1790712000,XRPUSDT_PERP.A,2.5524,71.85,28.15
1790712000,XTZUSDT_PERP.A,1.207,54.69,45.31
1790715600,1000SHIBUSDT_PERP.A,1.5183,60.29,39.71
1790715600,AAVEUSDT_PERP.A,1.6589,62.39,37.61
1790715600,ADAUSDT_PERP.A,2.2776,69.49,30.51
1790715600,AVAXUSDT_PERP.A,2.8095,73.75,26.25
1790715600,BCHUSDT_PERP.A,1.8129,64.45,35.55
1790715600,BTCUSDT_PERP.A,1.3929,58.21,41.79
1790715600,DOGEUSDT_PERP.A,2.4795,71.26,28.74
1790715600,DOTUSDT_PERP.A,1.8265,64.62,35.38
1790715600,ETHUSDT_PERP.A,2.6928,72.92,27.08
1790715600,HBARUSDT_PERP.A,1.9412,66,34
1790715600,LINKUSDT_PERP.A,2.0257,66.95,33.05
1790715600,LTCUSDT_PERP.A,2.5676,71.97,28.03
1790715600,SOLUSDT_PERP.A,1.7871,64.12,35.88
1790715600,XLMUSDT_PERP.A,1.8329,64.7,35.3
1790715600,XRPUSDT_PERP.A,2.5499,71.83,28.17
1790715600,XTZUSDT_PERP.A,1.1887,54.31,45.69
1790719200,1000SHIBUSDT_PERP.A,1.5284,60.45,39.55
1790719200,AAVEUSDT_PERP.A,1.6455,62.2,37.8
1790719200,ADAUSDT_PERP.A,2.2584,69.31,30.69
1790719200,AVAXUSDT_PERP.A,2.7836,73.57,26.43
1790719200,BCHUSDT_PERP.A,1.8043,64.34,35.66
1790719200,BTCUSDT_PERP.A,1.3935,58.22,41.78
1790719200,DOGEUSDT_PERP.A,2.459,71.09,28.91
1790719200,DOTUSDT_PERP.A,1.8201,64.54,35.46
1790719200,ETHUSDT_PERP.A,2.7202,73.12,26.88
1790719200,HBARUSDT_PERP.A,1.9214,65.77,34.23
1790719200,LINKUSDT_PERP.A,2.0139,66.82,33.18
1790719200,LTCUSDT_PERP.A,2.5651,71.95,28.05
1790719200,SOLUSDT_PERP.A,1.7988,64.27,35.73
1790719200,XLMUSDT_PERP.A,1.8082,64.39,35.61
1790719200,XRPUSDT_PERP.A,2.5448,71.79,28.21
1790719200,XTZUSDT_PERP.A,1.1768,54.06,45.94
1790722800,1000SHIBUSDT_PERP.A,1.54,60.63,39.37
1790722800,AAVEUSDT_PERP.A,1.6645,62.47,37.53
1790722800,ADAUSDT_PERP.A,2.2321,69.06,30.94
1790722800,AVAXUSDT_PERP.A,2.7779,73.53,26.47
1790722800,BCHUSDT_PERP.A,1.7941,64.21,35.79
1790722800,BTCUSDT_PERP.A,1.3872,58.11,41.89
1790722800,DOGEUSDT_PERP.A,2.4698,71.18,28.82
1790722800,DOTUSDT_PERP.A,1.8177,64.51,35.49
1790722800,ETHUSDT_PERP.A,2.73,73.19,26.81
1790722800,HBARUSDT_PERP.A,1.8694,65.15,34.85
1790722800,LINKUSDT_PERP.A,2.0093,66.77,33.23
1790722800,LTCUSDT_PERP.A,2.5587,71.9,28.1
1790722800,SOLUSDT_PERP.A,1.7785,64.01,35.99
1790722800,XLMUSDT_PERP.A,1.8082,64.39,35.61
1790722800,XRPUSDT_PERP.A,2.5702,71.99,28.01
1790722800,XTZUSDT_PERP.A,1.1867,54.27,45.73
