transition,split,n,edge_pct,raw_pct,win_pct,years_positive,years
BOTH,train 2022-23,25,1.8776417204644444,2.065050773291245,40.0,2,2
BOTH,test 2024-26,26,-2.703739957027148,-2.4746881901939157,30.76923076923077,0,3
BOTH,all,51,-0.45796462492342604,-0.24932595319138595,35.294117647058826,2,5
Calm -> Stress,train 2022-23,19,1.316463022445678,1.6234561744526976,36.84210526315789,1,2
Calm -> Stress,test 2024-26,10,-2.6109879799901896,-2.4566890577046205,40.0,0,2
Calm -> Stress,all,29,-0.037830426670138674,0.21650954267431205,37.93103448275862,1,4
Trend up -> Calm,train 2022-23,6,3.6547075975238736,3.4634336696133117,50.0,2,2
Trend up -> Calm,test 2024-26,16,-2.7617099426752465,-2.4859376479997253,25.0,0,3
Trend up -> Calm,all,22,-1.0117778862573052,-0.8633818341052606,31.818181818181817,2,5
BOTH,2022,10,3.0371756527413036,2.106440036392315,40.0,1,1
BOTH,2023,15,1.1046190989465388,2.037457931223865,40.0,1,1
BOTH,2024,11,-4.822828119756129,-4.109460865133856,27.27272727272727,0,1
BOTH,2025,12,-1.1109866899115541,-1.2068812497227375,33.33333333333333,0,1
BOTH,2026,3,-1.3047630954832579,-1.5517494772988507,33.33333333333333,0,1
